Co%,Ir%,Ti%,Overpotential,Dissolution_Ir193 (S001),Dissolution_Co59 (S001),Dissolution_Ti47 (S001),Overpotential_std,Dissolution_Ir193 (S001)_std,Dissolution_Co59 (S001)_std,Dissolution_Ti47 (S001)_std
0,0,100,377.93336410374985,2.1861256431574327,58.607630675556365,15.672232408582301,29.03698129034307,2.7020945545080512,101.16044279559037,8.9961020382067
1,0,99,378.03339476109943,2.179229893718803,58.47979856989447,15.670634106988707,29.010366052524116,2.6944521938580612,101.15194775030852,8.992331475639407
2,0,98,378.136036222304,2.172501574023615,58.34441498256692,15.669297277753817,28.981713676555387,2.686472331392343,101.14223697105042,8.988189635793034
3,0,97,378.24128693776527,2.1659630703882153,58.20120663060733,15.668260777095208,28.950893546546443,2.6781444756948134,101.13115101916738,8.983644491946292
4,0,96,378.34914018010056,2.1596380314508226,58.04991758456754,15.667567150353872,28.917770754132544,2.669458427087495,101.11851284348378,8.978662077862005
5,0,95,378.45958398110463,2.1535513706065434,57.890314937974466,15.667262922274148,28.882206728906553,2.6604043939465827,101.10412661163504,8.97320653501279
6,0,94,378.57260114355444,2.1477292549898386,57.72219530283138,15.667398909085176,28.84406005376984,2.6509731267946504,101.0877766675013,8.967240203507421
7,0,93,378.68816934065325,2.1421990783509806,57.54539220355781,15.668030554610374,28.803187494400362,2.641156072124602,101.06922668504599,8.96072376604928
8,0,92,378.8062613160549,2.136989414919663,57.35978443917794,15.669218293016339,28.75944527454456,2.630945547969776,101.04821910497574,8.953616455426387
9,0,91,378.92684519695615,2.132129951138581,57.16530547795212,15.671027941266441,28.71269063095814,2.6203349432343734,101.02447495853572,8.945876337169578
10,0,90,379.04988493145004,2.1276513920151277,56.96195393918417,15.673531124870264,28.66278368325908,2.6093189427124894,100.99769420205398,8.937460680041996
11,0,89,379.1753408588884,2.123585338825972,56.74980520270907,15.676805741118114,28.609589654328683,2.5978937795183175,100.96755670585732,8.928326427827834
12,0,88,379.3031704180134,2.119964135075407,56.529024166554535,15.68093646465162,28.552981475697948,2.586057516281675,100.93372406078129,8.918430786321336
13,0,87,379.4333289915961,2.1168206780304213,56.299879146417965,15.68601530092757,28.492842808946826,2.5738103558790826,100.89584238303392,8.907731939280417
14,0,86,379.5657708776562,2.114188193927887,56.06275687584797,15.692142193846156,28.429071507730388,2.5611549816083174,100.8535463113078,8.896189906151287
15,0,85,379.700450365289,2.1120999761876953,55.81817852242122,15.699425694475092,28.361583534678662,2.5480969255009556,100.80646439562356,8.883767552279801
16,0,84,379.837322876799,2.110589087804185,55.56681658204363,15.707983698311946,28.29031733200215,2.5346449618229863,100.75422607136723,8.870431758731467
17,0,83,379.97634611619,2.1096880316787026,55.30951245047717,15.717944258744247,28.21523862297793,2.5208115206558013,100.69647038933864,8.856154753324203
18,0,82,380.11748113589744,2.1094283961557396,55.04729439862989,15.729446484085635,28.136345592380408,2.5066131137029597,100.63285662747116,8.840915596586656
19,0,81,380.2606931976959,2.109840487583542,54.78139559725865,15.742641524497966,28.053674356283224,2.4920707610770476,100.56307683573073,8.824701805654538
20,0,80,380.405952258726,2.110952967450869,54.51327174990321,15.75769365286772,27.96730458479002,2.47721040377218,100.4868702560568,8.807511085255948
21,0,79,380.55323285856264,2.1127925185949428,54.2446178038811,15.774781439783258,27.87736508515362,2.462063281877837,100.4040394085125,8.789353117748583
22,0,78,380.70251311782874,2.1153835730416666,53.9773831233978,15.794099016518011,27.78403908857262,2.446666253502204,100.31446743993368,8.770251343822082
23,0,77,380.85377248392894,2.1187481429409876,53.71378443320789,15.815857410588077,27.68756891457077,2.4310620241610703,100.21813609361419,8.75024464264472
24,0,76,381.0069877780673,2.1229058052279126,53.45631578401648,15.840285925128375,27.58825961744356,2.4152992515594653,100.1151433862302,8.729388796315638
25,0,75,381.1621270162582,2.1278738991353463,53.207754760705654,15.867633515059513,27.486481157869076,2.3994324869882635,100.00571978945835,8.707757600818386
26,0,74,381.3191404069273,2.1336680021294896,52.97116415955725,15.89817008887313,27.382668600781276,2.383521912968021,99.89024143935946,8.685443467697825
27,0,73,381.47794788696774,2.140302752377381,52.74988840638109,15.932187634116836,27.277319832594074,2.367632838515832,99.76923868185052,8.662557351985177
28,0,72,381.63842257282624,2.1477930822110305,52.54754407430539,15.97000102701146,27.170990333907557,2.3518349198451176,99.64339816699778,8.639227848020715
29,0,71,381.8003696077516,2.1561559146892804,52.36800398075124,16.011948342516966,27.064284655556424,2.336201086748347,99.5135567983867,8.615599321736752
30,0,70,381.96350012157427,2.165412351834357,52.21537448060491,16.058390432093855,26.957844441147934,2.3208061743383075,99.38068619763399,8.591829001034597
31,0,69,382.1274004270614,2.1755903466057442,52.09396569850615,16.10970948531984,26.852333125251405,2.3057252864667794,99.24586701456923,8.56808302831903
32,0,68,382.2914971894364,2.186727800643022,52.00825451913819,16.166306243032906,26.748417806313437,2.291031949988606,99.11025341917514,8.544531590005143
33,0,67,382.4550201309404,2.1988759677760545,51.962840136426934,16.228595490146287,26.64674921969057,2.276796155346946,98.97502940473287,8.521343369342587
34,0,66,382.6169648352099,2.2121029734233617,51.962391809024766,16.29699943363447,26.547941165796292,2.2630824139259347,98.8413599739285,8.498679705359338
35,0,65,382.77605930149383,2.22649718928206,52.01158815253221,16.371938574362463,26.452551102485614,2.249947989520966,98.7103416289425,8.476688957679311
36,0,64,382.9307389023317,2.2421701405566528,52.1150468174626,16.453819719539542,26.361063793771336,2.237441472279715,98.5829575162732,8.455501643952218
37,0,63,383.07913509586257,2.2592585799304903,52.27724279337606,16.543020863831774,26.27387982643591,2.225601851344569,98.4600427392,8.435226903493012
38,0,62,383.219083382047,2.277925348343884,52.502412927619346,16.63987279764305,26.191310403748655,2.2144582030418953,98.34226448396085,8.415950727474236
39,0,61,383.3481553427628,2.298358664307958,52.794443683400985,16.744637483478,26.11357911070611,2.204030046378937,98.23011966485977,8.397736183861241
40,0,60,383.46371803440263,2.3207695433397264,53.156738861260905,16.857483473798098,26.040830417723264,2.1943283357332186,98.12395004960774,8.380625584286733
41,0,59,383.5630215306969,2.3453871445916232,53.59206417750488,16.978458919042357,25.97314373499904,2.1853569776380537,98.02397187155441,8.364644248061053
42,0,58,383.64331225985285,2.372451966412995,54.10236645659296,17.10746301920091,25.910551077730652,2.177114693482011,97.93031455192164,8.349805288131577
43,0,57,383.70196634801584,2.402206958188586,54.6885669693402,17.244217087671768,25.85305605538392,2.1695970192604044,97.84306206105985,8.33611473948103
44,0,56,383.736634003846,2.4348867743989295,55.35033131202677,17.388236699492065,25.800652053521834,2.1627982450705643,97.76229101135141,8.323576403369836
45,0,55,383.74538361678253,2.470705561508268,56.085822257433236,17.53880666400932,25.753338076464853,2.15671314607217,97.68810162138271,8.312195972743668
46,0,54,383.7268331570224,2.5098438317905822,56.89144713837162,17.694960773574525,25.71113155558924,2.151338426266507,97.62064050956397,8.301984268832824
47,0,53,383.68025690906643,2.5524351302516486,57.761617224706015,17.855468417482406,25.674078207733952,2.146673862861456,97.56011683765571,8.292959662716143
48,0,52,383.6056575109444,2.598553325457038,58.68854259336628,18.018830197895955,25.6422594729742,2.1427231795723034,97.50681464738176,8.285149889624654
49,0,51,383.5037963928529,2.6482014306309627,59.662091207356525,18.1832846201831,25.615798011186623,2.1394946788244082,97.46110374518763,8.27859343705997
50,0,50,383.3761794902962,2.7013028640103314,60.66974409442605,18.34682771910579,25.59486121938542,2.1370016273141346,97.42344928141088,8.273340509220043
51,0,49,383.2249989541992,2.7576959679569764,61.6966783419216,18.50724707373172,25.579661971417863,2.1352623344023582,97.39441704295292,8.269453312007423
52,0,48,383.05303497857676,2.817132417822669,62.7260049738898,18.662170999171316,25.570455144369213,2.1342998172173826,97.37466876356515,8.26700518302547
53,0,47,382.863524495532,2.87927987440934,63.73917901340714,18.809132737977002,25.56752837082918,2.1341409406131437,97.36494090001369,8.266078035488313
54,0,46,382.6600052703957,2.943728896001362,64.71658429147105,18.945648209330177,25.571186098243658,2.134814973919556,97.36600232270712,8.26675777791633
55,0,45,382.44614499676175,3.0100037680111775,65.63827691404842,19.06930438509828,25.581727424212847,2.1363516173768895,97.37859122960646,8.26912780854979
56,0,44,382.2255655775413,3.077576575596231,66.48485074603865,19.177853810556204,25.59941995088128,2.138778690446714,97.40333806489463,8.273261251742298
57,0,43,382.0016730912462,3.145883578799008,67.23836857261006,19.269309410746395,25.624473446636177,2.1421197932223244,97.44068706981314,8.279213106580315
58,0,42,381.77750404108747,3.2143427823686253,67.88328692219346,19.342032793419364,25.657017769052057,2.1463923002210716,97.4908318866797,8.287013706028759
59,0,41,381.5555982174699,3.2823715412873273,68.40729398166772,19.394809025396988,25.697088891186812,2.151605992589225,97.55367883415926,8.296664707325638
60,0,40,381.33790754739067,3.3494031109725055,68.80198105248631,19.426901481607022,25.744625050980446,2.157762486696267,97.62884522571431,8.308138268499013
61,0,39,381.12574829474386,3.4149012259674625,69.0632797597335,19.438081862055803,25.7994725607576,2.1648554186541227,97.71569135689651,8.32137928402135
62,0,38,380.9198007104459,3.478372046590633,69.19161910727428,19.428632689097896,25.861398497043925,2.1728711612563822,97.81337652113187,8.33630981661606
63,0,37,380.72015584303506,3.5393731124014582,69.19178583597676,19.399322229590066,25.93010610429219,2.1817897426125543,97.92092439652514,8.352834415696618
64,0,36,380.52640424451664,3.597519241765699,69.07250403940239,19.35135443479803,26.005248687880837,2.191585635456948,98.03728281596783,8.370844983958225
65,0,35,380.33775659145033,3.6524855775492258,68.84578038573082,19.286298751968832,26.08643894603081,2.2022281844514686,98.16136693778769,8.390224213668928
66,0,34,380.1531827224818,3.7040081692806806,68.52608462679632,19.206006217712034,26.173252594898557,2.2136815950571043,98.2920813736891,8.41084720568698
67,0,33,379.9715540106494,3.751882587003597,68.12944781330856,19.112518925477307,26.26522710235622,2.225904567237261,98.42832352549586,8.432581495346561
68,0,32,379.7917746591006,3.795961083898462,67.67256144574122,19.00797976579249,26.361857777991613,2.2388497728684413,98.56897521053345,8.455286156297698
69,0,31,379.61289023575546,3.836148780502168,67.17195070201949,18.89454841138021,26.462594049003258,2.25246342108478,98.71289156728257,8.478810836316196
70,0,30,379.43416590748717,3.8723992582169746,66.64327683788392,18.774328096020856,26.566838476529302,2.2666851300826805,98.85889528328163,8.502995496785593
71,0,29,379.2551315158152,3.9047098501435102,66.10080183196473,18.64930608522752,26.673950173363266,2.2814482465642603,99.00578126171563,8.527671355599818
72,0,28,379.07559497568445,3.9331168245759294,65.55702635606696,18.52130910698947,26.78325312752958,2.296680654232649,99.15233317946576,8.552663182837332
73,0,27,378.8956288117214,3.957690583978704,65.0224933994633,18.391973593097024,26.894048857030494,2.312306018879401,99.29735011526601,8.57779277493553
74,0,26,378.7155366349363,3.978530954409309,64.50573629319176,18.262729492462583,27.005632053193633,2.328245349469932,99.43967926298676,8.6028832073376
75,0,25,378.5358070009115,3.995762614729225,64.01334204894847,18.13479570028886,27.11730750817257,2.344418720715197,99.57824992246083,8.627763364973795
76,0,24,378.3570616215593,4.009530705175613,63.550098336596164,18.009184783565196,27.22840663897115,2.3607470012319998,99.71210430728813,8.652272264003813
77,0,23,378.1800036992772,4.019996653551931,63.11919389046945,17.886714616496185,27.33830221207402,2.3771534542942545,99.84042182770706,8.67626277346982
78,0,22,378.0053706020393,4.027334258178659,62.722446229623145,17.768024691594892,27.44642030953862,2.3935651146636516,99.96253495000019,8.69960448123801
79,0,21,377.83389352193427,4.031726065758942,62.36053596232469,17.653595163255282,27.55224904234898,2.409913885164773,100.07793613221524,8.722185589072547
80,0,20,377.66626537556226,4.033360077699351,62.03323256543652,17.54376703992018,27.655343927034608,2.426137333279911,100.18627645451885,8.743913842244057
81,0,19,377.50311712468493,4.032426810225824,61.739601678977465,17.438762313340582,27.755330152734466,2.4421791969629645,100.28735730290961,8.76471658729558
82,0,18,377.3450019465848,4.029116722971329,61.47818825321876,17.338703160989187,27.851902166315067,2.4579896287198437,100.38111683339005,8.784540105071885
83,0,17,377.1923862362673,4.023618019100417,61.247173200095546,17.243629658318262,27.944821103037935,2.4735252182938248,100.46761300808274,8.803348389002386
84,0,16,377.0456462182902,4.016114808895143,61.044503569959446,17.153515681719675,28.033910611094754,2.4887488385960443,100.54700484733655,8.821121538210319
85,0,15,376.90506891768075,4.006785619114173,60.867997828839634,17.068282870201095,28.119051584600104,2.503629358762621,100.61953327247782,8.837853919213465
86,0,14,376.7708563250141,3.9958022229636865,60.71542871698203,16.987812648976238,28.200176253729087,2.5181412642396213,100.68550259579793,8.85355222577274
87,0,13,376.64313173963717,3.9833287603896004,60.584586593179495,16.911956409293072,28.277262000370584,2.5322642181114943,100.74526339947745,8.868233539213346
88,0,12,376.5219474498526,3.9695211155151218,60.47332625818328,16.84054399472495,28.35032518550141,2.5459825916164895,100.79919726496506,8.88192346495614
89,0,11,376.4072930845579,3.9545265171086927,60.37960012326536,16.773390673325995,28.419415198349945,2.559284985677454,100.84770358411424,8.894654397230887
90,0,10,376.2991041323465,3.9384833285852845,60.30148033702643,16.710302784979973,28.484608871491627,2.5721637597536455,100.89118850689405,8.90646394403295
91,0,9,376.197270263798,3.921520995807477,60.23717216941431,16.65108225011196,28.54600535185374,2.584614579596587,100.93005595435143,8.9173935285802
92,0,8,376.1016432081135,3.9037601234831287,60.185020620292875,16.59553011450804,28.603721475063374,2.5966359916242827,100.96470054258793,8.92748717159373
93,0,7,376.01204402696493,3.8853126539286142,60.14351189837852,16.543449288898522,28.657887658548862,2.608229028573069,100.99550221533124,8.936790450175847
94,0,6,375.92826969881213,3.8662821251239463,60.11127112085346,16.494646623775235,28.708644305753996,2.6193968487543002,101.0228223608546,8.945349623305717
95,0,5,375.8500989790951,3.846763988136291,60.08705732228715,16.44893444137586,28.756138698089003,2.6301444095228876,101.04700118607228,8.953210910429906
96,0,4,375.77729753892544,3.826845966997772,60.06975663613058,16.406131628991048,28.80052234125206,2.64047817434325,101.06835613043006,8.960419907759986
97,0,3,375.70962241026393,3.80660844690698,60.05837432215583,16.366064381383232,28.841948726927043,2.650405852010991,101.0871811198536,8.967021126248241
98,0,2,375.6468257817988,3.786124879133187,60.05202615608117,16.328566665472117,28.880571468437974,2.6599361660644565,101.10374648286636,8.97305763542598
99,0,1,375.58865819911557,3.765462193219197,60.04992956960474,16.293480467644923,28.916542768784307,2.6690786521232455,101.11829937442903,8.978570798067667
100,0,0,375.534871227131,3.7446812090031387,60.05139482622205,16.2606558730508,28.95001218086257,2.6778434807592957,101.13106457630685,8.983600081768005
0,1,99,378.03168363023786,2.1739987182513465,58.48106958124181,15.664689426533954,29.012660783149585,2.6950975337491907,101.15270563169976,8.99266076034992
1,1,98,378.13523952672415,2.166931606545556,58.34384223633677,15.662897484424608,28.983881614251057,2.68706554446276,101.1429944725042,8.988506624092388
2,1,97,378.24147926705376,2.1600401217513014,58.19844778414078,15.661375705245185,28.952883156141347,2.6786750887487267,101.13188484399043,8.983940674886657
3,1,96,378.35039793280765,2.1533478738339715,58.044586020124044,15.660164982215889,28.91952132819,2.6699147212962835,101.11919188203397,8.978927038505903
4,1,95,378.4619849975739,2.146879827537952,57.88197537353636,15.659310122763253,28.883647128625753,2.6607732832158706,101.10471007663531,8.973427626996559
5,1,94,378.57622428487554,2.140662305393062,57.71035917100073,15.658860158835378,28.84510731826594,2.651240027661958,101.08821187218803,8.967402187290654
6,1,93,378.6930940163837,2.134722975511545,57.529512834164166,15.658868680966215,28.803745313696083,2.641304765516836,101.0694464139504,8.960808399757507
7,1,92,378.8125669665124,2.129090821019404,57.33925209669694,15.659394198667442,28.75940232445861,2.6309580334969036,101.04813852550124,8.953602037739397
8,1,91,378.9346107400154,2.1237960876245636,57.13944232355395,15.660500530212019,28.711918772121365,2.6201912871502,101.02398802202846,8.945737200589228
9,1,90,379.0591881891024,2.118870205521073,56.9300090095214,15.662257225455145,28.661136032035692,2.608997121258822,100.99666948677925,8.93716663419149
10,1,89,379.1862579855715,2.1143456816032606,56.710949523674685,15.664740026025779,28.606898540818552,2.5973695201109037,100.96583266246694,8.927842154308049
11,1,88,379.3157753611642,2.1102559578681874,56.482346150328894,15.668031368019923,28.54905631363871,2.5853041399223433,100.93110363505936,8.917715189214604
12,1,87,379.44769302530716,2.106635231992039,56.24438045410574,15.672220933234701,28.487467914633534,2.572798625315374,100.89208701280985,8.906737458797947
13,1,86,379.58196226302607,2.1035182364680063,55.99734896553228,15.677406255983996,28.42200392042815,2.5598529611326817,100.8483693265631,8.894861807322243
14,1,85,379.7185342063371,2.100939973511028,55.74168014277545,15.683693393599945,28.352550909761135,2.5464698599008684,100.79952389529673,8.88204320612409
15,1,84,379.8573612589028,2.098935404314953,55.47795251347996,15.691197669786485,28.279016000404017,2.5326551838598377,100.74511740947219,8.868239940158388
16,1,83,379.99839863501694,2.0975390933683915,55.20691383726901,15.700044500947424,28.201331936443697,2.5184183985370674,100.68471847871582,8.853414988101994
17,1,82,380.1416059486527,2.096784811598413,54.92950105387503,15.710370316300779,28.119462702951587,2.5037730522528707,100.61790836293434,8.837537599063591
18,1,81,380.2869487547123,2.0967051063357927,54.64686069449108,15.722323582770017,28.033409609398124,2.4887372725841725,100.54429404919921,8.82058505922863
19,1,80,380.4343999008924,2.097330851695415,54.360369336352264,15.736065944966754,27.943217736318346,2.4733342666018747,100.46352374168518,8.802544628371786
20,1,79,380.5839404927684,2.0986908001186952,54.07165357590539,15.751773488568077,27.848982580560204,2.4575928065928005,100.37530468949744,8.783415608573211
21,1,78,380.7355602050129,2.100811164618705,53.78260888926728,15.769638131403987,27.750856662714483,2.4415476770331734,100.27942307938989,8.76321148539229
22,1,77,380.88925658695825,2.1037152716272853,53.49541664723782,15.78986913978018,27.649055777319006,2.4252400519895634,100.17576546238087,8.741962055331568
23,1,76,381.0450329113252,2.10742333592886,53.21255846534575,15.812694756944413,27.543864475750006,2.4087177652814695,100.064340866433,8.719715423510532
24,1,75,381.20289400394006,2.1119524212588727,52.93682700845541,15.838363914960608,27.435640280173995,2.3920354293138377,99.94530238282745,8.696539723915592
25,1,74,381.36283937732566,2.117316661518154,52.67133234629145,15.867147979265138,27.324816045441363,2.375254353474114,99.81896662687599,8.672524384577788
26,1,73,381.5248528868002,2.1235278263612103,52.41950298169175,15.899342445545873,27.211899829991566,2.3584422107446943,99.68582910769963,8.647780736318797
27,1,72,381.6888880584455,2.1305963186352943,52.18508075447188,15.935268470243294,27.097471627087415,2.3416724034008958,99.54657326168571,8.622441752737203
28,1,71,381.85484824033796,2.138532686649321,51.972108960082764,15.975274068431151,26.982176368067208,2.3250230872534967,99.40207079569248,8.596660718743122
29,1,70,382.0225608509376,2.1473497180508314,51.78491320204198,16.019734756590488,26.866712764814586,2.3085758307141075,99.25337115026541,8.570608663691802
30,1,69,382.19174530092147,2.1570651508484096,51.62807469403201,16.069053354828043,26.75181783032336,2.2924139113920203,99.10167843259676,8.54447047063323
31,1,68,382.3619747084434,2.16770498843668,51.506395899036264,16.123658597345397,26.63824731362672,2.2766202892556437,98.94831516267178,8.518439689718182
32,1,67,382.5326323603224,2.1793073389143034,51.42485848236804,16.184002137654343,26.526752796850985,2.2612753400368897,98.79467364298864,8.492712239225513
33,1,66,382.70286500291667,2.1919266171150436,51.38857349942231,16.250553484695057,26.41805678463591,2.246454481339603,98.64215761730604,8.467479359824114
34,1,65,382.8715364203055,2.205637857009883,51.402723479599146,16.323792378136194,26.312827687547415,2.232225869573913,98.49211889781645,8.442920371626277
35,1,64,383.03718622649546,2.220540792852337,51.47249556980921,16.404198117343384,26.211657041230325,2.218648378293846,98.34579542501922,8.419195931553814
36,1,63,383.19800011421324,2.2367632929960006,51.60300416966744,16.492235410331176,26.11504146953923,2.2057700763049746,98.20425827293852,8.396442554678949
37,1,62,383.35179863459564,2.2544636849072863,51.79920058688073,16.58833641645912,26.02337166325233,2.1936273971063667,98.06837491283066,8.374769104738665
38,1,61,383.4960515718511,2.2738315055015206,52.06576628966722,16.692878826593976,25.936929940687925,2.1822451254990716,97.93879427350956,8.354255752812923
39,1,60,383.6279238279143,2.2950862542548673,52.406985519341646,16.806160059205016,25.855896833016907,2.171637227751902,97.81595584999437,8.334955562861678
40,1,59,383.7443563101491,2.318473817231546,52.826592589182624,16.928367946539183,25.780365788656656,2.1618084352124867,97.70012089982727,8.316898448174774
41,1,58,383.84218173318095,2.3442603612362216,53.32758941285674,17.059548630416014,25.71036382989433,2.152756383553599,97.59141967838289,8.30009685236036
42,1,57,383.9182708981278,2.372723657937695,53.912029975606345,17.199572763174462,25.645875166714983,2.144474039110254,97.48990592512325,8.284552252609222
43,1,56,383.9697005369036,2.404141977265788,54.58077087742605,17.348101489970666,25.586864633501822,2.136952130562876,97.39560936712085,8.270261543766674
44,1,55,383.9939299769391,2.4387808798345056,55.33319098161978,17.504554044638272,25.53329841657448,2.130181352640098,97.3085790909947,8.257222556543681
45,1,54,383.9889714324039,2.47687843445248,56.16688870810083,17.668079095293738,25.485160687906596,2.124154202578812,97.22891458842473,8.245438329355334
46,1,53,383.9535381909528,2.5186295826496816,57.077372493845786,17.837532207276453,25.44246605752639,2.1188664178508487,97.15678571324453,8.234920164264619
47,1,52,383.887156513415,2.56417055451192,58.05776791570237,18.01146193678827,25.40526874279237,2.1143180678686946,97.09244605565453,8.225689805585029
48,1,51,383.7902304524791,2.613564385320347,59.098572987675624,18.18810711600996,25.373669664052585,2.1105143835808287,97.03624503590414,8.217781168632776
49,1,50,383.6640534127874,2.6667886577717557,60.187499793220155,18.365407813069346,25.347822185428143,2.107466376479921,96.98864187288572,8.211241875055752
50,1,49,383.5107652992107,2.723726565895437,61.30944414457076,18.541032193758873,25.327936100955192,2.1051912162155695,96.95022010106906,8.206134476074533
51,1,48,383.3332587277209,2.7841622408164364,62.44662358297988,18.71242099180717,25.314278172908317,2.103712239575795,96.9216961204443,8.202536811418298
52,1,47,383.1350414239218,2.847780993378479,63.578916324450674,18.87685041498384,25.30716667204657,2.1030584013014115,96.9039116149621,8.200540656959419
53,1,46,382.9200643773905,2.914174738747258,64.68441911075246,19.031513009370762,25.306957511476714,2.1032629929728452,96.89779969804752,8.200247841030999
54,1,45,382.6925266784548,2.982852420550828,65.74022090667275,19.173614288325073,25.314020971569207,2.1043615700381393,96.90431943218971,8.201763446699047
55,1,44,382.45666860269273,3.053254806291781,66.72336386214928,19.300480940180076,25.32871045164628,2.1063892197028324,96.92436219686641,8.205186494395168
56,1,43,382.2165648469787,3.1247726407278553,67.61193600475904,19.409674420955884,25.351327401447396,2.1093775139524826,96.95864353536724,8.210599376857218
57,1,42,381.9759301288003,3.1967668678395205,68.38621568650086,19.499102070724135,25.382088528836878,2.1133516398260355,97.00760168486426,8.218057958126638
58,1,41,381.7379496003604,3.26858949624277,69.0297701803721,19.567116944993543,25.421101627324084,2.1183282117805726,97.07132546909016,8.2275843510868
59,1,40,381.50514631524317,3.3396037000749166,69.53040399351866,19.612597639512234,25.468354578226784,2.124314123569588,97.14952821488096,8.239163839350054
60,1,39,381.279296705761,3.409201911327191,69.88085927440318,19.63500066402097,25.52371873199596,2.13130652845524,97.2415724808244,8.25274635554456
61,1,38,381.061402113654,3.476820945796863,70.0791919412091,19.634380318141808,25.58696410062721,2.1392937375737393,97.34653680280664,8.268251730140175
62,1,37,380.8517196619816,3.541953571821451,70.128780927249,19.611374230032247,25.657780923406868,2.1482566016407136,97.46330523053537,8.285577005647381
63,1,36,380.6498495534797,3.604156324819926,70.03796949581229,19.567156236399846,25.73580114637972,2.1581698651723196,97.59065661354775,8.304603773441837
64,1,35,380.454869223574,3.6630537338423155,69.81938013081216,19.503361536481734,25.820614381907287,2.1690030701017435,97.72733410788658,8.325203800831249
65,1,34,380.26549901161184,3.7183394093230744,69.48898070824069,19.421991531772285,25.9117754387883,2.180720792623967,97.8720841923491,8.347242001640684
66,1,33,380.08028042890334,3.769774613410285,69.06500337811731,19.32530713645141,26.008803543702523,2.193282243536992,98.02366501852808,8.370576751187325
67,1,32,379.89774750960675,3.8171849895558267,68.56682543806272,19.21571951580761,26.111175907210335,2.206640467332227,98.18083261425136,8.395058339211595
68,1,31,379.71657421440665,3.8604560837160014,68.01391346907312,19.095686311035124,26.21831965565096,2.2207414847362195,98.34231804024944,8.420526782870322
69,1,30,379.5356857668728,3.8995281785043385,67.42491127637139,18.96761972874205,26.329606176490362,2.235523722536153,98.50680856634264,8.446810232046705
70,1,29,379.3543279814853,3.934390822165469,66.81692393547183,18.833810776392568,26.444350867668142,2.2509179839902425,98.6729423103724,8.473724874048889
71,1,28,379.1720947877855,3.9650772998383172,66.20502027891112,18.696371766404138,26.561819651638615,2.266848074430187,98.83932041069433,8.501076745318521
72,1,27,378.9889191732499,3.991659187610286,65.60194947933383,18.55719727853849,26.681241956938123,2.2832320546509983,99.00453555227193,8.52866535418881
73,1,26,378.80503600759886,4.014241059519988,65.01804729730574,18.41794224865387,26.801828595682622,2.2999839837767033,99.16721186710426,8.556288637654864
74,1,25,378.62092652746185,4.032955381889415,64.46129538542516,18.28001482251784,26.922792274578097,2.3170159508584116,99.32604944064201,8.583748576067757
75,1,24,378.4372539213632,4.047957619109289,63.937492364343214,18.144581067257267,27.043368368193452,2.334240181267662,99.47986674552683,8.61085676908729
76,1,23,378.25479796957313,4.059421578878975,63.45049666453163,18.012578498720874,27.162833918198857,2.3515710292291816,99.62763573283749,8.63743938880806
77,1,22,378.07439462719736,4.067535032831514,63.00250633896506,17.884735556497148,27.28052340744782,2.368926715845983,99.76850634705401,8.663341110466266
78,1,21,377.896884277902,4.072495653638805,62.594348241068374,17.76159452877827,27.395840510945025,2.3862307274811467,99.90181929405294,8.688427821157832
79,1,20,377.7230704663781,4.0745073089140975,62.2257565683247,17.64353589747969,27.508265614158347,2.403412840942463,100.02710758604249,8.712588082547414
80,1,19,377.5536894172444,4.073776745278892,61.89562774874186,17.53080256236286,27.617359339994998,2.4204097829546196,100.14408853596966,8.735733453721332
81,1,18,377.3893896129881,4.070510684423332,61.602244434026005,17.423522858173115,27.722762617823218,2.4371655595622936,100.2526484701766,8.757797860260471
82,1,17,377.2307200932411,4.06491333915745,61.343465775469326,17.321731670289623,27.824193974817625,2.4536315070476746,100.35282256845969,8.77873623092507
83,1,16,377.07812586720127,4.057184343530804,61.116884258867415,17.225389269310817,27.92144476311537,2.4697661219612277,100.44477206268535,8.798522624776082
84,1,15,376.93194880320186,4.04751707876408,60.919951358379365,17.13439772318846,28.014372991960926,2.485534726790548,100.52876066396455,8.81714805082654
85,1,14,376.792432485141,4.036097366989721,60.75007537928512,17.04861491449379,28.10289634494099,2.500909022306803,100.60513165386607,8.834618149701988
86,1,13,376.65972973314695,4.0231024980249925,60.604695334139905,16.967866301449945,28.18698485416256,2.515866569902197,100.67428664401122,8.850950870090665
87,1,12,376.53391172378963,4.008700550521801,60.481334741162,16.891954626826674,28.266653593508437,2.530390238830789,100.73666662644793,8.866174237184994
88,1,11,376.4149778797147,3.9930499674812365,60.377639010304264,16.820667810307235,28.341955652665195,2.5444676451969492,100.79273562584666,8.880324278844123
89,1,10,376.30286591044603,3.976299346775079,60.291399711538716,16.753785267553585,28.412975567858467,2.558090602364246,100.84296702835508,8.893443149176342
90,1,9,376.1974615662654,3.9585874094378815,60.22056858506025,16.691082891045685,28.479823315860518,2.571254596426913,100.88783249529683,8.905577468878567
91,1,8,376.0986078133115,3.9400431115809935,60.16326370900482,16.6323369100826,28.542628924283385,2.583958295532918,100.92779326215005,8.916776886554018
92,1,7,376.0061132521563,3.920785869410867,60.11776981988773,16.577326824655955,28.601537711641537,2.5962030980878494,100.96329356211876,8.927092854613846
93,1,6,375.9197596879885,3.9009258706760344,60.08253440206383,16.52583758339758,28.65670614286179,2.607992722058677,100.99475588730145,8.936577606405205
94,1,5,375.83930882281635,3.8805644496786753,60.056160832645915,16.47766115153466,28.708298267481354,2.6193328355729406,101.0225777986614,8.945283317077342
95,1,4,375.7645080834351,3.8597945066012462,60.03739958857474,16.43259759202018,28.75648269654713,2.630230727613262,101.04713001033515,8.953261428672807
96,1,3,375.6950956275204,3.8387009552154345,60.02513829020623,16.390455762426896,28.80143006835691,2.640695016697177,101.06875549780806,8.960562119409193
97,1,2,375.6308045877103,3.817361186006061,60.01839116616321,16.35105371208641,28.843310951150677,2.6507353948876853,101.08776940838838,8.967233897616936
98,1,1,375.57136662289184,3.7958455343378743,60.01628837177418,16.31421884835133,28.882294131471674,2.660362404202553,101.1044595828907,8.973323301951686
99,1,0,375.5165148494689,3.7742177455260277,60.01806547258434,16.2797879276306,28.91854523925919,2.6695872424026748,101.11908752728192,8.978874691031942
0,2,98,378.1329670726499,2.1616073057615712,58.346428025162055,15.656676464602345,28.986601297163794,2.6878075347534254,101.1439463364656,8.988904619818808
1,2,97,378.2401437847025,2.154365033734648,58.19914055785206,15.654674097175821,28.955487825613233,2.6793660245375635,101.13285028077802,8.98432920808518
2,2,96,378.3500763237595,2.1473070780579104,58.043019913133534,15.652950629385948,28.921956487173677,2.6705436454733764,101.1201460860459,8.979297065936638
3,2,95,378.46275578008095,2.140458365205525,57.87773607106419,15.651549080283841,28.885848244404777,2.661327894323908,101.1056194189481,8.973767995809121
4,2,94,378.5781671418995,2.133845279693149,57.702978972353534,15.650516618602424,28.846998402387936,2.651706543478254,101.08903173117356,8.967699269350309
5,2,93,378.6962892756762,2.1274956682192587,57.51846543675772,15.649904893741773,28.805237346367537,2.6416677763435215,101.07011857856777,8.961045676052926
6,2,92,378.81709501446545,2.1214388266506137,57.32394713837729,15.649770392473219,28.760391516402002,2.631200345367758,101.04858810866595,8.953759628855915
7,2,91,378.9405513744847,2.115705466101793,57.11921973850028,15.650174824315775,28.712284659951038,2.6202937555427512,101.02411981874737,8.945791339789208
8,2,90,379.0666199210387,2.11032765390286,56.90413327463834,15.65118553914074,28.660739407676527,2.6089384764084724,100.99636371157104,8.937089080598211
9,2,89,379.1952573053431,2.105338724824438,56.678603898341876,15.65287598129245,28.605579221762994,2.5971261856902075,100.96494000423681,8.9275995451682
10,2,88,379.3264159932309,2.100773157578929,56.44262704303186,15.655326185393722,28.546630769371685,2.5848500477076235,100.9294395767019,8.917268332370194
11,2,87,379.46004520476333,2.0966664114030307,56.19629208503383,15.65862332004674,28.483726775872988,2.5721050295520347,100.8894253794192,8.906040569509976
12,2,86,379.59609207986824,2.09305471753691,55.93979853466347,15.662862286851677,28.416709412497518,2.5588882576683223,100.84443505271025,8.893861697657181
13,2,85,379.7345030785612,2.089974820762836,55.673473757882476,15.668146383540542,28.34543427000357,2.545199416817215,100.79398504126632,8.880678440454895
14,2,84,379.8752256141506,2.087463667002972,55.39779218099132,15.674588041536257,28.269774962587622,2.5310411923274123,100.73757651180436,8.866439977155702
15,2,83,380.01820990289275,2.085558034490055,55.11339586944459,15.682309649836307,28.18962839295617,2.5164197549490206,100.67470339511054,8.851099338075878
16,2,82,380.1634109923554,2.08429410844931,54.82111629591056,15.691444478679056,28.10492068829822,2.5013452853440072,100.60486286843516,8.834615035760782
17,2,81,380.3107909013964,2.0837070028361406,54.52199702155855,15.70213771779681,28.015613785635605,2.4858325321359014,100.52756856147909,8.816952937148208
18,2,80,380.46032076488007,2.083830237764355,54.21731690872315,15.714547644915143,27.921712601309878,2.4699013933295175,100.44236669815417,8.798088370050625
19,2,79,380.6119828233702,2.084695188139928,53.90861336459953,15.72884694010576,27.82327266090286,2.4535775056642284,100.34885526453417,8.77800844047687
20,2,78,380.76577202904633,2.086330527957734,53.59770498861889,15.745224160051233,27.720407990890912,2.4368928200034072,100.24670610805452,8.756714514902926
21,2,77,380.9216969509939,2.088761705886805,53.286712867415815,15.763885382422004,27.61329898113478,2.4198861332239443,100.13568961248765,8.734224793096336
22,2,76,381.07977955337566,2.0920105011202663,52.97807964064505,15.785056023329284,27.502199819252663,2.4026035384760087,100.01570125014374,8.710576862590301
23,2,75,381.2400532880358,2.0960947236105194,52.67458536120432,15.80898281884905,27.387444978512605,2.385098746634541,99.88678888814428,8.685830086434374
24,2,74,381.4025587915212,2.101028138839475,52.37935911007946,15.83593594328928,27.269454119096103,2.367433223137894,99.74917923437442,8.660067633868962
25,2,73,381.56733631418933,2.1068207125728065,52.09588531548917,15.866211210381813,27.14873465324383,2.349676077553318,99.60330128598959,8.63339792342322
26,2,72,381.73441385472825,2.113479283123581,51.82800378308134,15.900132267090155,27.025881149563716,2.331903639997401,99.44980415095766,8.605955216266796
27,2,71,381.90378985990554,2.121008774044601,51.579902577726145,15.938052641698146,26.901570739349932,2.31419866134539,99.28956624422548,8.57789908357092
28,2,70,382.0754093277683,2.129414054543183,51.35610310606002,15.980357447501003,26.77655377240532,2.2966490856930943,99.12369273934696,8.549412486410295
29,2,69,382.249132293873,2.1387025334204663,51.16143701365631,16.02746447134483,26.65163918750831,2.279346366453547,98.95349843164594,8.52069826262293
30,2,68,382.4246940719327,2.148887530388666,51.00101479111865,16.079824295106043,26.527674443508058,2.2623833337571346,98.78047398980009,8.49197392300437
31,2,67,382.6016573538042,2.1599924030683866,50.88018621566394,16.13791901332637,26.405520414052106,2.245851670831505,98.60623505135509,8.463464825212553
32,2,66,382.77935741907396,2.1720553186466924,50.804492855524316,16.20225903009766,26.286022362770723,2.2298391183176633,98.43245577065711,8.435396013721295
33,2,65,382.9568432729312,2.185134450462818,50.77961274260481,16.27337735445843,26.16997891827955,2.2144265915970265,98.26079110468561,8.407983268353766
34,2,64,383.1328194308169,2.199313261663922,50.81129689509302,16.351820779952185,26.05811173124768,2.1996854560314674,98.09279494262343,8.381424152737932
35,2,63,383.30559506784437,2.2147054260001924,50.90529660403044,16.438137345658724,25.95103903338209,2.185675243244062,97.92984352108375,8.355890038381135
36,2,62,383.473048969688,2.2314588488362372,51.067279306002135,16.53285954739474,25.849256416738832,2.172442091270047,97.7730746247065,8.331520130409679
37,2,61,383.6326196697313,2.2497582083869614,51.30272954706773,16.636482910848404,25.753127631139265,2.160018139075008,97.62335210509583,8.308418377169797
38,2,60,383.7813298329118,2.2698254518611782,51.61683018376384,16.749439760744966,25.66288699688787,2.148421998175216,97.48126188850468,8.28665378506258
39,2,59,383.9158519774742,2.29191775823047,52.01431782443471,16.87206832306342,25.578653287081465,2.137660273555958,97.34714021645509,8.266264123089465
40,2,58,384.0326189171481,2.316322612669437,52.499305908592746,17.004577673905292,25.500453009213878,2.127729942978794,97.22112855126831,8.247262402033277
41,2,57,384.1279771450599,2.343349813149339,53.07506912015677,17.147009481819858,25.428249422920867,2.118621269934397,97.10324418644393,8.229645014861267
42,2,56,384.19837544945455,2.373320430888947,53.74378443039831,17.299197952437645,25.361972869761132,2.110320861102175,96.99345296594763,8.213400188666686
43,2,55,384.2405753316735,2.406552961460856,54.50622737011443,17.460729839028964,25.301548344074998,2.102814506579195,96.89173172910036,8.19851551566599
44,2,54,384.2518653744164,2.443347127915712,55.361427479921886,17.630906792303573,25.24691761760264,2.0960895533467045,96.79811292936387,8.184983775222237
45,2,53,384.230259519496,2.4839660312220335,56.30629444401383,17.808712657689338,25.198055186737275,2.0901367225485297,96.71271071598912,8.17280688370049
46,2,52,384.1746597972425,2.5286175819445917,57.33523598030207,17.99278857436415,25.154979154974203,2.0849514340624675,96.63573415738313,8.161998394120426
47,2,51,384.08496737377664,2.577436371162812,58.439799390993656,18.181418886624694,25.117759224658318,2.080534793588094,96.56749680093797,8.152585298000398
48,2,50,383.96213122393993,2.6304673100213543,59.6083793388695,18.37253093991033,25.086523837265926,2.0768943944804144,96.5084308900716,8.144609824513314
49,2,49,383.8081302337984,2.6876524350482773,60.82604280802289,18.56371176395639,25.06146716952982,2.0740449884501864,96.45910925797087,8.138131486821747
50,2,48,383.6258908824426,2.7488221927552177,62.07452582343677,18.75224435165619,25.042854617933354,2.0720089221080804,96.42026979646177,8.133228937953499
51,2,47,383.41914784343726,2.8136922570844174,63.33245290955638,18.9351655791438,25.031023409154244,2.070816085434307,96.39282944508558,8.13000053352313
52,2,46,383.19225833916994,2.881866508539491,64.57581775066808,19.109346625003802,25.026374026466243,2.070503049785515,96.37787046952742,8.128562168918796
53,2,45,382.94998289002774,2.9528462635866886,65.77874169591965,19.271594943665118,25.0293490035579,2.0711111460337723,96.3765843632546,8.12904121325086
54,2,44,382.6972457016131,3.0260452623776093,66.91449697447763,19.418774482640924,25.04039847028518,2.0726834590397636,96.39016882272907,8.131566259315557
55,2,43,382.43888803234785,3.100809384371589,67.95674686302004,19.547938147425736,25.05993594864769,2.0752610370614253,96.41968852019126,8.136253731015984
56,2,42,382.1794281097575,3.1764396367911094,68.88092015903699,19.656463931415473,25.088291838112884,2.0788789191718418,96.46592546129072,8.143193671782825
57,2,41,381.9228417761313,3.252216700538777,69.66560767814434,19.742184167399703,25.125674099040854,2.0835627379067962,96.52925312663926,8.15243773105906
58,2,40,381.67237874747866,3.327425248599544,70.29384986653122,19.803496539395585,25.172144678196172,2.0893265690276093,96.60956581178245,8.16399209030301
59,2,39,381.43042933728685,3.4013763764037703,70.75418205506517,19.83944619250377,25.227616243730218,2.0961723797542393,96.70628048697826,8.177816823991643
60,2,38,381.1984546638796,3.473426783310771,71.04132050193867,19.849770598930125,25.291868135140394,2.1040909772225835,96.81840793300032,8.193831393680508
61,2,37,380.97698892123196,3.542993777678198,71.15640804291846,19.834902540537175,25.364575170431255,2.113063944901844,96.94467060953248,8.211924289587243
62,2,36,380.7657151966989,3.609565681835461,71.1067886549157,19.79593108266174,25.445339987807213,2.1230658256401838,97.08363374360958,8.231963873989677
63,2,35,380.5636075075072,3.6727077108734125,70.90533747526192,19.734524963679664,25.53371982720195,2.1340658356746265,97.23381677620709,8.253807533331022
64,2,34,380.3691229627767,3.732063815092893,70.56942655837662,19.652826624522653,25.629241683964732,2.146028642290427,97.39376306300393,8.277307188775126
65,2,33,380.1804212793358,3.787355254168339,70.11964703956674,19.55332755903289,25.731404236485936,2.158914100382859,97.56206156456875,8.302310617758808
66,2,32,379.995585922216,3.838376788217599,69.57842854083097,19.438736507620902,25.839669216361433,2.1726761881774683,97.73732920575478,8.328659379904073
67,2,31,379.81282258906225,3.8849913395113465,68.96869438193134,19.311851312767782,25.95344767236324,2.1872616065145443,97.91817211434471,8.35618501435443
68,2,30,379.6306161484882,3.9271238391470993,68.31266914040387,19.17544334385806,26.072087327634424,2.2026085643359576,98.10314628120786,8.384705410386289
69,2,29,379.4478350645062,3.964754779767578,67.630919781908,19.0321607654684,26.194866140156147,2.218646180446111,98.29073422510976,8.414022914219936
70,2,28,379.2637809236486,3.9979138000793766,66.94167112591819,18.884454073138855,26.320994949278607,2.235294744488458,98.47934661306131,8.44392504514778
71,2,27,379.0781881750113,4.026673467042485,66.2603985233671,18.73452468216321,26.449629581439865,2.25246686807252,98.66734951828198,8.474187922928387
72,2,26,378.89118440486976,4.051143315201488,65.59967086981374,18.58429522231974,26.57989070629584,2.2700693788058626,98.85311148339852,8.504581876866066
73,2,25,378.7032239583329,4.071464149660211,64.96919813755144,18.43539870905352,26.71088847800916,2.288005699401984,99.03506100503485,8.53487833587895
74,2,24,378.51500773360937,4.087802607338125,64.37602944066636,18.289182940445237,26.841748632225208,2.3061784178893374,99.21174450438018,8.564857004536009
75,2,23,378.3274001898909,4.100345983069256,63.824848288026104,18.146726223586228,26.971637061843406,2.324491779917387,99.38187653711249,8.594312453863008
76,2,22,378.1413518548453,4.109297346651868,63.31831826897475,18.008860724280204,27.0997806760807,2.3428538971054,99.54437685710947,8.62305950563589
77,2,21,377.95783263341104,4.114870992732229,62.85744207438934,17.87620020621518,27.225483271458966,2.3611785427012726,99.69839200407205,8.650937075483556
78,2,20,377.7777785324675,4.1172882717528,62.44190714357795,17.749169539628177,27.34813599569132,2.379386479302137,99.84330166584023,8.677810397935756
79,2,19,377.6020523096538,4.116773846280468,62.07040077288943,17.628034004604576,27.467222645267693,2.3974063222987936,99.97871185361704,8.703571750236367
80,2,18,377.4314171092357,4.113552405076437,61.74088538867426,17.51292701504029,27.582320466829717,2.415174983098211,100.1044378875331,8.728139911881257
81,2,17,377.2665213076615,4.1078458507667435,61.450830610268795,17.403875402868184,27.69309734943108,2.4326377588873376,100.22048045875474,8.751458651162316
82,2,16,377.1078924316516,4.099870959359139,61.197402812174275,17.300821811083274,27.799306346356385,2.4497481441372972,100.32699782048873,8.773494534502783
83,2,15,376.95593798964137,4.08983749377494,60.977615434345864,17.203644048955372,27.900778405479812,2.466467437442723,100.42427666983583,8.79423432666168
84,2,14,376.8109512436398,4.077946740643779,60.78844464414348,17.112171474832895,27.997414064752192,2.482764209597949,100.51270368179476,8.813682205283682
85,2,13,376.6731202409287,4.06439043051844,60.626915466104506,17.026198607356342,28.08917472159531,2.4986136881732928,100.59273906047136,8.831856963202581
86,2,12,376.54253875155115,4.049349996371737,60.49016345527153,16.94549624203409,28.176073936895886,2.5139971024797583,100.66489294756477,8.84878932380778
87,2,11,376.41921807290373,4.032996123262417,60.37547661937768,16.869820383020983,28.25816910063498,2.528901022071624,100.72970510440338,8.864519452764153
88,2,10,376.30309894221995,4.015488542714132,60.28032175519559,16.79891930316044,28.33555367386897,2.5433167125587515,100.78772796626814,8.879094715127703
89,2,9,376.19406303096554,3.9969760279109288,60.20235876287248,16.732539029660888,28.408350132506488,2.5572395247598734,100.83951294709841,8.892567700556008
90,2,8,376.0919436808862,3.97759654960324,60.13944590691328,16.67042752624451,28.476703670738978,2.5706683271208313,100.88559973279038,8.90499452012835
91,2,7,375.99653568350016,3.9574775570801237,60.08963844241261,16.61233781096384,28.54077667318629,2.58360498669023,100.92650822425853,8.916433365125137
92,2,6,375.9076040094319,3.9367363532668325,60.05118253913129,16.558030215995984,28.60074393139219,2.596053900564798,100.96273276045245,8.926943309736195
93,2,5,375.8248914680192,3.9154805376406907,60.0225060202939,16.507273964029626,28.65678855889545,2.608021577349272,100.99473825229433,8.93658333492041
94,2,4,375.74812532766106,3.893808495019539,60.002207086070314,16.459848206754845,28.709098546732207,2.6195162665982568,101.02295787963783,8.945411548533416
95,2,3,375.6770229591617,3.871809912243431,59.98904190793213,16.415542645129463,28.757863895409002,2.630547633227174,101.04779203624398,8.953484576570755
96,2,2,375.6112965826678,3.849566308283766,59.98191175182268,16.374157828730073,28.803274258140263,2.641126473337131,101.06960824623665,8.960857101315106
97,2,1,375.5506572075185,3.8271515663594777,59.979850107201855,16.335505212509545,28.84551703194441,2.6512644676679695,101.08874181531274,8.967581523859101
98,2,0,375.49481785639904,3.8046324592327574,59.98201015766655,16.299407033413605,28.884775836900992,2.6609739688775815,101.10549701840912,8.973707730560218
0,3,97,378.2372718559353,2.148946993839808,58.20326004935214,15.648167235465216,28.958692376215666,2.680214552899259,101.1340380337558,8.98480733353591
1,3,96,378.34816511042885,2.1415256723375373,58.0452048023639,15.645936534746259,28.925061746750384,2.6713426657838486,101.12136603916467,8.979769475201005
2,3,95,378.46188463510765,2.134297880350123,57.877595824001446,15.643993503209948,28.888796773754102,2.6620659626565524,101.10684546662593,8.974225126228898
3,3,94,378.5784168101889,2.127289962749959,57.700070053448854,15.642383378223752,28.84972179362612,2.6523707656889233,101.09022783372627,8.968129229448872
4,3,93,378.6977413434631,2.1205298381958353,57.51228575414392,15.641155792851976,28.807654621254088,2.6422436550254673,101.07123624115586,8.961433829665244
5,3,92,378.81983127354164,2.1140470051841027,57.31393015318153,15.640365128014007,28.762407340730757,2.631671614328093,101.04956334891327,8.954088120324027
6,3,91,378.9446531016597,2.1078725288058653,57.10472827741374,15.640070892307953,28.713787363917564,2.6206422018328244,101.02486954487125,8.94603855502257
7,3,90,379.0721670769667,2.102039003759548,56.88445310519192,15.640338132844233,28.661598805334993,2.6091437503516897,100.99678142858839,8.93722903934286
8,3,89,379.20232766198035,2.0965804885672537,56.652937151333376,15.641237881168877,28.605644227550474,2.5971655999135685,100.9648907644846,8.92760122083886
9,3,88,379.3350842059954,2.091532405357938,56.41008559682513,15.642847639264495,28.545726816703237,2.5846983669367725,100.9287540941338,8.917094897435641
10,3,87,379.4703818543528,2.086931399061502,56.155891062503,15.645251911725762,28.481653052593202,2.5717342539194843,100.88789323701015,8.905648566881275
11,3,86,379.60816272011067,2.0828151494763514,55.8904501057043,15.648542791542784,28.413235941207258,2.5582674035617092,100.84179695147664,8.89320014204581
12,3,85,379.7483673411676,2.07922212953389,55.61398148868861,15.652820608510348,28.340298878738345,2.5442943009134082,100.78992407116964,8.879687858514059
13,3,84,379.89093643941936,2.07619130332498,55.32684622527725,15.658194651122367,28.262680213822083,2.5298142264724426,100.73170847303054,8.865051401690538
14,3,83,380.0358129879573,2.0737617582658583,55.02956935543024,15.664783974895045,28.180238567228166,2.514829761998282,100.66656626727608,8.84923328001013
15,3,82,380.18294457616275,2.071972267405274,54.72286332424703,15.67271831233875,28.092858953505072,2.499347348997095,100.59390561974719,8.832180468151742
16,3,81,380.3322860389152,2.07086078061518,54.40765275044254,15.682139102159033,28.000459724513618,2.483377897173529,100.51313961403804,8.81384633853124
17,3,80,380.48380228253797,2.0704638476283765,54.0851002588587,15.693200657517412,27.903000317376673,2.4669374364120777,100.42370252251449,8.794192889772964
18,3,79,380.6374711934625,2.0708159820037,53.75663292255372,15.706071495003055,27.800489735790258,2.4500478008144673,100.32506976690192,8.773193266145721
19,3,78,380.793286452076,2.071948983551101,53.42396871508656,15.720935846865032,27.692995620548206,2.43273732676721,100.21678169331469,8.750834540852917
20,3,77,380.9512599893555,2.0738912479433833,53.08914221826274,15.737995378305648,27.580653669728985,2.4150415388025155,100.09847104507499,8.727120707432181
21,3,76,381.1114237128245,2.076667106464368,52.754528673958646,15.757471128214661,27.463677049878342,2.3970037871470935,99.9698936724778,8.702075786549582
22,3,75,381.2738299865524,2.0802962561166973,52.42286532407148,15.779605684244189,27.342365297947225,2.378675789575325,99.83096156033136,8.675746910125355
23,3,74,381.43855017457736,2.0847933602023416,52.097268867899515,15.804665589790975,27.21711205527075,2.3601180181234627,99.6817766817172,8.648207192261047
24,3,73,381.60567034976094,2.0901679208479145,51.7812478027335,15.83294395906712,27.088410811357168,2.341399859537904,99.52266351967154,8.619558140090408
25,3,72,381.77528304046774,2.0964245456388904,51.4787084240528,15.864763244492758,26.95685768691088,2.322599468856079,99.3541973864007,8.589931303404757
26,3,71,381.9474736593344,2.1035637471584945,51.19395336698625,15.90047805554996,26.823150182579855,2.3038032308578535,99.17722500041818,8.55948881903729
27,3,70,382.1223000764482,2.111583422004353,50.931671782634055,15.940477867770312,26.688080803120613,2.2851047476352946,98.99287329063402,8.528422487542208
28,3,69,382.2997637359828,2.1204811487022104,50.69692055703314,15.985189383493017,26.55252458535176,2.2666032860918843,98.80254226566066,8.496951041956008
29,3,68,382.4797708746494,2.130257415041673,50.49509636738421,16.03507821314101,26.417419864695102,2.2484016506667412,98.6078782349412,8.465315349279814
30,3,67,382.66208291267077,2.1409198283535464,50.3318987677912,16.09064944064899,26.28374215339571,2.2306034968752115,98.41072491720676,8.433771440818067
31,3,66,382.846256090628,2.1524882730265964,50.21328480917437,16.152446526767847,26.152471791843517,2.2133101708291982,98.21305218357413,8.402581506050876
32,3,65,383.03157202232035,2.1650008586250773,50.14541580241472,16.22104790096015,26.024557040869716,2.1966172449298083,98.01686536558996,8.372003298976573
33,3,64,383.2169630348005,2.1785203567334746,50.13459660014446,16.297060512179442,25.900875398937853,2.180611010402971,97.82410194938237,8.342278763658282
34,3,63,383.40093881872974,2.1931406708076873,50.18720709489257,16.381109569488302,25.782196950267654,2.1653652659613307,97.63652643822272,8.313623023305373
35,3,62,383.58152364523687,2.2089927440757506,50.309624464639725,16.47382372455162,25.669154187251642,2.150938785029281,97.45563717045725,8.286215101016785
36,3,61,383.75621563119216,2.22624921297202,50.508133090049924,16.575815047352165,25.562222679210844,2.137373826441113,97.28259967698648,8.260191743954632
37,3,60,383.92198052729117,2.2451270821271927,50.788817180087776,16.687653338007856,25.461715933278263,2.1246959572941413,97.11821867840034,8.235645422961078
38,3,59,384.0752915687986,2.265887745794969,51.157429240063394,16.809834609375834,25.367795788206674,2.112915282059633,96.96295473221873,8.212626964092676
39,3,58,384.21222362974896,2.2888338084177264,51.61922595080958,16.94274396698863,25.28049701302888,2.1020289464156163,96.81698277378659,8.191152434562873
40,3,57,384.32860428454296,2.314302347052109,52.17876221875986,17.086613593273647,25.199762104085405,2.092024561202519,96.68028061318658,8.171213061684814
41,3,56,384.42021700800257,2.342654485502282,52.839634581635806,17.241477086013354,25.125480408670462,2.082884037480567,96.55272886187298,8.152786374466924
42,3,55,384.48304377206586,2.3742613923654976,53.60416734773861,17.407121965378703,25.057525331292954,2.074587291815685,96.43420234928045,8.135846643726683
43,3,54,384.5135271940204,2.409487063983804,54.47303937483042,17.583042698339145,24.99578471790432,2.0671153885561906,96.32463777363122,8.12037312964203
44,3,53,384.5088276377144,2.4486685141544458,55.444856760323304,17.768397045905566,24.940182166141717,2.060452900839432,96.22407174350272,8.106355497809425
45,3,52,384.4670493812799,2.4920942751814956,56.51568715821985,17.961968890742135,24.890690066997617,2.054589521619172,96.13265422190145,8.093796743362136
46,3,51,384.38741256204764,2.5399824153662958,57.67858464595831,18.16214095530069,24.847337552948826,2.0495211525446813,96.05065069725707,8.082714715644414
47,3,50,384.2703536386275,2.5924595627245703,58.92314886408704,18.366880999825845,24.810217327236067,2.0452507710218084,95.97844894579775,8.073143579538156
48,3,49,384.1175453206671,2.6495426285478474,60.23517633645125,18.5737452034469,24.779494211470237,2.0417892944131943,95.91658164086478,8.065136165764969
49,3,48,383.9318356028966,2.7111249679741776,61.59647230791187,18.7799024169647,24.7554154659001,2.039156448262279,95.86576529669938,8.058767244794021
50,3,47,383.717113051646,2.776968534596291,62.98489451369248,18.98218266438787,24.738319443989017,2.0373813773415503,95.82694245060965,8.054136607682432
51,3,46,383.47811071911224,2.8467031643099334,64.37469278596028,19.177152409913823,24.72863633830547,2.0365025250941304,95.80130272858493,8.051369902781596
52,3,45,383.2201637066141,2.9198335007903964,65.73718840665487,19.361217453324834,24.72687412675162,2.0365662637096045,95.79025509513549,8.050614936334838
53,3,44,382.9489359618603,2.9957533412560347,67.04180485811284,19.530751763471347,24.7335852800771,2.0376239556988462,95.79533197488445,8.05203190859418
54,3,43,382.6701314063274,3.0737664496021218,68.25741979974703,19.682247250997694,24.749315144258546,2.0397275499374663,95.81802564617404,8.055777769738752
55,3,42,382.3892040977375,3.1531122606961803,69.3539616611411,19.812475850320105,24.77453954634802,2.0429243317540386,95.85958247648719,8.061987026569412
56,3,41,382.1110826556386,3.232994463261521,70.30412980850616,19.91865199085785,24.809604453920343,2.0472518511908744,95.92080123516983,8.070753062871862
57,3,40,381.8399256968161,3.3126102444597976,71.08508237468516,19.998581349722325,24.8546818898734,2.052734148141689,96.00188798298468,8.082114523173024
58,3,39,381.5789266928283,3.3911780226715105,71.67991817352788,20.050781372404067,24.90975261632434,2.0593800912729683,96.10240723236379,8.096050169315136
59,3,38,381.33018687917865,3.4679617769027495,72.0787850096283,20.074560830103184,24.97461839774453,2.0671840346097756,96.22134090508739,8.112483176007665
60,3,37,381.0946718972771,3.542290566527636,72.279479277168,20.070049616591586,25.048937841763586,2.0761283011790135,96.35723398001119,8.131293013323441
61,3,36,380.8722607635871,3.6135724579620723,72.28745888790826,20.038175523792603,25.13227331067391,2.0861864952935347,96.50838149827928,8.15233096762518
62,3,35,380.6618849946418,3.6813027407634262,72.11526498217381,19.980590896896402,25.2241345082116,2.0973265047746366,96.67300444182646,8.175434723329806
63,3,34,380.4617432726994,3.7450669165632107,71.78142432562663,19.899557705587906,25.324007335098898,2.1095123012138592,96.84937279608609,8.200438354607787
64,3,33,380.2695658745071,3.8045393853820455,71.30896891088051,19.797803677075773,25.431362830379673,2.1227041496940204,97.03585659984769,8.227176036076585
65,3,32,380.08289609790796,3.8594789798510565,70.72374971685133,19.678364128588804,25.545647904521402,2.1368573947543887,97.23091041362862,8.25547995564381
66,3,31,379.8993549167672,3.9097225059455645,70.05273137373337,19.544423930445873,25.66626479237869,2.1519204101036356,97.43301494218986,8.285174559056316
67,3,30,379.7168602060939,3.9551772842342965,69.32243448732457,19.399171985864363,25.79254840896784,2.167832480283124,97.64060705140238,8.31606996396079
68,3,29,379.5337815956261,3.9958134224669566,68.55764989038585,19.245677362629564,25.92375001777308,2.184522316738298,97.85202624134713,8.34795713674966
69,3,28,379.3490237723008,4.031656267131347,67.78049524174257,19.0867924674523,26.05903271196617,2.2019076692869675,98.06549526328281,8.38060651512287
70,3,27,379.1620421287961,4.06277924058598,67.00983081505922,18.92508505245892,26.19748047387172,2.219896182458292,98.2791397995695,8.413770599444284
71,3,26,378.9728029472241,4.089297105772652,66.2610072195177,18.762797846166578,26.338119221301923,2.238387363070502,98.49104116442871,8.447190004946659
72,3,25,378.78170480120633,4.111359617859698,65.5458883012423,18.60183245830756,26.47994603071073,2.257275334177177,98.69930928389623,8.480601799013826
73,3,24,378.5894786472866,4.129145505673037,64.87307846845519,18.44375297122111,26.621961870438557,2.276451971433783,98.90216126961631,8.513748706975274
74,3,23,378.39708203398783,4.142856749492566,64.2482828145655,18.289804202489147,26.763203479579197,2.29581003621237,99.09799274476117,8.546387886209326
75,3,22,378.205599190653,4.152713159929083,63.674736643877495,18.14093981815158,26.90277106339221,2.315246001637087,99.28543307350157,8.578298304413275
76,3,21,378.0161546078818,4.15894729612388,63.15365405576776,17.99785607800274,27.03984979283268,2.3346623762611873,99.46338018956699,8.609286171079875
77,3,20,377.82984392072524,4.161799780421022,62.68465956769987,17.86102780424769,27.173724343361418,2.353969436019357,99.63101467417074,8.63918825338125
78,3,19,377.647682915366,4.161515068864906,62.26617995582802,17.73074402358379,27.303786684477327,2.373086360717113,99.78779552897915,8.667873198580653
79,3,18,377.4705734389176,4.158337725454991,61.895784296934266,17.607141532264812,27.42953796861342,2.391941829954031,99.93344163012358,8.69524116702629
80,3,17,377.2992838234914,4.152509228384279,61.57046821938047,17.490235312738243,27.55058569053634,2.410474166050943,100.06790333232848,8.721222163338009
81,3,16,377.13444095451956,4.144265313880035,61.28688378660195,17.379945265254023,27.6666373670928,2.4286311234208173,100.19132843666931,8.745773462824802
82,3,15,376.97653110715595,4.133833841950818,61.04151969779579,17.276119110342314,27.777491904423965,2.4463694213084417,100.30402605963336,8.76887649232607
83,3,14,376.8259069529333,4.121433150921968,60.830838131688296,17.178551585116043,27.883029648637812,2.463654105839065,100.40643110000045,8.790533462680747
84,3,13,376.6827985544669,4.107270855245826,60.65137507976293,17.087000221465463,27.98320191132101,2.4804578124653904,100.49907116645484,8.810763980821498
85,3,12,376.54732661789285,4.09154303374312,60.49981082498503,17.00119808187096,28.078020559166887,2.496759984328653,100.58253710087307,8.829601803771897
86,3,11,376.4195166996929,4.0744337525427055,60.37301662850514,16.920863860984802,28.167548077546577,2.512546087626967,100.65745765150406,8.847091840246392
87,3,10,376.29931343522105,4.056114867593349,60.26808290454095,16.845709756753266,28.25188836974884,2.5278068527361914,100.72447842149136,8.863287460210733
88,3,9,376.1865941593122,4.036746054724955,60.18233333181486,16.775447487952903,28.331178438209182,2.5425375598450426,100.78424492555277,8.87824813854261
89,3,8,376.0811815256624,4.016475019923376,60.113328551807015,16.70979279604607,28.405581008578004,2.556737380160607,100.83738940638627,8.892037434556315
90,3,7,375.9828549084498,3.9954378480066968,60.05886238396688,16.648468725443237,28.475278097309474,2.5704087780355116,100.88452096614212,8.904721292867436
91,3,6,375.89136049671134,3.973759453684421,60.016952864657725,16.591207932287706,28.540465483492174,2.5835569753158767,100.92621853307104,8.916366641072486
92,3,5,375.80642007943067,3.9515541046480758,59.985829893054486,16.537754230570847,28.601348021104705,2.596189476461712,100.9630261892731,8.927040254377935
93,3,4,375.7277385763707,3.928925991628474,59.96392083765515,16.487863547237854,28.658135714652392,2.6083156512365573,100.99545041681517,8.936807855275228
94,3,3,375.6550104042483,3.9059698251168404,59.94983511126975,16.441304425562286,28.711040475890925,2.6199463707391186,101.02395886491388,8.945733416549425
95,3,2,375.5879247862324,3.8827714426225692,59.94234844849635,16.397858188497125,28.76027347948119,2.6310936920469135,101.04898029237637,8.953878637515862
96,3,1,375.52617011989895,3.859408413920871,59.94038740597365,16.357318850663777,28.806043039006962,2.6417705865985606,101.07090539171763,8.961302565807847
97,3,0,375.469437518407,3.8359506347586407,59.94301444122878,16.3194928486612,28.848552930416062,2.651990707535817,101.09008825100729,8.96806133987131
0,4,96,378.34465453337907,2.136013332778295,58.0511048452895,15.639134301801676,28.928818554129236,2.672308527685908,101.1228397687075,8.980340836816552
1,4,95,378.4593599978439,2.128408966338366,57.88152937295084,15.636656194871474,28.892474682810555,2.6629844120937367,101.1083758599042,8.974795617099195
2,4,94,378.5769600929829,2.1210078983743585,57.70162080331794,15.634474548574158,28.853260496377807,2.653229873911551,101.09178781961099,8.968688797861295
3,4,93,378.6974356605332,2.113838003925567,57.510979438800476,15.632636915391585,28.810981836623903,2.6430299298490527,101.07278760313375,8.961969857901641
4,4,92,378.82076020804845,2.1069288619920523,57.30922829287459,15.631195500219995,28.765437008265906,2.6323698284128283,101.05105379929321,8.954584951933287
5,4,91,378.9468999347707,2.1003117645418725,57.096021522533675,15.63020753403966,28.716417619877696,2.6212352058653994,101.02622918717098,8.946476952472485
6,4,90,379.07581390937276,2.094019703898926,56.87105421659042,15.62973567711423,28.66370972699675,2.609612270913501,100.99791851039528,8.937585565334489
7,4,89,379.2074544302995,2.0880873332389056,56.634073680641876,15.629848455459792,28.60709533482854,2.597488022256407,100.96568661657584,8.927847537057936
8,4,88,379.34176760210494,2.082550894134678,56.38489235911361,15.63062073520903,28.546354325384343,2.58485050350273,100.92905714849489,8.917196975548556
9,4,87,379.47869416326824,2.0774481042990343,56.12340252897475,15.632134240606142,28.48126688125164,2.571689100286419,100.8875120186139,8.90556580836
10,4,86,379.6181706020712,2.0728179979272316,55.84959288660512,15.634478122744586,28.411616484990926,2.5579948846291316,100.84049194895334,8.89288440617991
11,4,85,379.76013059669583,2.068700710427222,55.563567126709046,15.63774958784766,28.33719357860358,2.543761011635094,100.78739841327507,8.879082402047226
12,4,84,379.9045068130087,2.065137198963807,55.26556457757201,15.642054595929487,28.257799970507676,2.528983173367757,100.72759737544006,8.864089739267559
13,4,83,380.0512330875487,2.062168890304589,54.95598290755085,15.647508643092609,28.173254076444472,2.5136601141127,100.66042527294516,8.847837982448391
14,4,82,380.20024701267516,2.059837248175191,54.635402850544,15.654237643524322,28.083397073628884,2.497794210006106,100.58519774191922,8.830261925893618
15,4,81,380.3514929238725,2.0581832540176936,54.30461481048282,15.662378930415876,27.98810003152939,2.481392113984339,100.50122161045591,8.811301530903505
16,4,80,380.50492526342646,2.0572467980961378,53.96464709429897,15.672082398447689,27.88727205448654,2.4644654639218277,100.40781068881005,8.790904217192212
17,4,79,380.6605122568921,2.0570659827949695,53.61679538807492,15.683511813959793,27.780869426830016,2.44703164736283,100.30430584143387,8.769027522262814
18,4,78,380.818239784788,2.0576763472811823,53.262652932723384,15.696846322103475,27.66890568554933,2.42911461008367,100.19009971664661,8.745642124529935
19,4,77,380.97811525640856,2.0591100330747008,52.90414067689339,15.712282182570648,27.55146245404697,2.4107456875233297,100.06466631074922,8.720735199468828
20,4,76,381.1401711889589,2.061394924102622,52.54353649310771,15.730034766036438,27.428700748714522,2.391964427645745,99.92759522834169,8.694314041374836
21,4,75,381.3044680557383,2.064553812976617,52.18350235072812,15.750340840937001,27.30087231539269,2.3728193609804267,99.77863004444885,8.666409835141407
22,4,74,381.47109578393884,2.068603667673843,51.82710816456115,15.773461172839143,27.168330366060918,2.3533686586893996,99.61770955884153,8.637081402498431
23,4,73,381.64017304947305,2.073555099055689,51.47785090542182,15.79968344405249,27.03153887410943,2.333680603309329,99.44500995653372,8.60641867686979
24,4,72,381.81184323189814,2.0794121582864933,51.1396674987631,15.829325476294954,26.891079364909196,2.313833780847404,99.26098497661087,8.57454558467743
25,4,71,381.98626556680756,2.0861726213699927,50.816940081887196,15.862738700655768,26.74765393481257,2.293916889673883,99.06640021263743,8.541621936737661
26,4,70,382.16359969574575,2.0938289410472053,50.51449236809924,15.900311763140152,26.60208308866442,2.2740280547998055,98.86235674830453,8.507843874538915
27,4,69,382.34398152575403,2.1023700574806807,50.237576193581134,15.942474077503935,26.455296961683597,2.2542735404448004,98.65029866863132,8.473442391387625
28,4,68,382.52748817608557,2.1117842498705706,49.9918477911029,15.989699038095104,26.308318657963177,2.2347657749184306,98.43199885025463,8.43867948145775
29,4,67,382.71408996240007,2.1220631717331644,49.78333389728617,16.04250648494488,26.16223887196393,2.2156206454533,98.20951815111277,8.40384158717767
30,4,66,382.9035880460865,2.133207134094993,49.61838836197106,16.10146387650055,26.018181726996932,2.1969540910502445,97.98513502348204,8.369230241056906
31,4,65,383.0955377671354,2.1452315780041653,49.50364034441769,16.167185482662966,25.87726289228498,2.178878119295688,97.76124590504065,8.335150144184345
32,4,64,383.28915993780663,2.1581745124572254,49.44593527061872,16.24032877853059,25.740542475620124,2.161496492517862,97.54024148971878,8.30189537744568
33,4,63,383.4832455027516,2.1721044986788267,49.45226930496425,16.321587118903146,25.608976756908106,2.1449004537882166,97.32436968286987,8.269734950038917
34,4,62,383.6760627075973,2.187128561564613,49.529717020640504,16.411677729611554,25.483374201049596,2.1291649667515222,97.11560162305415,8.238899349011545
35,4,61,383.8652796625662,2.2033992391163912,49.68535020014754,16.511324088575172,25.36436190353355,2.1143459881144735,96.91552090362191,8.209570012775552
36,4,60,384.04791802358096,2.221119879166103,49.926143364430246,16.621231908561263,25.252368184190182,2.1004792399241423,96.72525606830789,8.181873547094625
37,4,59,384.2203543678442,2.2405472899299657,50.25885896948368,16.742058190894248,25.14762512895008,2.087580777481468,96.54547108346858,8.155881922730854
38,4,58,384.3783837793711,2.2619909577433566,50.689902600036675,16.874373203254454,25.050191576676106,2.0756493683645227,96.3764177834369,8.13161886254229
39,4,57,384.51735473194253,2.2858082469611922,51.2251363939195,17.01861574297149,24.959993023136676,2.0646703641159614,96.21804042812938,8.109071352655869
40,4,56,384.6323758678684,2.3123952580390186,51.869637877254576,17.175042661625568,24.876871325951324,2.0546204520155595,96.07010970025031,8.088204070576758
41,4,55,384.71858486389743,2.3421733002087737,52.62739199357233,17.343674307084477,24.800635214548503,2.04547252085772,95.93235650890762,8.068973925081746
42,4,54,384.77145907404235,2.375571210757154,53.50090710161588,17.524238222095043,24.73110326533549,2.0371999266640723,95.80457811445935,8.051342118178367
43,4,53,384.7871391775922,2.413004028141102,54.49075192828667,17.716114049741158,24.668134128894817,2.0297796958806584,95.68670026853131,8.035282148471737
44,4,52,384.7627325790608,2.4548488285121217,55.59502066661098,17.918283077021727,24.611643365208522,2.0231945728405343,95.57879554529147,8.020783645815591
45,4,51,384.6965640135685,2.5014188900388126,56.808747970304225,18.129286188386526,24.561610637155685,2.017434176146257,95.48107385961379,8.007853336240908
46,4,50,384.58834675890927,2.5529377469290564,58.123313991019145,18.347194252147894,24.518083641104877,2.012495747727627,95.39387045959322,7.996515270627969
47,4,49,384.4392578083402,2.609515069581827,59.525899947032656,18.569595202620366,24.481185006325735,2.008384977168624,95.31765571950682,7.986812385489456
48,4,48,384.25191208119037,2.671126545957722,60.99907355291417,18.793602332447563,24.45112534872943,2.005117152198292,95.25307931506975,7.9788104599048895
49,4,47,384.03024168559324,2.7375999217144154,62.52059625160058,19.015888444872715,24.428220556256232,2.002718491270119,95.2010417516034,7.972603857376822
50,4,46,383.7792943365228,2.8086090081935797,64.06354545727702,19.232750217009333,24.412905924647635,2.0012270928207947,95.16276491124772,7.968320645102896
51,4,45,383.50496931087866,2.8836767972903172,65.5968307891495,19.440205959672763,24.405736231286852,2.000692668157147,95.1398188051963,7.966123501840399
52,4,44,383.2137100973763,2.962187927101095,67.08615178332728,19.63412756336072,24.407361387371118,2.0011742784357924,95.13406248650442,7.966202962119009
53,4,43,382.9121714899537,3.043409773369614,68.49539734755109,19.81040371414313,24.418472938709108,2.0027357445075293,95.14747740774138,7.968761332272746
54,4,42,382.60687708670935,3.1265205563744027,69.78842915667076,19.965126789028485,24.439726270684066,2.005439149008954,95.1819076605475,7.973988703220663
55,4,41,382.3038826661085,3.2106421737632416,70.93112979219315,20.09479095054046,24.47165352177165,2.0093376354011787,95.23876081302652,7.9820357878918875
56,4,40,382.00846261212087,3.2948750692134383,71.8935409294372,20.19648487496402,24.5145884011258,2.0144691768066196,95.318748011409,7.992990363967762
57,4,39,381.7248400167821,3.3783323539147254,72.65187745770986,20.268060334733217,24.56862286012073,2.020852871398764,95.42173886445744,8.006863767772368
58,4,38,381.4559843823924,3.4601706140079287,73.19019025970209,20.30825836784286,24.633606524152864,2.0284885980978,95.54677354265851,8.023591027275291
59,4,37,381.20350111659207,3.5396153402476696,73.50147151254568,20.316778374830054,24.70918628838396,2.0373598012094716,95.69222404006216,8.043043903485362
60,4,36,380.9676317128345,3.6159796501582764,73.58805428770766,20.294281844970232,24.79487104319626,2.04743819858984,95.85604975366506,8.065052105520477
61,4,35,380.7473718183473,3.68867583510774,73.46124673503198,20.242330436957452,24.89010004221945,2.058688709569573,96.03606819807041,8.089425843980202
62,4,34,380.54069801287346,3.7572201124323334,73.14024496469253,20.163266236704978,24.9942949424923,2.0710730309525074,96.23016719570847,8.115973335824606
63,4,33,380.34487691768794,3.8212316467454794,72.65046696646343,20.060048578696907,25.10688352154305,2.084550932504953,96.43641429197723,8.144509391749315
64,4,32,380.1568168822131,3.8804273145192525,72.02152207069489,19.93606570756767,25.227293730332136,2.099079198766115,96.65305803187152,8.174854593854976
65,4,31,379.9734166812805,3.9346137840890787,71.28506268778025,19.79494037008126,25.354926014764818,2.1146088890690318,96.87844898988035,8.206827508910894
66,4,30,379.79186887846544,3.9836783096012454,70.47275377756606,19.640346477089405,25.48911700435641,2.1310820032749875,97.11092630302443,8.240234012877943
67,4,29,379.6098865895199,4.027579288592953,69.61454759637353,19.475850061214054,25.629107986023477,2.148428665116065,97.34871572922691,8.274857896888223
68,4,28,379.42583804873834,4.0663372254461425,68.73738116151947,19.30478287488782,25.77402804973059,2.1665656455712083,97.58987208577662,8.310455808261498
69,4,27,379.2387895334115,4.100026378295109,67.8643386842184,19.130152064107943,25.922896353216053,2.1853966004212197,97.83227966222752,8.346757874448036
70,4,26,379.0484702585905,4.128767108222768,67.01425591100966,18.954585133132163,26.0746426076031,2.2048139511596014,98.07370606539438,8.383473697679605
71,4,25,378.8551807244699,4.1527188151621335,66.20169732671926,18.78030630650267,26.228141044720996,2.2247020130167963,98.31189271960244,8.420302234146815
72,4,24,378.6596683446633,4.172073316744532,65.43721342023186,18.609138528323015,26.382251349179093,2.2449408162802484,98.54466047707065,8.456943550895472
73,4,23,378.4629920580461,4.1870485663323525,64.72778118498212,18.4425246139206,26.535860135756124,2.2654100649521896,98.77001040361924,8.493110517455786
74,4,22,378.2663927772403,4.197882673690828,64.07734107496111,18.281561240594623,26.687917904161445,2.285992781416158,98.98620531266644,8.528538934857165
75,4,21,378.0711807164382,4.204828254413977,63.48736136537613,18.127040230784154,26.837468291264525,2.306578339275836,99.1918244043888,8.56299520375768
76,4,20,377.87864520757773,4.208147174651275,62.957380821597695,17.979492655603696,26.983668287290794,2.327064741054818,99.38578947160443,8.596281205592437
77,4,19,377.6899883159638,4.2081057712651635,62.485499038772105,17.83923243907587,27.125799544353885,2.3473601235841897,99.56736553515566,8.628236512266497
78,4,18,377.50628064839367,4.204970618480428,62.06879882185966,17.706397216232258,27.26327186191983,2.3673835601254822,99.73614124888962,8.65873831789802
79,4,17,377.3284361038276,4.199004888566128,61.70369595388381,17.580985103570526,27.395620416642892,2.3870652757958495,99.89199525312502,8.687699614987789
80,4,16,377.1572016695026,4.190465324604622,61.38621893616799,17.462886745130483,27.5224984226524,2.406346409622418,100.03505435165188,8.715066154525067
81,4,15,376.9931583936048,4.17959981462766,61.112225481723996,17.351912505967313,27.64366679014669,2.425178452453605,100.16564843995305,8.740812676567161
82,4,14,376.83673008539483,4.1666455324977765,60.877564508622015,17.247815022495878,27.75898210644348,2.4435224739791073,100.28426591744626,8.764938810170284
83,4,13,376.68819689036883,4.151827593745044,60.6781928478044,17.15030752029765,27.868383976329273,2.4613482310845813,100.39151213734353,8.787464944560659
84,4,12,376.5477115188387,4.135358164295536,60.51025543520878,17.05907840941253,27.97188247953684,2.4786332282001893,100.48807242882059,8.808428282637855
85,4,11,376.41531648846586,4.117435955791219,60.37013682759992,16.97380269586185,28.06954626006062,2.495361780755539,100.5746804248785,8.827879211059454
86,4,10,376.2909612354835,4.098246041678845,60.254490751945994,16.89415073130715,28.16149156543604,2.5115241164837045,100.65209184779998,8.845878060752666
87,4,9,376.1745183444825,4.077959932037636,60.1602532477296,16.81979477936349,28.247872404311977,2.5271155363833175,100.72106351552844,8.862492287097247
88,4,8,376.06579844768095,4.056735850965874,60.084643890676645,16.750413820697446,28.32887188243791,2.542135647408281,100.78233709825815,8.877794068043652
89,4,7,375.9645635642871,4.034719167241498,60.02515864342732,16.685696958707556,28.404694703200807,2.556587671937422,100.83662703585286,8.891858298367195
90,4,6,375.87053880415675,4.0120429361623,59.979557079481225,16.625345728958123,28.47556077148015,2.5704778342460037,100.88461198882656,8.904760946469521
91,4,5,375.7834224622548,3.988828517445091,59.94584606824712,16.56907556180194,28.54169981200325,2.5838148210505487,100.92692921058776,8.916577734321718
92,4,4,375.7028945944555,3.965186240505218,59.92226147829703,16.516616600294622,28.603346899895982,2.596609311291132,100.96417127530454,8.927383099435872
93,4,3,375.6286242016061,3.941216094178781,59.907249035906645,16.467714034996767,28.660738797268955,2.6088735692968266,100.99688465890173,8.937249398722788
94,4,2,375.56027516589256,3.917008422927058,59.899445148793134,16.422128083353336,28.714110992087384,2.620621095075358,101.02556974000007,8.946246316689281
95,4,1,375.4975110877069,3.892644615781165,59.89765825381973,16.379633713449007,28.76369534179255,2.6318663254707637,101.05068185638993,8.954440443901927
96,4,0,375.43999916706935,3.8681977777935534,59.90085105738923,16.340020189323408,28.809718232446333,2.6426243801923723,101.07263311692266,8.961894995486029
0,5,95,378.4551706939132,2.1228018292378374,57.88948783209898,15.629549059458835,28.896859455802154,2.664079388652014,101.11019529903979,8.975475235359951
1,5,94,378.5737837619237,2.115010296843306,57.70759293121971,15.626803269827256,28.857592275028892,2.654280167856011,101.09369563527785,8.969373709075226
2,5,93,378.69535713211934,2.10743241986062,57.514522126968345,15.624362746735105,28.81519758563591,2.644023135756017,101.07475625727447,8.962649571482617
3,5,92,378.8198651545372,2.100097726018211,57.309835075514314,15.622277459768668,28.769460642942754,2.6332918567784747,101.05304330075982,8.955246156136278
4,5,91,378.9472740740374,2.093037593863479,57.09311553610584,15.620602298555276,28.720157969752606,2.6220700904439083,101.02818370169506,8.947102977406825
5,5,90,379.0775420769876,2.086285266116309,56.86398067465741,15.619397468084633,28.66705824187582,2.6103419578264844,100.99976223866857,8.938155763699907
6,5,89,379.21061951621454,2.0798758389068155,56.6220919044607,15.618728915265557,28.609923513791212,2.598092140315519,100.96731881818633,8.928336573950203
7,5,88,379.34644935186583,2.0738462206649353,56.367167430992424,15.618668790842106,28.54851085242976,2.585306115641003,100.93034617979079,8.917574019059776
8,5,87,379.4849678496892,2.068235053409475,56.098996668838666,15.619295951844702,28.482574456681274,2.5719704366563603,100.88828824664431,8.905793613700238
9,5,86,379.6261055816242,2.0630825881219588,55.81745669354264,15.620696511090305,28.41186835007073,2.5580730588612477,100.84053940396726,8.892918287925728
10,5,85,379.7697887760774,2.0584305048446914,55.52253087743196,15.622964441932426,28.336149743550138,2.5436037230377924,100.7864450522534,8.878869092203173
11,5,84,379.91594106622347,2.054321667207144,55.21432983343918,15.626202248563272,28.2551831736093,2.52855439958134,100.72530385328372,8.863566133512537
12,5,83,380.06448568331933,2.0507998004016743,54.893114751379684,15.630521714753039,28.168745526591618,2.5129198010123783,100.65637216199342,8.846929783718158
13,5,82,380.21534813719546,2.047909081404676,54.55932315347637,15.636044747038046,28.076632061301904,2.496697968595684,100.57887121151653,8.828882203889545
14,5,81,380.3684594162252,2.0456936307620843,54.21359701626662,15.642904332078277,27.978663536070012,2.4798909377457434,100.49199768468183,8.809349228835691
15,5,80,380.52375972201025,2.0441968969218753,53.85681310060413,15.651245632198666,27.874694529849528,2.462505484678113,100.39493835149537,8.788262653682727
16,5,79,380.68120272676305,2.0434609274173474,53.49011519704719,15.661227247932104,27.764623015117632,2.4445539532163645,100.28688946253367,8.765562957374701
17,5,78,380.8407602998342,2.0435255268361487,53.11494782858948,15.673022681504158,27.648401187658383,2.4260551553552863,100.16708154076896,8.741202484614405
18,5,77,381.00242758844536,2.044427310238247,52.73309075688354,15.68682204025544,27.52604747816454,2.40703533163287,100.03481008098751,8.715149085700933
19,5,76,381.1662282490372,2.046198673398254,52.34669341600966,15.702834023323799,27.397659555880132,2.3875291470892535,99.88947241260708,8.687390180402437
20,5,75,381.33221950011523,2.0488667188512046,51.95830815901034,15.721288237433583,27.26342797853837,2.3675806851818426,99.73061057044444,8.657937164853397
21,5,74,381.5004964933145,2.0524521999822443,51.57092096352655,15.742437886741264,27.123649940971895,2.3472443852938514,99.55795941159467,8.626830017395354
22,5,73,381.6711952634184,2.056968574678644,51.18797802924077,15.766562875028852,26.978742326887783,2.3265858496614804,99.37149838671677,8.594141879480249
23,5,72,381.8444932079422,2.0624212949092735,50.81340654598014,15.793973342929121,26.829252982405368,2.305682423611856,99.17150431405075,8.559983292861938
24,5,71,382.02060565604626,2.0688074972094608,50.451627859763974,15.825013634207325,26.67586882661655,2.2846234309703957,98.95860124749063,8.524505669911564
25,5,70,382.19977662297197,2.076116297623218,50.10756136096376,15.860066638523172,26.519419131727428,2.2635099278029527,98.73380217122813,8.487903471319438
26,5,69,382.3822613463016,2.0843299267325506,49.78661770515862,15.89955838831646,26.36087210330256,2.242453827445142,98.49853597461697,8.450414483402952
27,5,68,382.5682977476688,2.093425956470707,49.49468047526196,15.943962689821266,26.20132285390566,2.2215762549316476,98.25465225104521,8.41231755289708
28,5,67,382.75806370902967,2.1033808581034643,49.23807608735433,15.993805440054583,26.04197109655727,2.2010050177291784,98.00439632741494,8.373927185615205
29,5,66,382.9516172276997,2.114175076143232,49.02353255865779,16.049668124266425,25.884087503424997,2.1808711406094026,97.75034806219568,8.335584586536632
30,5,65,383.1488174217334,2.125799693402352,48.858128547358746,16.112189809198483,25.728968780308527,2.161304512160488,97.49532086143971,8.297645049141023
31,5,64,383.3492263187918,2.1382645911147264,48.74923462066407,16.18206676172407,25.577883139406207,2.1424288299256427,97.24222241915427,8.260462109560835
32,5,63,383.55199460807404,2.15160777983957,48.70444874267547,16.260048653170756,25.43200992686938,2.1243562011111865,96.99388584239861,8.224369544527994
33,5,62,383.7557390411008,2.16590531319085,48.731527240310584,16.346930186239376,25.292379391514388,2.1071819309768927,96.75288826239768,8.189663022843044
34,5,61,383.9584244770253,2.181280937219967,48.83831083578245,16.443536935884463,25.159820428061423,2.090980167194583,96.52138190046023,8.156583845096701
35,5,60,384.1572686954893,2.197914426896645,49.03264272672958,16.550704257925656,25.034924841759604,2.075801106628075,96.30096698843387,8.125307479509308
36,5,59,384.3486916085706,2.2160474711695426,49.32227235577736,16.66924831434008,24.918035501350484,2.06167035379397,96.09263378167262,8.095939269630119
37,5,58,384.5283308233286,2.235986024226334,49.71473483411418,16.799928610004585,24.809262277961558,2.048590720897407,95.89679016163574,8.068518614501025
38,5,57,384.6911414350561,2.2580982414686375,50.21719248398844,16.94340194151821,24.708524289321705,2.036546312569899,95.713372920918,8.043031218838927
39,5,56,384.83158914528263,2.2828074227549555,50.836222216741106,17.100168320556605,24.615611023108016,2.025508253388191,95.54201948368997,8.019427110555794
40,5,55,384.9439331647587,2.3105797267661985,51.57753110194484,17.27051022363269,24.530250400367702,2.0154410516738652,95.382260060967,7.997640674691666
41,5,54,385.02258090877626,2.3419067416644292,52.44558329608867,17.454427372437586,24.452170619854957,2.006308494889346,95.23368531531719,7.977608563164177
42,5,53,385.06248304186784,2.3772832833026527,53.443125529865725,17.651570062870903,24.38114547979007,1.9980782007276632,95.09605475105114,7.959282265446098
43,5,52,385.0595279784127,2.4171810815361265,54.57060688285726,17.861174725724386,24.317018990621857,1.9907244387694003,94.96933336378203,7.942634102792722
44,5,51,385.0108919133629,2.4620193756626647,55.825502828548395,18.08200585334421,24.25971231337493,1.9842294194305887,94.85367051959636,7.927657737601793
45,5,50,384.9153049289693,2.5121339156705482,57.201574063950304,18.31230870364667,24.209221776092612,1.9785837123837702,94.74935584912322,7.914366125368356
46,5,49,384.7732049331172,2.567746422159691,58.68811651550955,18.54977744487123,24.165618877934584,1.973786640432325,94.6567945263772,7.902790515698584
47,5,48,384.5867665370325,2.6289370620609755,60.269287026100244,18.79154380246639,24.12906089108539,1.9698473240468348,94.57653534786448,7.892983343932165
48,5,47,384.3598077814598,2.6956227569271123,61.92361411423741,19.03419183665974,24.09981434271213,1.9667865608057584,94.50936093412251,7.885025783669484
49,5,46,384.09759031807636,2.7675439848305743,63.62381772976882,19.273804933209746,24.078285030379007,1.9646390525572048,94.45641619001492,7.879037906316009
50,5,45,383.80653602354386,2.8442621004467963,65.33705894442949,19.506050828270034,24.065040226174883,1.9634548755612227,94.41931958074089,7.875186759869865
51,5,44,383.4938847634789,2.9251681582883826,67.02571500884132,19.726308790028718,24.060805001168827,1.963298811286102,94.40018574552545,7.873686417090993
52,5,43,383.16731557865995,3.0095029734548624,68.6487263102373,19.929839456437776,24.066418222045392,1.9642464532823927,94.40149988670584,7.874785159848934
53,5,42,382.83454946686464,3.096386925241542,70.16349352530916,20.11199234362499,24.08274536121289,1.9663769194281409,94.4258276124272,7.878738685050374
54,5,41,382.50294898555074,3.1848569975352747,71.52822387271306,20.268439420265498,24.110561608827897,1.9697632712963877,94.47540685725455,7.885773516855987
55,5,40,382.1791303295723,3.27390787365626,72.70454559469482,20.395416644547552,24.15043324670153,1.9744628545535816,94.55172566657816,7.896049548234408
56,5,39,381.8686080565725,3.362533606325644,73.66014196052777,20.48995048943982,24.202630549718272,1.9805101627387989,94.6552122874902,7.909632440221794
57,5,38,381.5754996481749,3.4497664703851734,74.37111389779648,20.550044682211627,24.267097708510295,1.9879141951600239,94.78513623104327,7.9264841874492715
58,5,37,381.3023227202951,3.534710068226241,74.82377783793508,20.574804677853624,24.34348670274688,1.9966608134993014,94.93974905238842,7.946474225167882
59,5,36,381.0499171130932,3.616564565298369,75.01565275462045,20.564483961270405,24.43124052486205,2.0067189145891255,95.11661170258876,7.969406521316725
60,5,35,380.8175139409842,3.694642998226552,74.95548784123942,20.520446176847024,24.529695924568482,2.0180480513748016,95.31299730666639,7.995053161672886
61,5,34,380.6029541803788,3.7683787551963412,74.66231556166963,20.44504831397994,24.638172719610274,2.030604902754628,95.52624636278948,8.023183881305457
62,5,33,380.4030347958604,3.8373253605074216,74.16365700434034,20.34146028414782,24.756025536428538,2.044346703073024,95.75398458905434,8.053583779249854
63,5,32,380.21393759960574,3.901150404529041,73.49312598730369,20.213443154060794,24.882649522544735,2.059230994860167,95.99417208127907,8.086056442452604
64,5,31,380.0316817432173,3.9596257383281444,72.68774922176465,20.065111011220196,25.017447330358532,2.075212328975374,96.24501022397124,8.120414720330874
65,5,30,379.8525390494886,4.012615911799394,71.78532951831585,19.90070004212213,25.159775174549765,2.0922373795233087,96.5047702087277,8.15646472390185
66,5,29,379.6733623901986,4.060066390995426,70.8221311609534,19.724363870183005,25.308888756213346,2.1102401827575856,96.77161642011333,8.193989559853222
67,5,28,379.4917973136374,4.101992512277807,69.83107838134733,19.540007908639048,25.463906123384337,2.1291389084148897,97.0434831842723,8.232738117625486
68,5,27,379.30637023499105,4.138469579988979,68.84055368022351,19.3511688113012,25.62379684945551,2.148834945576612,97.31803519712993,8.272421794432704
69,5,26,379.116466827753,4.169624103694115,67.87378632465573,19.16093915655984,25.78739851296061,2.1692143943295195,97.59271244256374,8.312719409004599
70,5,25,378.9222277516331,4.195625946129268,66.94874958516488,18.97193297671064,25.95345490942541,2.190151507414229,97.86483857824564,8.353288526162391
71,5,24,378.7243941847439,4.216681097906348,66.07844524084092,18.786284920426848,26.12066695808758,2.2115133270071787,98.13176148853232,8.393780371809802
72,5,23,378.5241338814904,4.233024855626761,65.27144361101296,18.605674629712823,26.28774683193224,2.233164711142834,98.39099512488743,8.433855430435663
73,5,22,378.32287214252074,4.244915291838474,64.53255913332657,18.431368006175532,26.453467554623735,2.2549730737924,98.64033919722262,8.473197393233264
74,5,21,378.12214390110483,4.2526270151561905,63.863565683475116,18.264268012968063,26.616703030098034,2.276812380990026,98.87796344059,8.511523997739191
75,5,20,377.9234752739295,4.256445295593896,63.26388392509746,18.104969093018276,26.776456235077315,2.2985661737216287,99.1024526823112,8.548594165711444
76,5,19,377.7282966649765,4.256660664090199,62.731199114431874,17.953810843374033,26.93187552239679,2.320129576784607,99.3128159222807,8.584211524290911
77,5,18,377.53788528267415,4.2535640918375845,62.261988884551315,17.810928038205212,27.082260435666615,2.341410381393949,99.50846664131647,8.618224824680235
78,5,17,377.35333259172984,4.247442827026804,61.85195571674748,17.676295310815057,27.227059165156003,2.3623293592402597,99.68918298130154,8.650525972345532
79,5,16,377.1755313453261,4.238576927476839,61.49636855077162,17.549765741363593,27.365859952058468,2.382819989456491,99.85505608088665,8.681046411727595
80,5,15,377.0051769393904,4.227236488025305,61.19032339689056,17.43110326021203,27.498378573797996,2.4028277730619454,100.00643349675575,8.70975253227875
81,5,14,376.8427784696519,4.2136795281835004,60.928935123944,17.320009205450482,27.62444368927757,2.4223092857808948,100.1438629164593,8.736640636382775
82,5,13,376.6886757375705,4.198150481420715,60.70747289871571,17.21614361758045,27.743981413519954,2.441231089930284,100.26803967964764,8.761731871813081
83,5,12,376.5430593395655,4.180879212878306,60.52145088694655,17.1191419645711,27.85700010138869,2.4595685958542037,100.37976018430442,8.785067404490892
84,5,11,376.405991773302,4.162080486102993,60.366684388487585,17.02862801008037,27.963575987687484,2.4773049366495945,100.47988214100873,8.806704002020991
85,5,10,376.277428157084,4.141953799625413,60.23931995145951,16.944223500988684,28.063840068328652,2.494429898083117,100.56929184644002,8.826710117534402
86,5,9,376.15723567506006,4.120683518901483,60.13584641876167,16.865555282935205,28.157966412157887,2.5109389287795336,100.64887813118992,8.845162505067751
87,5,8,376.0452112445854,4.098439236519036,60.05309242278153,16.792260371811228,28.246161956051278,2.5268322434435353,100.71951233638089,8.862143358380358
88,5,7,375.9410971743358,4.075376302265307,59.988214609628926,16.723989426459177,28.328657745376898,2.5421140232736352,100.78203352994333,8.877737940570322
89,5,6,375.8445947661431,4.051636473649117,59.938679850678724,16.660408989843035,28.405701526487448,2.5567917120190833,100.83723813661783,8.892032658206778
90,5,5,375.7553759316515,4.027348646113234,59.90224387265617,16.60120279618196,28.477551567796034,2.5708754025820206,100.88587318659751,8.905113527683167
91,5,4,375.67309296496114,4.002629630066132,59.87692808381102,16.54607238134055,28.54447157333796,2.584377307067174,100.92863245734682,8.917064980558875
92,5,3,375.5973866488531,3.977584948813689,59.86099586572085,16.49473718321474,28.606726551566872,2.5973113022524608,100.96615487142294,8.927968956890973
93,5,2,375.52789288593857,3.9523096374223696,59.85292921156555,16.44693427727271,28.66457950811065,2.609692542236776,100.99902460682702,8.937904239605864
94,5,1,375.46424804517943,3.926889027524842,59.85140629865211,16.40241785878063,28.718288841247272,2.621537130254659,101.02777246731925,8.946945987890949
95,5,0,375.4060932044243,3.901399507164286,59.85528036527387,16.360958556417224,28.76810633085936,2.632861842147244,101.05287814360081,8.95516543278666
0,6,94,378.5688748831692,2.109307939386477,57.71792207310611,15.619381723542865,28.862689970702217,2.6555171093077368,101.09593186276568,8.970178771333185
1,6,93,378.69149045912775,2.10132497038231,57.52285989439865,15.616346736487966,28.820274672726516,2.6452188552070295,101.07712153609158,8.963467665366867
2,6,92,378.8171286462981,2.0935666333046514,57.315710628597984,15.613625833734721,28.77445158586781,2.6344334879447877,101.05551033716385,8.956066427469022
3,6,91,378.9457562082781,2.0860642427243263,57.09598881483352,15.611271510316973,28.72498303667108,2.623142954961188,101.03071135471818,8.947911478315005
4,6,90,379.0773309020112,2.0788511301731116,56.86323446898578,15.609341460134992,28.67162121017788,2.611329349157064,101.00229159979874,8.938934843206336
5,6,89,379.2118015414992,2.0719626636678243,56.617023342673605,15.60789899283626,28.61410907069602,2.5989750856923184,100.96976841593477,8.929064171314735
6,6,88,379.34910826943485,2.0654362404826214,56.356978925880554,15.607013483383248,28.55218166434184,2.586063115027265,100.93260615606928,8.91822284875018
7,6,87,379.4891830825864,2.0593112458234577,56.082786391556084,15.606760858781751,28.485567883765953,2.5725771781550106,100.89021333775749,8.906330231050212
8,6,86,379.6319506621675,2.053628968744827,55.79420868364939,15.607224127674753,28.41399278790023,2.5585021107043566,100.84194054895887,8.893302025422742
9,6,85,379.77732956551847,2.0484324652409485,55.49110494597741,15.60849396009958,28.337180582646848,2.5438242033067744,100.78707944843816,8.879050858258214
10,6,84,379.9252338397678,2.043766357002889,55.17345147527716,15.6106693267452,28.25485838155364,2.5285316262541695,100.72486328736447,8.863487068911477
11,6,83,380.0755751211125,2.039676552961504,54.8413653542877,15.613858209629743,28.166760877669866,2.5126149269293996,100.65446947102592,8.846519776267519
12,6,82,380.228265284047,2.0362098795970955,54.495130875645884,15.618178399349963,28.072636067382504,2.496067608626607,100.57502477874591,8.828058269701247
13,6,81,380.3832197020376,2.0334136053351624,54.13522880006249,15.623758398039076,27.97225217176629,2.478886798990738,100.48561396052783,8.808013780024709
14,6,80,380.540361172975,2.031334844518896,53.76236839756859,15.630738451999388,27.865405897517032,2.4610740151157926,100.38529252129256,8.786301687860307
15,6,79,380.69962454672105,2.0300198279504293,53.377522093446785,15.639271743702775,27.75193216329667,2.4426360299756937,100.27310457324502,8.762844225131643
16,6,78,380.86096206456284,2.0295130304943214,52.98196237625487,15.649525779452627,27.631715382224098,2.4235858408387334,100.1481066625881,8.737573718046216
17,6,77,381.0243493762616,2.0298561526107486,52.57730042119296,15.661684016312426,27.504702329576133,2.4039437340426355,100.00939842889838,8.71043640447749
18,6,76,381.18979213233706,2.0310869630122808,52.16552563809452,15.675947779539467,27.370916527223823,2.383738431293453,99.85616079504253,8.681396831847202
19,6,75,381.3573329471044,2.033238025178024,51.74904507468841,15.692538528970283,27.23047393254737,2.36300828976616,99.68770206436915,8.650442799773879
20,6,74,381.5270583779941,2.036335352554974,51.33072130504391,15.711700538309312,27.083599519275403,2.3418025110652287,99.5035117650107,8.617590751038058
21,6,73,381.69910535097614,2.0403970671475316,50.913907132907525,15.733704053043876,26.93064407292834,2.3201822921502164,99.30332127267471,8.58289143147301
22,6,72,381.87366615904364,2.045432174565782,50.502475175057555,15.758848987711673,26.772100192263792,2.298221824810271,99.08716911833527,8.546435532519249
23,6,71,382.0509907483132,2.051439615125462,50.100840209564595,15.78746920720189,26.608616099386655,2.2760090203352994,98.85546743044029,8.508358901025536
24,6,70,382.23138446771935,2.0584078030384285,49.7139721388092,15.819937404021138,26.441005441922023,2.2536458053454567,98.60906421389161,8.468846756718767
25,6,69,382.4151987956866,2.0663149189819725,49.34739759401833,15.856670527094373,26.27025087333714,2.2312478080463833,98.34929426247069,8.428136214232632
26,6,68,382.60281181347034,2.0751302663506372,49.00718865643705,15.89813563015919,26.09749890741625,2.2089432387657357,98.07800969956568,8.386516290389752
27,6,67,382.79459448478343,2.084817024624895,48.69993792067136,15.944855882319581,25.924043482396268,2.1868707744964992,97.7975798707039,8.344324528281282
28,6,66,382.9908583466705,2.0953367165335837,48.43272015070585,15.997416315966216,25.751295996223497,2.16517629656517,97.51085017890229,8.301939440065818
29,6,65,383.19178037095475,2.1066556287112688,48.21304196136981,16.05646868010672,25.580740462601504,2.144008416388038,97.22105122332324,8.259768221057556
30,6,64,383.39730199103735,2.1187532702775385,48.048782068523835,16.122734531333503,25.413874044954962,2.1235128669281043,96.93165407578739,8.218229675479733
31,6,63,383.6070021082137,2.1316327117547793,47.94812535394112,16.19700545254098,25.25213561852375,2.1038260389700865,96.64617528454221,8.177733048365141
32,6,62,383.8199486386508,2.1453323283454244,47.91949389213272,16.28013907422688,25.096828052479783,2.0850681869634453,96.36794611114419,8.138654441636863
33,6,61,384.03453974255916,2.1599381137218865,47.971476833878455,16.373049424924282,24.949043117390588,2.0673370777605813,96.09987314392998,8.101313555718502
34,6,60,384.2483534799545,2.175595397802492,48.1127584513122,16.476690096809016,24.80960040335724,2.0507030340666197,95.84422852549297,8.065954347073218
35,6,59,384.45803162033474,2.1925185759536103,48.35203981188279,16.592028815131968,24.67901214021815,2.0352063366932254,95.60251268545304,8.032733417134617
36,6,58,384.65922744454843,2.2109974109676998,48.69794484846035,16.720012273064107,24.557483175169974,2.0208577089223048,95.37542566401333,8.001719157380046
37,6,57,384.8466463650774,2.2313986357087465,49.15889662438785,16.861520557187614,24.444949190839733,2.0076420885137902,95.16296254166588,7.972902727227482
38,6,56,385.01420063595964,2.2541619318134627,49.74294501484309,17.01731115656465,24.341147595991206,1.9955251875619349,94.96461749200475,7.946219170599791
39,6,55,385.15528543938893,2.279789796371353,50.457523481735734,17.187953416104747,24.24570701134424,1.9844616564441646,94.77964926872424,7.921574233471571
40,6,54,385.26316512373484,2.3088312222980942,51.309110820125014,17.373755317919596,24.158236240231815,1.9744032671437242,94.60734147350898,7.8988708178832505
41,6,53,385.33143872752976,2.3418594397977586,52.3027747284974,17.57468554245939,24.078394530027346,1.965305605430597,94.44719362853245,7.878029307519446
42,6,52,385.3545373561966,2.379444217688917,53.44157938283193,17.79029470443985,24.00593197070065,1.95713232320965,94.2990049215211,7.858998285062459
43,6,51,385.32819654078605,2.4221195152899773,54.72585094651724,18.019640309881208,23.940699606624403,1.9498568601908486,94.16285231792489,7.841755638215746
44,6,50,385.24984722306584,2.4703477416796003,56.15231510730656,18.26122028956515,23.882639291078046,1.9434623849475372,94.03900345475283,7.826303428411255
45,6,49,385.11887999580244,2.524482573021763,57.713150083587635,18.51292009337783,23.831769749245854,1.9379412311942608,93.92782831042578,7.812661961596679
46,6,48,384.9367562960202,2.5847330943436826,59.395035342679094,18.771978627237612,23.788185528117378,1.933295136595828,93.82977403078547,7.800868545293091
47,6,47,384.70696255645885,2.6511327082334284,61.17831527552589,19.03497909791785,23.752079156424003,1.9295370991457714,93.74544321518766,7.790984333381368
48,6,46,384.4348231677759,2.72351647555272,63.03642955005738,19.297872059454463,23.723785254054885,1.9266947597157262,93.67577191499926,7.783108878753333
49,6,45,384.1272010459175,2.8015101087551058,64.93577711355177,19.556038996530265,23.703831584288434,1.924814148195227,93.6222502801247,7.777397515003961
50,6,44,383.79211893082856,2.8845327257550455,66.83616906777134,19.804404513726258,23.692971040434347,1.9239617851409518,93.5870844558091,7.774073054577021
51,6,43,383.43833147592477,2.9718139087666957,68.69198159377035,20.037602488566264,23.692166147458835,1.9242229653740843,93.5731860061467,7.773422427012842
52,6,42,383.07487096517985,3.0624239353520957,70.4540454029241,20.250195859668086,23.702508012123918,1.9256948788169972,93.58391241842334,7.77577216753088
53,6,41,382.7105822361046,3.155314578145031,72.07221131589671,20.436941524561195,23.72507390444079,1.9284749654971909,93.62256735726297,7.781443855051723
54,6,40,382.3536590961405,3.2493668090029937,73.49842518000334,20.593082522931446,23.760754158131817,1.9326469527613916,93.69177338580047,7.790699234351871
55,6,39,382.0111979652652,3.34344116179046,74.69004361557276,20.714641252379522,23.81009756269451,1.9382684304481894,93.79290460816625,7.803690855508584
56,6,38,381.6887946587611,3.4364263955077377,75.61304085275111,20.798682027349702,23.87322409120814,1.945363756171106,93.92576873012162,7.820434094300158
57,6,37,381.3902231421307,3.527282441464365,76.24471536478296,20.843510748892665,23.949832310106174,1.953924378270633,94.08864698786755,7.840809570758674
58,6,36,381.1172433623925,3.6150744192578808,76.5755236804437,20.848784959432667,24.039294957740054,1.9639160111507625,94.27867027027116,7.86459407905276
59,6,35,380.86958130451444,3.6989957349083067,76.60976050020686,20.81551882055342,24.140805515464606,1.9752897074810636,94.49239156001354,7.89150821177813
60,6,34,380.64510475094966,3.778379781952476,76.36496262489257,20.745982439749262,24.253524499135846,1.9879927832320257,94.72636079291043,7.921264248727296
61,6,33,380.4401860378566,3.8527012718085096,75.87010933082954,20.643510008372125,24.376680814865175,2.0019760882579414,94.97753393391551,7.9535999435587055
62,6,32,380.25020741728866,3.921569397253223,75.16287843423824,20.512242883656615,24.509605108694387,2.017195831049753,95.24343028547761,7.988290734397967
63,6,31,380.0701365328757,3.98471564400014,74.28635081458746,20.356839807018186,24.65169776044012,2.0336102130869933,95.52204843631725,8.025141128670906
64,6,30,379.8950876835165,4.041979049068331,73.28560779993818,20.182186471649995,24.802354067510503,2.051172718693592,95.81162401349323,8.063962359872116
65,6,29,379.72079212455316,4.093291179636283,72.20463034911492,19.99313172569841,24.960877852483446,2.0698246073158857,96.11034221301813,8.10454616379237
66,6,28,379.5439244558331,4.138662303834178,71.08380405776084,19.794269715008635,25.126412057341586,2.0894889456866568,96.41610584891937,8.146643644660463
67,6,27,379.3622643045183,4.178169398307329,69.9581925395882,19.58977824557162,25.297904493013878,2.1100676803493865,96.72642017770993,8.18995488218824
68,6,26,379.1747036939658,4.211945983401186,68.85660034646146,19.38331526819299,25.474113936650426,2.131442195202509,97.0384086642741,8.234130823472398
69,6,25,378.9811332563178,4.2401733941939455,67.80133465014117,19.177968793319287,25.653650729071316,2.1534768887004097,97.34893561165963,8.278785547909308
70,6,24,378.7822513324817,4.26307298230093,66.80850764484082,18.976251259809317,25.83503949691644,2.1760247539227104,97.65479082391913,8.323514993318225
71,6,23,378.57933968808754,4.280898826207787,65.88869941679417,18.78012739380223,26.016789990455752,2.198933789664916,97.95288856327817,8.367917786653587
72,6,22,378.3740414953234,4.2939307065040335,65.04781366888005,18.591064504307713,26.19746408977614,2.22205322108802,98.24044275961243,8.411614532156097
73,6,21,378.16816565843936,4.302467288145253,64.28799170911938,18.410095381717163,26.37573097103138,2.2452388204151292,98.51509567920775,8.454263185320054
74,6,20,377.96353006792083,4.30681958932833,63.60849009868309,18.237885889698696,26.550406613616772,2.268356959958062,98.77499217771296,8.495569465880097
75,6,19,377.7618471211142,4.307304886135802,63.0064648590791,18.074801468762033,26.720477240985975,2.291287315778565,99.01880286735809,8.535292318527649
76,6,18,377.56464862800016,4.304241210500284,62.477635205059485,17.920968755804523,26.885108524812527,2.313924334933762,99.24570603997864,8.573245100751322
77,6,17,377.37324384589715,4.29794256593071,62.01682101829903,17.776330177849765,27.04364349549398,2.3361776835055053,99.45534059851074,8.609293489152517
78,6,16,377.1887031940373,4.288714932470041,61.618361509445975,17.64069063313651,27.19559236509635,2.3579719263909245,99.64774182270872,8.643351142505429
79,6,15,377.0118604225739,4.2768530767785355,61.27642949569233,17.51375624378401,27.340617202729778,2.3792456779863573,99.8232698182063,8.675374047100025
80,6,14,376.843326992922,4.262638135815466,60.98525835713562,17.395165710406147,27.47851387860672,2.399950427159987,99.9825379684294,8.705354284509292
81,6,13,376.6835136946583,4.246335908153929,60.73929866564657,17.28451509482576,27.609193100508975,2.4200491958736805,100.12634625653502,8.733313762868178
82,6,12,376.5326557865404,4.228195766106424,60.53331993052461,17.181376974938743,27.732661815316995,2.4395151479738635,100.25562226767144,8.759298273302731
83,6,11,376.39083905451895,4.208450092744905,60.36247070430407,17.08531491725621,27.84900578968382,2.4583302277773855,100.37137112319445,8.783372087627034
84,6,10,376.2580250713945,4.187314147751726,60.22230794947001,16.995894145183644,27.958373831035487,2.4764838787490504,100.47463451628677,8.805613204341748
85,6,9,376.13407461981376,4.164986271940876,60.10880436446055,16.912689178670078,28.06096385534176,2.4939718706301,100.56645833344359,8.826109273624752
86,6,8,376.0187687287505,4.141648349743362,60.018340437634535,16.835289106156402,28.15701083505457,2.5107952478104827,100.64786796352782,8.844954182233199
87,6,7,375.91182710938335,4.117466460034654,59.94768638283905,16.763301036757614,28.246776550768853,2.5269594012518843,100.7198502270445,8.862245249550883
88,6,6,375.8129239953406,4.092591657048248,59.89397780171066,16.696352177102618,28.33054100656536,2.542473259614598,100.7833408301456,8.878080970664989
89,6,5,375.7217015260569,4.067160833908875,59.85468788344615,16.634090886820303,28.408595337641792,2.5573485913509266,100.83921630546826,8.892559236706436
90,6,4,375.63778088585605,4.041297631049485,59.82759815106266,16.576186990266194,28.481236028913433,2.571599407551637,100.88828950594262,8.905775963234218
91,6,3,375.5607714447573,4.015113360230099,59.810769152187206,16.52233155916096,28.548760266819812,2.5852414546286573,100.93130784172439,8.917824061665552
92,6,2,375.49027815416775,3.988707922014366,59.802512033915676,16.47223633000419,28.611462258003314,2.5982917860211416,100.9689535776202,8.928792694913827
93,6,1,375.42590744169644,3.962170700445846,59.8013616023474,16.425632879758307,28.669630364018488,2.6107684026962423,101.00184562887804,8.938766765348785
94,6,0,375.36727183128886,3.935581423424244,59.80605122080222,16.382271651656133,28.72354491829533,2.622689953058045,101.03054240178683,8.947826590216605
0,7,93,378.6858205421029,2.0955270610047103,57.53591008508337,15.608601317485391,28.826180512215785,2.646611770119459,101.07985894414219,8.964417807443976
1,7,92,378.8125328308163,2.0873482052639973,57.326782368331465,15.605254350235413,28.780376802014764,2.6357894814608263,101.05842850290205,8.957039214795621
2,7,91,378.9423259334992,2.0794056076728014,57.104582750248966,15.602230300775124,28.730859927274686,2.624448725216507,101.03378421293091,8.948895799929412
3,7,90,379.075157772581,2.0717325162767186,56.868775668054184,15.599584305793597,28.67736666318708,2.612569647134913,101.00547777568934,8.939916205898703
4,7,89,379.21097620671804,2.0643643844936372,56.61885236074211,15.597376991297242,28.6196219809751,2.600132472986664,100.97300670209202,8.930024008880814
5,7,88,379.3497191051232,2.057338899174937,56.354342173874,15.595674910693656,28.557339989625575,2.5871176952009227,100.93580994385252,8.919137716311788
6,7,87,379.4913146628237,2.0506959791931783,56.07482584330863,15.594551016641585,28.490225304561122,2.5735063000541496,100.89326381135677,8.907170870187198
7,7,86,379.63568201231834,2.0444777359273507,55.77995099386524,15.594085171424995,28.4179749382158,2.5592800425230435,100.84467843007066,8.894032285713578
8,7,85,379.78273219443776,2.0387283853360607,55.4694500949733,15.594364702029644,28.34028082347207,2.544421776903868,100.7892950633518,8.879626461465978
9,7,84,379.93236955850745,2.033494099461344,55.14316111324452,15.595485007969103,28.256833098202122,2.528915852312759,100.72628472010197,8.863854203871462
10,7,83,380.0844936687375,2.02882278324846,54.80105108811246,15.597550232340424,28.16732429710695,2.512748583147948,100.6547485714522,8.846613516057483
11,7,82,380.23900179948134,2.0247637606092828,54.443242826876684,15.600674009724676,28.071454614551524,2.495908805405776,100.5737208207791,8.82780080859118
12,7,81,380.3957921056957,2.0213673518806154,54.07004486440759,15.604980308539972,27.968938417336958,2.4783885302305118,100.48217480276762,8.807312496881885
13,7,80,380.5547675552483,2.0186843235215313,53.68198475428045,15.610604390470272,27.859512196525014,2.460183705996308,100.37903322352221,8.785047056196262
14,7,79,380.7158407047035,2.016765190487333,53.27984564541566,15.61769391579801,27.742944148385206,2.4412950992159566,100.26318358341739,8.760907609071714
15,7,78,380.878939386991,2.0156593528356788,52.864705944379466,15.626410230996038,27.619045560368626,2.4217293021598,100.13349992893839,8.734805119546513
16,7,77,381.0440133536669,2.0154140516300716,52.43798166192002,15.636929883845465,27.487684140655308,2.401499870603683,99.98887213118414,8.706662261441055
17,7,76,381.2110418699939,2.0160731362678526,52.00147078859392,15.649446421549175,27.34879935870868,2.3806285877859574,99.82824384700686,8.676418010418317
18,7,75,381.38004218842775,2.0176756474575797,51.55739873792433,15.6641725384465,27.202419746285866,2.359146839452926,99.65066012996118,8.644032977256886
19,7,74,381.5510787116071,2.0202542389930382,51.10846354259354,15.68134265119791,27.04868192832752,2.3370970687154946,99.45532525381287,8.609495447358766
20,7,73,381.7242724800648,2.023833489203403,50.65787910613162,15.701215989201748,26.88785089535315,2.3145342572683503,99.24167061089916,8.572828013205172
21,7,72,381.89981035585913,2.028428191415646,50.20941443015839,15.724080294005432,26.720340680124355,2.29152735057978,99.00943146691675,8.534094576935349
22,7,71,382.07795288694973,2.034041763283075,49.76742640437014,15.750256219637667,26.54673415568161,2.2681605089237507,98.75872982112449,8.493407356189993
23,7,70,382.2590392894274,2.0406649773372902,49.33688353246065,15.780102510349973,26.36780013891113,2.244534024935138,98.49015860502628,8.45093334913961
24,7,69,382.44348724071136,2.04827528689656,48.9233779600773,15.814021995349027,26.184505398520376,2.22076470522568,98.20486000256527,8.406899513551513
25,7,68,382.63178422513954,2.056837095598581,48.53312346855405,15.852468371878967,25.998018601096383,2.1969854750557967,97.90458797367505,8.3615957114361
26,7,67,382.82446606101416,2.0663033825331563,48.17293778807617,15.895953637505773,25.809702805424937,2.173343941508189,97.59174248867072,8.315374303512678
27,7,66,383.0220771228173,2.076619128384827,47.8502087094696,15.945055869628845,25.62109301251468,2.149999656662517,97.26936116600872,8.268645204844017
28,7,65,383.2251059845179,2.087726964560989,47.572844987464336,16.00042682949106,25.433855732321533,2.1271198762629426,96.94105387556957,8.22186531367353
29,7,64,383.4338902994975,2.0995753568331965,47.349214741682616,16.0627985928075,25.249728810274277,2.1048737312914123,96.61086861704065,8.175521594053508
30,7,63,383.64848644923006,2.112129411354847,47.18807561319605,16.132988096972724,25.07044212060883,2.0834249365005917,96.28308390094725,8.130107820653928
31,7,62,383.8685036328404,2.1253840439986305,47.098501806206954,16.211898179406084,24.897623295550357,2.0629234555838205,95.96193489590257,8.086096130109201
32,7,61,384.09290914115195,2.1393788048542968,47.089812756378194,16.300513410901058,24.73269719809905,2.0434969040121533,95.65129751448852,8.043906005624839
33,7,60,384.3198213015112,2.154213162442019,47.171506052523284,16.399888856114977,24.57679254867614,2.0252428288859425,95.35437378348375,8.003874891048623
34,7,59,384.5463175246456,2.170060632637089,47.35319324600559,16.511129870269627,24.430672420135302,2.008223236445655,95.07343741732872,7.9662357750243045
35,7,58,384.7682942691491,2.1871799098742226,47.644531606128865,16.635361204461393,24.294705129778677,1.9924626821978058,94.8097019696173,7.931107110264065
36,7,57,384.9804200515454,2.205921218876715,48.05513840913835,16.77368406931099,24.16888660357693,1.977950765773612,94.56335737634275,7.898498738547415
37,7,56,385.1762187648546,2.226726467198091,48.594467833291475,16.92712042436855,24.0529144349998,1.9646489830369986,94.33378237520664,7.868334018113969
38,7,55,385.3483071405605,2.2501223441008706,49.27162471476244,17.096544645146892,23.946300173861044,1.9525007898670372,94.11988925971087,7.840483925187317
39,7,54,385.48878835586936,2.2767060991257333,50.09508487520171,17.28260387253204,23.848494824764042,1.9414428154975478,93.92051287071143,7.814805148841133
40,7,53,385.58977720741007,2.3071241710643426,51.0722891834142,17.485629694615376,23.758998394414498,1.9314148387817813,93.73473871465822,7.791172851925425
41,7,52,385.6440063327413,2.3420440688889896,52.20907939441254,17.705545148810838,23.677430283664645,1.9223666150492804,93.56208670712121,7.769500711379578
42,7,51,385.6454436702195,2.382120050149243,53.50895068385492,17.941772064360293,23.603551622074498,1.9142607770789286,93.40252077005982,7.749745505272365
43,7,50,385.58984401112974,2.4279534470143616,54.972112134822666,18.193144242050884,23.537247794386687,1.9070724015906275,93.25631903109634,7.731899082420863
44,7,49,385.4751651018294,2.4800491795006363,56.59437544141741,18.45783191490279,23.478492972731477,1.9007869248783473,93.1238899514882,7.715974934849622
45,7,48,385.3018003646708,2.5387710896471716,58.36593473640504,18.733282798196512,23.42732393174609,1.8953985443956987,93.00563962955795,7.701998335487979
46,7,47,385.07261051384364,2.604299953666339,60.2701533430551,19.016185546287787,23.383846225139436,1.8909109251507419,92.90197951640987,7.690007612298895
47,7,46,384.7927667498194,2.676598890675389,62.2825274045681,19.30246310051963,23.34828264704884,1.8873409962896677,92.81351428893369,7.68006983861653
48,7,45,384.4694407127091,2.755390914917192,64.37003776951595,19.587305932300538,23.32105426235095,1.884725081489275,92.74137455940779,7.672307812835832
49,7,44,384.11138637592217,2.840152372784229,66.49111427619684,19.86525718015381,23.30286325514551,1.8831249718282281,92.6875762722195,7.666928305654568
50,7,43,383.72845676522985,2.930124145922832,68.59640799932195,20.130361140163718,23.294732803927122,1.8826304827178912,92.65523018372208,7.664236888528543
51,7,42,383.33108769172316,3.024340250581309,70.6304931699476,20.376381870525314,23.297961653250187,1.8833552666827948,92.6484294361722,7.664625338003559
52,7,41,382.92976719835696,3.1216713446212454,72.53450869471068,20.59708954368502,23.313975102159578,1.8854245541735413,92.67173362179508,7.6685253396852575
53,7,40,382.53449910896506,3.2208790415011745,74.24961507874318,20.786599982472097,23.344094645773637,1.8889566457439237,92.72932609452151,7.676335376989777
54,7,39,382.1542674493174,3.320675960586673,75.72100349425136,20.939740018618217,23.389288919456785,1.8940430870358127,92.82408296710908,7.688340921619531
55,7,38,381.7965189113072,3.4197860689763635,76.9020660473017,21.05240077202834,23.44998743036193,1.9007338678597898,92.95687113772338,7.704654344084967
56,7,37,381.46670109761715,3.517000013880002,77.75824015332834,21.121835529018337,23.526022049874925,1.909032652337794,93.12633221533804,7.725195796564278
57,7,36,381.1679161150944,3.6112208180219803,78.27000505608274,21.14686112020154,23.61671405302241,1.9189033487343785,93.32922643312448,7.749721133989763
58,7,35,380.9007588266666,3.701496583696887,78.43456729310367,21.127932771064184,23.721069107807015,1.9302850133686151,93.56119452816395,7.777884997842667
59,7,34,380.6633959525736,3.7870386821427444,78.26593817019241,21.067080879080592,23.838005859060946,1.9431092302406228,93.81765261506888,7.809315209510894
60,7,33,380.45190495891126,3.867226001994327,77.7933566565511,20.96771969116637,23.966540533714397,1.9573138747071355,94.09452362072068,7.843673479610136
61,7,32,380.2608402135317,3.9415977068948878,77.05828689376463,20.834356736575035,24.10587669457362,1.9728492801440982,94.38861298667771,7.88068598336111
62,7,31,380.0839449164368,4.009838146139194,76.11044944078947,20.672243643217495,24.255389547585825,1.9896760127516298,94.6975906206015,7.920140287322211
63,7,30,379.91489694374974,4.071757847733437,75.00347293155633,20.48701196160705,24.414530076685686,2.0077563115873156,95.01967544140825,7.9618566160148845
64,7,29,379.74797425921446,4.127273977118252,73.79075395104427,20.28433287307862,24.582694213339938,2.027042850638244,95.35319035906977,8.005647804249898
65,7,28,379.578550434418,4.176392567959623,72.52199995216799,20.069629753180166,24.75910352434766,2.047468596182114,95.69615613456905,8.051282642288903
66,7,27,379.4033737232675,4.219193607046164,71.24074396517938,19.847860443917135,24.942730822204553,2.0689404932244067,96.04604080537517,8.098463103865555
67,7,26,379.22063003907755,4.255819016509422,69.98291500640495,19.623374314571933,25.13228449424292,2.091338135758265,96.39970799146202,8.146819689045653
68,7,25,379.0298279867494,4.286462921311128,68.77637398343049,19.399839571081507,25.32624698271914,2.1145170788251644,96.75354156006756,8.19592330969235
69,7,24,378.8315650980392,4.311363356357841,67.64121211706995,19.180229762989413,25.522950840592085,2.1383154525674315,97.10368384369829,8.245308412035381
70,7,23,378.62723776745526,4.330794665337089,66.59056422393812,18.966855182856108,25.72067162398532,2.1625621694512476,97.44631381492363,8.294500811087422
71,7,22,378.41874755000276,4.345060119430575,65.63170021420117,18.76142438533701,25.917719088202873,2.1870851669181346,97.7779033976804,8.343044502387139
72,7,21,378.20824008517246,4.3544845908310945,64.76720316027593,18.565122557460736,26.11251385570011,2.211718573591585,98.0954129658466,8.390523580715069
73,7,20,377.99789589732615,4.359407354710859,63.9960998435957,18.378696064385423,26.303643150668506,2.2363082056122052,98.3964107255292,8.436577445903481
74,7,19,377.7897784483683,4.360175224741966,63.31486428727797,18.202535424288325,26.489894524767806,2.260715240860058,98.67911885452543,8.480909141829311
75,7,18,377.5857355208739,4.3571362583564355,62.718258264084355,18.036751708987424,26.670269995977407,2.2848182184303707,98.9423999687354,8.523287737272295
76,7,17,377.3873450650258,4.350634229329928,62.200002899524264,17.881243636270167,26.843984742577124,2.3085136683798684,99.18570154312488,8.563546149140434
77,7,16,377.1958950065042,4.341003992078454,61.75329362306272,17.735754317812695,27.010454882521767,2.331715724951407,99.40897540277777,8.601575882243003
78,7,15,377.01238697029686,4.328567782438963,61.37117971115643,17.599917779300064,27.169278449482885,2.354355055748188,99.61258644426874,8.637319987861382
79,7,14,376.83755540160485,4.313632431119784,61.046832516113966,17.473296067686654,27.320212885578606,2.376377384347668,99.79722096820664,8.670765265599574
80,7,13,376.6718954444249,4.296487416179292,60.773725675676246,17.355408116015877,27.46315149975529,2.397741818662439,99.96380139260091,8.701934441143438
81,7,12,376.5156947488193,4.277403650750857,60.54574794468209,17.24575165468972,27.598100552049218,2.4184191358848532,100.11341114754354,8.730878795703925
82,7,11,376.36906591699955,4.256632888949766,60.357265941597205,17.14381942704425,27.72515798566738,2.4383901234837175,100.24723135450323,8.75767152004452
83,7,10,376.2319775043686,4.234407632202549,60.20315073278452,17.04911085226217,27.844494352074424,2.457644036125734,100.36648941013425,8.78240191827541
84,7,9,376.1042823799952,4.210941425843572,60.07877912907422,16.96114012560634,27.956336141311784,2.4761771997339665,100.47241868794089,8.805170486588832
85,7,8,375.985742871311,4.186429448128914,59.98001797981256,16.87944158390805,28.06095151212736,2.4939917742848685,100.56622808997786,8.8260848294989
86,7,7,375.8760525287993,4.1610493081333315,59.903197639894586,16.803573010287437,28.158638284955252,2.511094674289039,100.64907999059156,8.845256340850481
87,7,6,375.7748546027663,4.134961983501439,59.84507911715703,16.733117414949742,28.249713990021956,2.52749663830282,100.72207510878152,8.86279756036617
88,7,5,375.6817574714608,4.108312842604792,59.802818118431276,16.66768371192635,28.334507732851947,2.5432114347338937,100.78624294745745,8.878820112226943
89,7,4,375.59634733305586,4.081232707726003,59.7739282348936,16.606906614929017,28.41335363534901,2.5582551894572725,100.84253659339475,8.893433135343258
90,7,3,375.51819849932156,4.053838926219801,59.75624477793602,16.550445997433002,28.48658562193645,2.572645820493765,100.89183084656021,8.90674212225388
91,7,2,375.4468816245858,4.02623642518537,59.74789024093343,16.497985900292036,28.554533339822164,2.586402565623979,100.93492282076733,8.918848092795237
92,7,1,375.38197018240925,3.998518732151715,59.74724197481065,16.449233322000723,28.617519025670756,2.5995455899140896,100.97253431772558,8.929847038429486
93,7,0,375.32304547262567,3.970768949816332,59.75290238997806,16.403916889657737,28.67585515492275,2.612095661452301,101.00531541794614,8.939829582580616
0,8,92,378.8060599673722,2.0814545247027594,57.34294610138281,15.597175665012601,28.787197378023937,2.6373536316864046,101.06176706635294,8.958156833537243
1,8,91,378.9369622751884,2.0730751160083414,57.11880258681626,15.593492642674995,28.737748749186263,2.6259812180854856,101.03736876438327,8.95004790212682
2,8,90,379.07099867720535,2.064944268884041,56.88052315604112,15.590141399596504,28.684254327770383,2.6140567820910725,101.00928481043907,8.941091569917758
3,8,89,379.2081168197306,2.0570973247365565,56.627516587448326,15.58717984013607,28.62642240200317,2.601558460740503,100.976995904664,8.931207728692105
4,8,88,379.3482530428754,2.0495720444339507,56.35921969902155,15.584671660683965,28.563947492941292,2.58846438642532,100.93991898413249,8.920310419791173
5,8,87,379.49133245565105,2.042408647944152,56.07510979522311,15.58268680830187,28.496511296395305,2.574752882408467,100.89740189281582,8.908307801646165
6,8,86,379.6372692883618,2.0356498217754573,55.77471936089698,15.581301973692426,28.423784100097844,2.560402703553366,100.84871834990369,8.895102234433233
7,8,85,379.7859675890181,2.029340684125695,55.457653283455386,15.580601123434398,28.34542678801659,2.5453933307411494,100.79306351544516,8.880590517359195
8,8,84,379.93732234023116,2.023528695512281,55.12360889479777,15.580676078030748,28.261093564212253,2.5297053287752043,100.72955054680178,8.864664321600811
9,8,83,380.0912210831389,2.0182635002501836,54.772399125335525,15.581627144475672,28.170435551351623,2.513320778977388,100.65720865376055,8.847210870473983
10,8,82,380.24754614496686,2.0135966815191533,54.403979049852964,15.583563814909688,28.073105443329027,2.496223799098988,100.57498329565333,8.828113927892414
11,8,81,380.40617757623795,2.0095814100214433,54.01847607325317,15.586605546687196,27.968763416264935,2.4784011644825608,100.48173932027198,8.807255166305543
12,8,80,380.5669969115341,2.0062719635764403,53.61622394676597,15.590882644051227,27.85708452539667,2.4598430454257647,100.37626801889556,8.784515995525267
13,8,79,380.72989187272844,2.0037230927567973,53.197800713904726,15.596537267846966,27.737767833730153,2.440543876118351,100.25729925719159,8.759779943193053
14,8,78,380.8947621337316,2.001989206360026,52.764070551232834,15.603724607578425,27.610547526659197,2.4205033699093823,100.12352002436474,8.732935684546966
15,8,77,381.0615262579222,2.0011233509053934,52.31622928217435,15.612614259879836,27.475206257524118,2.3997276933862413,99.97360089935401,8.703880821252403
16,8,76,381.2301298987725,2.0011759615631446,51.85585309348025,15.623391869331675,27.331590931593357,2.378230806948226,99.80623202650813,8.672526502921535
17,8,75,381.40055531320775,2.0021933695027383,51.384949666619235,15.636261101542495,27.179631055771203,2.3560359711016163,99.6201701700356,8.6388029658023
18,8,74,381.57283216425805,2.0042160646210587,50.90601054837191,15.651446034277967,27.01935963993782,2.3331774041773685,99.41429820164635,8.602666024707032
19,8,73,381.74704946644493,2.0072767355191803,50.42206313334283,15.669194069339383,26.8509364110192,2.309702056944897,99.18769787132489,8.56410448885753
20,8,72,381.923368326814,2.011398143366673,49.93672013723983,15.689779484167097,26.674672768592714,2.2856714409918664,98.93973579894454,8.523148371248958
21,8,71,382.1020348169896,2.016590935914908,49.45422394535467,15.713507754671106,26.49105744917779,2.261163409408225,98.67016117651117,8.479877615907723
22,8,70,382.2833918232566,2.0228515747505944,48.97948279419333,15.740720784454181,26.300781262956026,2.2362737398455685,98.37921157269146,8.434430872087763
23,8,69,382.467887996198,2.0301606334176383,48.51809548507835,15.771803162580152,26.104758529970937,2.21111731288803,98.06772042227827,8.387013599289013
24,8,68,382.65608089139545,2.0384818230853394,48.07636136561865,15.807189531318631,25.90414201769806,2.185828617438735,97.73721631764305,8.33790450373608
25,8,67,382.8486300182104,2.047762206627853,47.66127279359215,15.84737306265182,25.700327368044903,2.160561258564945,97.39000034772467,8.287459015392875
26,8,66,383.0462738384277,2.0579341530247715,47.2804883490861,15.89291490160695,25.49494237318921,2.135486106821763,97.02918399698854,8.236108269600797
27,8,65,383.2497829969692,2.068919632631191,46.94228674728198,15.944454220790458,25.289816279359606,2.1107877329451425,96.6586674618004,8.184351945278017
28,8,64,383.4598807233055,2.080637420164759,46.65550364430615,16.002718235867988,25.086924922629517,2.08665884570112,96.28303808296377,8.132743452855783
29,8,63,383.6771212867558,2.0930136107486135,46.42945601515642,16.06853116265698,24.88830936071535,2.063292625093362,95.90737282959118,8.081866508883147
30,8,62,383.901719835389,2.1059955265176074,46.2738609367735,16.142820681114316,24.69596918252641,2.040873146311705,95.53693954768404,8.032303232190069
31,8,61,384.1333331759905,2.119568586209669,46.19875662387122,16.226620062083263,24.51173707132755,2.019564531233144,95.17681064311161,7.984595636141184
32,8,60,384.3708017986565,2.1337750694659867,46.21443258959262,16.32106377905226,24.337148109486762,1.9995000070588251,94.83142953585507,7.939204669440531
33,8,59,384.61187806824273,2.1487330434559238,46.331372255755085,16.427374240711988,24.17332431528545,1.9807725775049436,94.5041997536892,7.896473312182461
34,8,58,384.85298128979593,2.164653207306078,46.56020522594862,16.54683729558429,24.02089921535598,1.9634293035857084,94.19718810340275,7.856601745818137
35,8,57,385.08903262988144,2.18185123883037,46.91165847436626,16.6807644098441,23.880005283791984,1.9474709766433453,93.91103191303141,7.819642085752365
36,8,56,385.31342625492204,2.200753512982962,47.39648707116123,16.830439929352874,23.750336205050107,1.9328580574922012,93.64510382246996,7.785516709010905
37,8,55,385.51818355561613,2.2218947543211187,48.02535686726088,16.997052651551797,23.63127702762043,1.9195222365349374,93.39791766513271,7.754058096179662
38,8,54,385.6943143021405,2.2459070532633487,48.80864439375085,17.181612115320306,23.522074173886235,1.907381300036661,93.16767757057559,7.725061233749541
39,8,53,385.83237528310735,2.2735003910519236,49.756113301129645,17.384851585194774,23.42200304117005,1.8963538725853657,92.95281568944351,7.698334975206112
40,8,52,385.9231797961446,2.3054351447445818,50.87642262695839,17.60712151679797,23.33049123995146,1.8863706364669701,92.75236321439829,7.673738860923037
41,8,51,385.95857832786817,2.342487011070091,52.176422275949676,17.848278956411452,23.247171718541857,1.8773799083469485,92.5660607255946,7.651197191678962
42,8,50,385.9322101868558,2.385404732382496,53.66019975879992,18.107579311133573,23.1718657716944,1.8693474908608476,92.39421229850633,7.63069054943435
43,8,49,385.8401245106534,2.4348614090677296,55.32786537962147,18.38357687284202,23.104520696058636,1.8622526913853643,92.2373817167424,7.612233007837107
44,8,48,385.6811895508869,2.491401355132454,57.1741057522425,18.67403966133191,23.045141740551934,1.8560836069379694,92.09608445400885,7.595848075624426
45,8,47,385.45724730284456,2.5553862627521298,59.18659856334881,18.975883641720095,22.993759233544647,1.85083489710145,91.97063295022095,7.581556770484752
46,8,46,385.17301549908547,2.626946252840734,61.34445821460716,19.285132572079156,22.95045968223697,1.8465103182783604,91.86124756634334,7.569387266629436
47,8,45,384.8357771200808,2.705942343583464,63.61695686731041,19.596913315780384,22.915485942759425,1.8431304178470593,91.76845659224219,7.5594078442682004
48,8,44,384.4549187211487,2.7919463505261772,65.96281607697586,19.90550132783712,22.889379657274354,1.8407432844616356,91.69368533801253,7.551774454023119
49,8,43,384.04138042201146,2.8842422158780994,68.33036730412337,20.204434317854034,22.873107722816755,1.8394338239849608,91.63980777830332,7.546773876312451
50,8,42,383.6070667255615,2.981849817263663,70.65882007542268,20.48671042305244,22.86809872797329,1.839325854872131,91.61136460453787,7.544838138576112
51,8,41,383.1642460714016,3.0835692604018554,72.88075611255063,20.745078671123547,22.8761305157454,1.8405725618805016,91.61420376510003,7.546510640934849
52,8,40,382.72494619200353,3.188041215313922,74.92580527685644,20.9724148425665,22.89906064134964,1.8433348089332684,91.65449552221172,7.5523608273539535
53,8,39,382.3003400067919,3.293817327887338,76.72528010199022,21.16215808263457,22.938461813894744,1.8477522478299717,91.73735430798952,7.5628671856919905
54,8,38,381.9001209239623,3.3994340556994236,78.21736885118054,21.3087665761211,22.99528074247405,1.8539164604072895,91.86552956549666,7.578306906361629
55,8,37,381.53189099274937,3.5034831978458807,79.35232672587821,21.408138013881434,23.069646136322763,1.861855857283891,92.038664343517,7.598693210601557
56,8,36,381.2006238716091,3.6046728119653504,80.09698989448907,21.45793631689511,23.160898014737803,1.8715378409750776,92.25341262650969,7.623784176483024
57,8,35,380.90829822522363,3.701873307468135,80.4379206922234,21.457773745379004,23.267820365337094,1.8828867295451612,92.50435083206766,7.653157689551705
58,8,34,380.65380316283023,3.794145485339751,80.38262696399391,21.409218047908034,23.38897988884456,1.8958097857374516,92.78530600945871,7.686321317857085
59,8,33,380.43318326117696,3.8807500240910113,79.95858933074405,21.31562352462546,23.523043633779622,1.910221383089829,93.09060725016884,7.722816053272795
60,8,32,380.24022330876375,3.961140765929474,79.21021400963423,21.18181436311992,23.668974538611696,1.9260574004347508,93.41587236079381,7.762281232048055
61,8,31,380.0672948533213,4.034946322257947,78.19419927485882,21.013669929270538,23.82606396124651,1.943276655637444,93.75817709870523,7.80446731118512
62,8,30,379.9063252261547,4.101945431491779,76.97405920538387,20.817670448143982,23.99382249584263,1.9618511060228463,94.11569274285489,7.849203229606135
63,8,29,379.74972527576983,4.162041093868263,75.61462940498791,20.600458155738153,24.171791391729403,1.9817498143167291,94.48702966242877,7.896338248458984
64,8,28,379.5911309407345,4.215237133781443,74.17728128128763,20.368457078722447,24.359348143877728,2.002922604420344,94.87056042779783,7.945681707627427
65,8,27,379.42586726879335,4.261619062501791,72.71633903993887,20.12757847553623,24.555565416660617,2.0252882073423684,95.26393559503167,7.996959433704807
66,8,26,379.2511120343173,4.301339478314399,71.27690268728115,19.88302249618874,24.75915375595307,2.048729409159163,95.66389461056622,8.049796299967362
67,8,25,379.06579778647784,4.334607120745131,69.89401136994387,19.639172607112844,24.968488462917307,2.073095285692625,96.06636306825835,8.10372484917651
68,8,24,378.87033022423805,4.361678222372872,68.59289274293748,19.399569426518426,25.181699295832626,2.0982088290334633,96.46675148956874,8.158213059840529
69,8,23,378.6662123644216,4.382848883970121,67.38995756033952,19.166945309035597,25.396792358634592,2.123877475995498,96.86034273108221,8.212701511469035
70,8,22,378.45565309427656,4.398447611025917,66.2942018459068,18.943299815448263,25.61177521725743,2.149904141228761,97.24266732832993,8.266640880324182
71,8,21,378.24121552675956,4.408827647944242,65.30873977463875,18.729997999999924,25.824764493221775,2.1760969914191026,97.60980021043206,8.319523407071461
72,8,20,378.0255350872992,4.414359153793521,64.43227413809359,18.527876950660485,26.034065161922104,2.2022769936623305,97.95855006002206,8.370905187594706
73,8,19,377.8111160942641,4.415421502228505,63.66039201267449,18.337350086601685,26.23821924734136,2.228282963645126,98.2865424693622,8.420418808872721
74,8,18,377.6002014414718,4.412396061743711,62.9866371695544,18.158502546811413,26.43602716613079,2.2539743088910438,98.59221582840735,8.467777561897503
75,8,17,377.39470262122944,4.405659768683284,62.40335411944952,17.991174152540978,26.626547669003777,2.279231904560677,98.87475572839178,8.5127732482856
76,8,16,377.1961750651622,4.395579702041766,61.90232377812505,17.83502874721531,26.80908289710225,2.3039576082248434,99.13399303084668,8.555269710185508
77,8,15,377.00582466279025,4.382508752617115,61.47522227265107,17.689610255298366,26.983154390780264,2.32807288318855,99.37028621843116,8.59519394272042
78,8,14,376.82453371635245,4.366782378115769,61.11393718007821,17.554386697473007,27.1484746678801,2.351516913729679,99.5844028874978,8.632526223280742
79,8,13,376.65289740746397,4.348716362726567,60.81077333827092,17.42878382202248,27.304917687233353,2.3742444976244164,99.77740984447341,8.667290257097472
80,8,12,376.4912644724316,4.328605455766858,60.55857594290826,17.31221011751568,27.452490370227963,2.3962239120615587,99.95057693464747,8.69954396635778
81,8,11,376.33977794091004,4.306722744675499,60.35079356863265,17.20407488532428,27.5913064572528,2.4174348769169467,100.10529661342595,8.729371264936868
82,8,10,376.19841342962746,4.283319616241912,60.18149890521181,17.10380086356023,27.721563328995114,2.4378666856596376,100.2430192330785,8.756874960010828
83,8,9,376.0670136483979,4.258626170056937,60.04538078076335,17.01083266783938,27.843521987748918,2.4575165367214464,100.36520282471548,8.782170791034368
84,8,8,375.9453185596244,4.23285196449579,59.937717573361596,16.9246420862854,27.957490122383536,2.4763880736093937,100.47327556241139,8.805382538605386
85,8,7,375.83299112970707,4.206186994300802,59.85433936348579,16.844731056887174,28.06380802635145,2.494490126999826,100.56860889883684,8.82663809488823
86,8,6,375.7296389039395,4.1788028175481635,59.79158406188404,16.77063297399719,28.1628370632731,2.5118356436559623,100.65249940412059,8.846066370930078
87,8,5,375.63483179115116,4.150853767024185,59.74625115026653,16.701912819812254,28.25495035070213,2.528440783035473,100.72615751295,8.863794915057264
88,8,4,375.54811650913854,4.122478196103075,59.71555548910813,16.638166494659202,28.340525339373908,2.5443241612815517,100.79070161736848,8.87994812407782
89,8,3,375.4690281512733,4.093799721891898,59.69708278444223,16.57901962349607,28.419937988833055,2.5595062227923884,100.84715618997977,8.894645940929395
90,8,2,375.39709931200207,4.064928438759941,59.688747686838596,16.524126041250337,28.493558271909055,2.5740087209852707,100.89645285890319,8.908002945972916
91,8,1,375.33186716964934,4.0359620836205385,59.688755059446734,16.473166102497185,28.561746774542605,2.587854291726496,100.93943356886335,8.92012776271514
92,8,0,375.2728788787243,4.006987140771644,59.695564650404094,16.425844917949505,28.624852190731996,2.601066104886055,100.97685514703103,8.93112271144926
0,9,91,378.92964429793506,2.0670855845204947,57.13851885760754,15.58507138478277,28.745603228526708,2.627733219347966,101.04142664727401,8.951358500950683
1,9,90,379.0648288537839,2.058500696004584,56.8983559368278,15.581026922924202,28.69223627913814,2.6157834927290136,101.01367042711254,8.942451121412425
2,9,89,379.2031949718151,2.050177373036949,56.64290800080062,15.577323152647935,28.634461348870236,2.6032458325387315,100.98169008289156,8.932605095337642
3,9,88,379.34467838506316,2.042153224165917,56.371521976737895,15.574020884271578,28.571954954689406,2.590096135277066,100.94488424531959,8.921730467755543
4,9,87,379.4892020578172,2.0344685210326214,56.08357393346107,15.57118703606657,28.504377526668673,2.576310184837252,100.90257648485222,8.909730517931102
5,9,86,379.6366762472125,2.027166253456534,55.778482772013845,15.568895112501675,28.43137432089814,2.5618638553430824,100.85400879284938,8.896501683771811
6,9,85,379.7869988817097,2.020292149717916,55.455726468592346,15.567225716692695,28.35257685830971,2.546733364161304,100.79833535931608,8.88193361562662
7,9,84,379.9400563362078,2.013894650291505,55.114861205572296,15.566267102013372,28.26760502087263,2.53089558515262,100.73461699999459,8.8659094011044
8,9,83,380.0957246962284,2.008024820593947,54.75554374229496,15.566115769613827,28.176069962767638,2.5143284339706,100.66181670312126,8.84830601197825
9,9,82,380.253871617185,2.002736185202517,54.37755738280241,15.566877121044822,28.077578023818898,2.4970113391354336,100.57879691038744,8.828995035194923
10,9,81,380.41435889891295,1.9980844625168515,53.98084188757434,15.568666178502273,27.971735865219436,2.478925814635803,100.48431932021022,8.807843762434741
11,9,80,380.57704590988897,1.9941271750631544,53.565527643614686,15.571608389641803,27.858157082309457,2.4600561518241233,100.37704820533341,8.78471672632358
12,9,79,380.7417940091533,1.9909231067857522,53.13197434329096,15.57584053977683,27.736470583661262,2.4403902501537242,100.25555846892432,8.759477785709405
13,9,78,380.9084721256583,1.9885315750996053,52.68081431658682,15.581511801932788,27.606331056154804,2.419920607512467,100.11834991623327,8.731992876287004
14,9,77,381.0769636627137,1.9870114827983598,52.2130005016176,15.588784965099936,27.467431855867538,2.398645490995262,99.96386947650869,8.70213355441597
15,9,76,381.24717489630456,1.9864201140761248,51.72985881098991,15.597837893548723,27.31952066487139,2.3765703071254607,99.79054334323527,8.669781468246176
16,9,75,381.4190450252626,1.9868116413518817,51.23314434361677,15.608865285654046,27.162418220364586,2.3537091856375594,99.5968211623487,8.6348338867408
17,9,74,381.5925580001105,1.988235317316836,50.72510049218917,15.622080819589556,26.996040335271687,2.330086781410216,99.38123441522335,8.597210397411033
18,9,73,381.7677561917457,1.9907333424390963,50.20851950118666,15.637719795442443,26.820423262361924,2.30574028297136,99.14247091164187,8.55686083876646
19,9,72,381.9447558376676,1.9943384256525594,49.68680244656113,15.656042408057154,26.635752174548635,2.2807215907566714,98.87946668738493,8.513774452438433
20,9,71,382.12376398472435,1.9990710994522805,49.1640159632602,15.677337810385058,26.442392105534314,2.2550995913614176,98.59151541694601,8.467990109532387
21,9,70,382.30509627559263,2.0049369147664224,48.64494239716903,15.701929149552857,26.240920081691343,2.228962403050887,98.27839350869866,8.419607272566953
22,9,69,382.48919431761095,2.0119237298044075,48.13511950013164,15.730179770645822,26.032156353942334,2.202419401644584,97.94049616387657,8.368797087857637
23,9,68,382.67664041645384,2.019999422239537,47.64086546426019,15.762500775695846,25.817191611792897,2.1756027560057487,97.5789757395896,8.315812661318446
24,9,67,382.8681660287586,2.0291104920049214,47.169285195497594,15.799360081922599,25.597405886936883,2.1486681146537845,97.19586881065759,8.260997167683946
25,9,66,383.06464829051527,2.0391821699425594,46.728254475760934,15.841293023094291,25.374473668072145,2.121794002015419,96.79419271391276,8.20478801989615
26,9,65,383.2670864339655,2.050120779118943,46.326380257937345,15.888914356792654,25.150348799953697,2.095179425827587,96.37798686072006,8.147714960483206
27,9,64,383.4765471100915,2.061819167010031,45.97293787094293,15.942931256033248,24.927222415436937,2.069039197782991,95.95227011217659,8.090389757760118
28,9,63,383.6940653573389,2.0741659769424605,45.67778924157619,16.004156464952676,24.707447994257194,2.0435965699323826,95.52288521407384,8.03348538161895
29,9,62,383.9204876144656,2.0870592862679898,45.451289856990755,16.07352029772033,24.49343034883576,2.019073040282362,95.09620776633628,7.977703337270914
30,9,61,384.1562467747062,2.100424649186814,45.30419515230123,16.152079604742198,24.287480640113962,1.9956756319727966,94.67871414843248,7.923729512098859
31,9,60,384.40106890386375,2.1142368343784406,45.24757804053229,16.241021303512504,24.09164786276488,1.9735826233261748,94.27643322044148,7.872181607544287
32,9,59,384.65362792190734,2.128543622868094,45.292767171927494,16.341657674903153,23.907548024350213,1.952929541800772,93.89434960254118,7.8235548102168915
33,9,58,384.9111867502812,2.143489129203069,45.45130958417445,16.455410447503446,23.73622287290468,1.9337980221262177,93.53587258102839,7.77817595068731
34,9,57,385.16928609485154,2.159333522566711,45.73495214149689,16.583780779147837,23.57806538178181,1.9162104729998963,93.20251359458386,7.736178302759424
35,9,56,385.4215572547713,2.1764660377429808,46.155625096338085,16.728302606080902,23.432843002100256,1.9001329279957304,92.89389989860345,7.697507291095695
36,9,55,385.65973514921825,2.195408887433922,46.72540013653328,16.890477491767253,23.29982841678348,1.885486726678255,92.60817533639536,7.661960505386543
37,9,54,385.87392781146673,2.2168109149199244,47.45638556623781,17.071690168653674,23.178015071534738,1.8721671030072264,92.34271422150144,7.629254826422387
38,9,53,386.05316050735706,2.2414310671566104,48.3605126710835,17.273105581553896,23.066363637157746,1.860064324479168,92.09495060995457,7.599103274347396
39,9,52,386.1861633637353,2.270112475745488,49.44915911521203,17.49555045919688,22.964011557902737,1.8490819417934268,91.86306713841219,7.5712795975163365
40,9,51,386.26232100945924,2.303747853780049,50.73254802896386,17.73938495505496,22.87039030063267,1.8391476912108322,91.64633412574152,7.545652709438679
41,9,50,386.27266254573306,2.3432363355901384,52.21885926096817,18.004371927228277,22.78522976652203,1.8302153276639166,91.44502490038653,7.522184500648112
42,9,49,386.2107515189233,2.3894315653875555,53.91300006330583,18.289551989096907,22.708470941250628,1.8222589532670626,91.25999419570374,7.500898148950409
43,9,48,386.0733471468974,2.443081608568109,55.81501630369581,18.593131132890008,22.640138952261,1.8152638961287701,91.09212414577458,7.4818341474860715
44,9,47,385.8607507245528,2.5047634364398252,57.91818980523949,18.91238545833808,22.580240178003297,1.8092191501016415,90.94188353700675,7.4650149263343
45,9,46,385.5768138958988,2.5748177489946413,60.20696216550293,19.243586707499254,22.52873933579396,1.8041157987901892,90.80921625348059,7.450436371226942
46,9,45,385.22864786021364,2.6532924325821825,62.65493733620707,19.58195541572018,22.485648509195528,1.7999539365647725,90.69388673041026,7.43809674151508
47,9,44,384.8261143515392,2.73990363558844,65.22331768042292,19.921655983829478,22.45122047180612,1.7967574568747922,90.59626094596383,7.428060603217463
48,9,43,384.3811907658049,2.8340216918801566,67.86018541216035,20.25585681198391,22.426187303929325,1.7945920706920055,90.5182989952436,7.420538587658566
49,9,42,383.9072869028316,2.9346854403687614,70.50101983259904,20.576883136970423,22.411938976095755,1.793578379408569,90.46434327305045,7.415948494418124
50,9,41,383.4185606995445,3.040644130497898,73.07072625865916,20.876485238420255,22.410523875903017,1.793890946147159,90.44122248732396,7.414918856110241
51,9,40,382.9292461579801,3.1504223427437723,75.48726211827912,21.14622897425909,22.42439806975083,1.795737874451922,90.45735926762869,7.418210476537274
52,9,39,382.4529778070587,3.2624009294111653,77.66672004822556,21.37799258332862,22.455950169287675,1.79932317774793,90.52096593579637,7.42656402975442
53,9,38,382.0020839363182,3.3749059148583083,79.52950118248893,21.56452890277463,22.50694442639781,1.80480311729136,90.63788277408132,7.440519734368199
54,9,37,381.58683876378626,3.486297088194667,81.00699108793336,21.700030392005033,22.57809120957511,1.8122527109842512,90.80989153862637,7.460277205357694
55,9,36,381.2147157687479,3.595048193713851,82.04794128275947,21.78061997935379,22.668920117858086,1.8216558808640029,91.03421096257749,7.485652979812488
56,9,35,380.8897522937539,3.6998112580095888,82.62361646265748,21.80468969668529,22.77800319207192,1.8329227674169724,91.30437264895518,7.51615183563781
57,9,34,380.6121808816782,3.799459300085976,82.73079795468678,21.7730271132559,22.903423956638147,1.845925993457715,91.61206894092031,7.551118590724927
58,9,33,380.3784706510719,3.893104836881684,82.39201435434035,21.688705983732593,23.043296911488103,1.8605406106925135,91.94920307897868,7.589907213448514
59,9,32,380.1818456092455,3.980095681109506,81.65286446843949,21.556761738866175,23.196150193721618,1.8766730943546364,92.30940984272756,7.632006499968408
60,9,31,380.01323235447944,4.059993234845756,80.57686077747346,21.383709483020482,23.361067724336053,1.8942712692214536,92.68865024668794,7.677088605104741
61,9,30,379.8624800602921,4.132540601086863,79.23868111055444,21.176981670766622,23.537591681849573,1.9133152528819188,93.08489359887626,7.724980554234926
62,9,29,379.7196296568318,4.197627911958655,77.71694931361304,20.94436308714066,23.725465299758103,1.9337957739715748,93.49720130694388,7.7755844187777745
63,9,28,379.57600717076105,4.255260655967285,76.08763077626591,20.69348700198262,23.924328920125255,1.9556888866615618,93.92464292325923,7.828782362456476
64,9,27,379.4249751508219,4.305534277495093,74.41886285599733,20.431435118371702,24.133470855862313,1.9789352547459427,94.36542048006852,7.884358959128435
65,9,26,379.26227199289485,4.348615784685138,72.76764053169691,20.164461023815466,24.351694511136046,2.0034290157736576,94.81641763983419,7.94196018022326
66,9,25,379.0859673421298,4.384731203723519,71.17836753195147,19.897836538464826,24.577314942471144,2.0290173768817903,95.27320666968973,8.001092943106565
67,9,24,378.89613248090313,4.4141567824633565,69.68296906066777,19.63580532581533,24.80825942324571,2.055508963775356,95.73040592087523,8.061156837480853
68,9,23,378.6943534458477,4.43721182967591,68.30209843481165,19.381619504857667,25.042227058734166,2.0826873170356053,96.18221623479016,8.121493591492746
69,9,22,378.48320528794295,4.4542516656861375,67.04695108022997,19.13763241654405,25.276861895522096,2.1103258155623728,96.62297186050166,8.181439858450018
70,9,21,378.2657734782677,4.465659957894723,65.92127963896777,18.905422713782727,25.509905600976296,2.138201192514186,97.04759170198783,8.240372785067276
71,9,20,378.0452698414529,4.471840404296788,64.9233270367408,18.685929676898617,25.739311458159353,2.166104048215894,97.45187782403394,8.297742901018225
72,9,19,377.82475752362683,4.473208153624264,64.0475158109497,18.47958535812826,25.963315103257816,2.1938458720829446,97.8326579781479,8.353093223379549
73,9,18,377.6069775196943,4.470181502804001,63.28582769378154,18.286434567988167,26.18046644375741,2.221262836623674,98.18779891979078,8.406066271021546
74,9,17,377.39425808695376,4.463174365806312,62.62887086168972,18.106238138592524,26.389631487524806,2.248217005487717,98.51612893079434,8.45640195418526
75,9,16,377.18848522183595,4.452589858529365,62.066667357037204,17.93855810746737,26.58997364337812,2.2745956962699823,98.81730712546576,8.503929473868162
76,9,15,376.991114027596,4.438815170295566,61.589207856639135,17.782825535161844,26.780922917004222,2.300309672451174,99.09166997113645,8.548555927297638
77,9,14,376.8032046177749,4.422217741258625,61.1868230057771,17.63839282255862,26.96213950379076,2.3252907010380754,99.34007650519719,8.590253651607823
78,9,13,376.6254704743364,4.403142656385417,60.85041595448149,17.50457288719589,27.133476303641892,2.3494888628099737,99.56376553476657,8.629047678969437
79,9,12,376.4583310115404,4.381911102224,60.571593467975674,17.38066762452209,27.294943206284863,2.3728698708714915,99.76423170930246,8.66500413051286
80,9,11,376.30196314187856,4.3588197046867325,60.34272530353819,17.26598790134029,27.446674727756648,2.3954125511245143,99.94312290240623,8.698219972390417
81,9,10,376.1563488687108,4.3341405639877175,60.1569545740074,17.159867032527032,27.588901698686076,2.417106565212177,100.10215854151295,8.728814283697707
82,9,9,376.02131745647324,4.308121816774959,60.00817598303374,17.06166936038425,27.72192713929303,2.437950407710078,100.24306696844188,8.756921015778357
83,9,8,375.89658171210874,4.280988577624943,59.89099417486885,16.970795236197326,27.84610612199604,2.457949678936234,100.36753920653653,8.782683126981832
84,9,7,375.7817685023083,4.252944137027835,59.80067087370385,16.88668341959132,27.96182924759728,2.477115617314916,100.47719633684157,8.806247931742805
85,9,6,375.67644395480175,4.22417131742854,59.73306681435123,16.80881167202955,28.069509288907284,2.495463866444103,100.57356781928497,8.82776348927108
86,9,5,375.58013394209564,4.194833910970895,59.68458250284594,16.736696126571868,28.169570545956656,2.5130134487053866,100.6580783828945,8.847375862038287
87,9,4,375.49234048925206,4.165078141519098,59.652100428333014,16.669889862655886,28.262440482209787,2.5297859172112123,100.73204145613839,8.865227088873382
88,9,3,375.4125547286195,4.135034109145982,59.63293034101294,16.60798099620704,28.34854325374886,2.5458046596417856,100.79665745867233,8.8814537363111
89,9,2,375.34026697315716,4.104817187782363,59.62475850796315,16.550590505523363,28.428294792351423,2.561094330149451,100.85301559938122,8.896185911579682
90,9,1,375.2749744144704,4.074529356490067,59.62560137719893,16.497369946274738,28.502099152420627,2.5756803884332427,100.90209810923555,8.909546639436948
91,9,0,375.2161868828104,4.044260452284708,59.633763758531245,16.44799915955383,28.570345877458976,2.5895887279825978,100.94478607740733,8.92165152206318
0,10,90,379.0566235325118,2.052415408349752,56.922114976526714,15.572253887251264,28.701257702248427,2.617741420555067,101.01858696382222,8.943983690620115
1,10,89,379.1961813389834,2.0436197987155045,56.66487465910842,15.567821281990408,28.64368151167036,2.605186095932619,100.98703619266135,8.934204188542958
2,10,88,379.3389614007974,2.035099476518747,56.391108957763464,15.563738367545934,28.58130313317229,2.592004406529709,100.95064741344389,8.923385286250811
3,10,87,379.4848856747451,2.026894505548719,56.10009605190113,15.560069013856452,28.51376364108427,2.578169749021341,100.9087244646132,8.911425950672347
4,10,86,379.63386162552325,2.0190478902058144,55.7911441680438,15.556883529325074,28.440685280968026,2.563655271423069,100.86048279072651,8.898217312788033
5,10,85,379.7857822539496,2.0116056509168656,55.46360662015587,15.554259157409223,28.361672313436745,2.5484340808990384,100.80504145140705,8.883642532538955
6,10,84,379.940526484552,2.0046168624350584,55.1168997497399,15.55228060640745,28.276312435627194,2.5324795069265593,100.74141540341347,8.867576805216613
7,10,83,380.09796000721116,1.9981336414418207,54.75052416717912,15.551040617189535,28.184178934124112,2.515765431708086,100.66850846925779,8.84988755792231
8,10,82,380.2579366837971,1.9922110664969095,54.36408971951337,15.550640575561085,28.084833756324233,2.4982667020002283,100.58510755153671,8.830434896498328
9,10,81,380.42030064859335,1.9869070094082213,53.957344622158274,15.551191178681478,27.977831725768464,2.4799596391091794,100.48987883368368,8.809072377315845
10,10,80,380.58488925059675,1.982281852510015,53.53020918646506,15.552813168727424,27.862726170722873,2.460822666635965,100.38136692995549,8.78564819453575
11,10,79,380.7515370062183,1.9783980612145178,53.082814542804016,15.555638152149385,27.73907628334314,2.4408370785272675,100.25799821325593,8.760006891795799
12,10,78,380.9200807519958,1.975319575727362,52.61554668886069,15.559809529826914,27.606456576912827,2.4199879728718994,100.11808985846243,8.731991727187493
13,10,77,381.09036620781774,1.973110980381513,52.12909607116585,15.565483572710026,27.464468856649894,2.3982653792816166,99.9598664843574,8.701447840691042
14,10,76,381.2622561804067,1.9718364043409538,51.624512717954914,15.572830689754944,27.31275715803482,2.375665608956456,99.78148664121441,8.668226391750034
15,10,75,381.4356406518333,1.9715581046041906,51.10326666462532,15.582036950824946,27.151026123547343,2.3521928556447778,99.58108173836456,8.632189847693944
16,10,74,381.6104490039044,1.9723346830929316,50.567313030149606,15.593305947463634,26.97906326573478,2.327861071158628,99.35681027562809,8.593218605414744
17,10,73,381.78666461764493,1.9742188968150303,50.01916059712511,15.606861099706588,26.796765474903594,2.3026961287563155,99.10693033692748,8.551219110347223
18,10,72,381.9643420416941,1.9772550374338,49.46194211067649,15.622948547706034,26.604169936507862,2.276738268679345,98.82989307865041,8.506133586074274
19,10,71,382.14362681538364,1.981475889150114,48.89948374889312,15.641840802494414,26.401489278829292,2.2500447888192987,98.52445919771401,8.45795138848279
20,10,70,382.3247778113799,1.9868993279889242,48.336370363938954,15.6638413688517,26.189150219508196,2.222692895787408,98.18983883553344,8.406721830499585
21,10,69,382.50819154601646,1.9935247085958978,47.77800222484204,15.68929059057242,25.96783416214371,2.1947825636276885,97.82585276381931,8.35256806572159
22,10,68,382.6944271638438,2.0013293032803916,47.23063824609693,15.718572995940853,25.73851706731655,2.166439156578119,97.43310871078933,8.295701253559052
23,10,67,382.88422955355674,2.0102652160923764,46.70142027024062,15.75212642436081,25.502504480461685,2.137815459723109,97.01318111945811,8.236433747987888
24,10,66,383.07854607039917,2.0202573886484756,46.1983731734487,15.790453171390578,25.26145591091795,2.109092634607322,96.56877551171384,8.175189473195202
25,10,65,383.27852941849943,2.0312035269867676,45.730376717572966,15.834133267941958,25.01739100920199,2.080479493194883,96.10385041002118,8.112509027668663
26,10,64,383.4855153446324,2.042976971314145,45.30710749147865,15.883839773304103,24.772668535347968,2.0522093933435017,95.62366154260414,8.04904650549708
27,10,63,383.70095930962543,2.0554336365235844,44.93895310906454,15.940355576870312,24.529928516762322,2.0245340485605823,95.13468687545232,7.985554727652756
28,10,62,383.9263124464708,2.068424075802894,44.636905813631685,16.004590654821627,24.29198909478924,1.9977136789136567,94.6443902581563,7.922855822128742
29,10,61,384.1628162375104,2.0818113528048343,44.412447916077326,16.077598040802567,24.06169349641785,1.9720032919548922,94.1607912505865,7.861795277535421
30,10,60,384.4112008495884,2.0954946620164847,44.27744549683493,16.160586026249288,23.841710676046137,1.9476355633272813,93.6918356406534,7.8031801911773355
31,10,59,384.67128739664787,2.1094375097696862,44.24406749996466,16.254923441162553,23.634306376558897,1.92480183829247,93.24461101739455,7.747706777293559
32,10,58,384.9415208492845,2.12369791791816,44.32474298926307,16.362134426360978,23.44111868220822,1.9036341010606013,92.82452288412956,7.695887992054063
33,10,57,385.21849435579566,2.138456898345863,44.53215947553666,16.483878987604164,23.262988596383636,1.8841919624346815,92.43462044983445,7.647997719237452
34,10,56,385.49655780720695,2.1540408651385,44.879291406220204,16.62191582192407,23.099901993367915,1.866459052993418,92.07529693500891,7.6040500799862345
35,10,55,385.7676203280428,2.170934114988037,45.3794331899482,16.778044382549517,22.95108344713616,1.85035186124338,91.74453870946589,7.563827393893292
36,10,54,386.0212470453542,2.189779036263146,46.04619827956802,16.95402394713274,22.815241287702786,1.8357407814674491,91.43874128818524,7.526956883868216
37,10,53,386.2451122164087,2.2113637490527407,46.893435341372225,17.151468825028928,22.690908638739746,1.8224788709077655,91.15389322601845,7.493018288414953
38,10,52,386.4258103101335,2.2365984733440856,47.93500224390374,17.37172114363036,22.57678292997351,1.810430543915687,90.88675633356004,7.46165064322869
39,10,51,386.5499564030258,2.2664822416044696,49.18432600086025,17.615705970022002,22.471961669008998,1.7994920800105747,90.63564741966465,7.4326249513999025
40,10,50,386.60544138005037,2.302060519805251,50.65366297128736,17.883777144716973,22.376011697214693,1.7895988984513702,90.40058155263965,7.405862444696579
41,10,49,386.5826611254889,2.344372767347828,52.35296636622785,18.175564505415085,22.288874223742372,1.7807196410003896,90.18279366596622,7.381399508453851
42,10,48,386.4755284034284,2.3943884732931022,54.28828194528377,18.48983239815378,22.210667033725727,1.7728417805507244,89.98388458651272,7.359319659282306
43,10,47,386.28211290945063,2.4529320180169316,56.459644424885994,18.824355262925998,22.141475561022286,1.7659559436879875,89.8049489214183,7.339682736548941
44,10,46,386.004834618818,2.5206008487785856,58.85854726228169,19.17581131055781,22.08122427406216,1.7600461908112361,89.64603618034036,7.322481241116262
45,10,45,385.65023256288697,2.597686327076683,61.46520285341042,19.53969485068106,22.029698910220805,1.755091836127773,89.50621967694238,7.307646897455442
46,10,44,385.228409421879,2.684109713990399,64.24597375586029,19.910255672376707,21.986750615705112,1.751083199086974,89.38440568416853,7.295117719785469
47,10,43,384.7522861637921,2.7793852477229732,67.15149278600339,20.28048893633962,21.952647857040855,1.748048518890232,89.28076610611852,7.284954625604573
48,10,42,384.23678898898993,2.8826181023574926,70.1160437331254,20.642213801485312,21.928457395802326,1.7460827273869426,89.19833530293721,7.277468867440756
49,10,41,383.69805051346094,2.9925388874478736,73.05869848256191,20.98628308945335,21.916269041613496,1.7453637598288656,89.1440263126005,7.273299466824599
50,10,40,383.1526574106436,3.1075704829599706,75.88649673529765,21.302953212956716,21.919084028075677,1.7461426579626105,89.12832047319903,7.273381124088138
51,10,39,382.61692804513393,3.2259189947485387,78.4996663447167,21.582415576642422,21.940295716290564,1.748702252673625,89.16330930413358,7.278778379029831
52,10,38,382.10616516879696,3.3456788987980124,80.7985928670421,21.815456465652506,21.98287971837483,1.7532937513200644,89.25952947425297,7.290423368919461
53,10,37,381.633821051016,3.4649423333629246,82.69198157583213,21.99418000295058,22.048588204991226,1.7600741208637698,89.4227656454308,7.3088529879350315
54,10,36,381.21056090993983,3.5819027671368358,84.1053723059367,22.112701775681256,22.1374914516283,1.7690706861583905,89.6522104413095,7.334057716728975
55,10,35,380.8433148279566,3.694943321951385,84.98886389751638,22.167704471734986,22.248069356343752,1.7801884096276306,89.94081271475113,7.365509167188074
56,10,34,380.5345199854207,3.8027007335970575,85.3227227065615,22.158753135293313,22.377797023516987,1.7932553386486145,90.27759881725096,7.402349122019392
57,10,33,380.2818008322629,3.9040988094263804,85.11970139735959,22.08830583242367,22.52395125788628,1.808084944084022,90.65087479103761,7.44365170256172
58,10,32,380.07827199262664,3.9983505391116774,84.42345380902768,21.961417850523077,22.684308917248618,1.8245297340946998,91.05100141654087,7.488651700425557
59,10,31,379.91349636723265,4.0849340159085665,83.30323743026328,21.785199890902653,22.857510694700114,1.8425084522468498,91.47185770399274,7.536865324713799
60,10,30,379.7749521252863,4.163551639689309,81.8458643186622,21.568130159385376,23.04303464799555,1.8620024637843955,91.91079316686714,7.588085119670593
61,10,29,379.6497250401909,4.23408333392771,80.14635976481964,21.319329307291927,23.240870560020728,1.8830284799637362,92.36744123147437,7.642278442645113
62,10,28,379.52609249310115,4.296542876908029,78.29890504277333,21.047892278371403,23.451062457664502,1.9056008744982407,92.84204776226926,7.699443472029122
63,10,27,379.3947144783305,4.351043037074322,76.38938502536571,20.762343272578434,23.67328849525999,1.929697105632864,93.33395717719705,7.759477097402967
64,10,26,379.24927195859834,4.397771353378648,74.49034067958807,20.470248403068577,23.90659530963801,1.9552357015438713,93.84068371355815,7.822092006862751
65,10,25,379.086544733567,4.436975239145249,72.65851545060765,20.1779914226412,24.149328777059495,1.982070308310857,94.35770200427228,7.886795960292846
66,10,24,378.90604582537645,4.468953291842321,70.9346660875606,19.890695215162854,24.39923565105858,2.0099978856317384,94.878838328449,7.952924615368631
67,10,23,378.70939301516626,4.494049378730843,69.34500276714189,19.612257780532232,24.65367118317743,2.0387759089083595,95.39700621875795,8.019706863609118
68,10,22,378.499597366247,4.512646855791234,67.90355140138931,19.345466305113643,24.90984069053969,2.0681427665973007,95.90501754661537,8.086339657278943
69,10,21,378.2804043579675,4.525161534729861,66.6148322000102,19.092154880506058,25.165018930707514,2.0978367315818893,96.3962719971424,8.152054676209243
70,10,20,378.05576416103133,4.532033174319585,65.47643101171752,18.853377798783466,25.416715988513058,2.1276108323766967,96.86522730181275,8.21616729240017
71,10,19,377.8294555381425,4.5337160255486895,64.48122600594789,18.629578409818755,25.66278091586496,2.1572427566778503,97.3076370698824,8.278105517626946
72,10,18,377.6048529476428,4.530669257499457,63.619178480023365,18.420741261962423,25.901449278986902,2.1865401477224635,97.72059459493474,8.337421302186945
73,10,17,377.38480903775115,4.523348048099104,62.87869108704744,18.226521541367788,26.131347733600148,2.2153422588046405,98.10244104668669,8.393788645313146
74,10,16,377.17162029198414,4.5121959027713805,62.247586438428826,18.04635031616362,26.351469948084187,2.2435190727077523,98.45259523962412,8.44699322577925
75,10,15,376.9670466311591,4.497638498130422,61.71377738355207,17.879516904134224,26.56113624228231,2.2709688718190093,98.77135057086683,8.496917528767138
76,10,14,376.7723619359502,4.4800791170805585,61.26570024796163,17.725231168803422,26.75994621582532,2.2976150200150536,99.05967050530509,8.543524383736925
77,10,13,376.5884190223488,4.459895578056606,60.89257343917092,17.582669108485202,26.947730586982892,2.323402485140668,99.31900133665494,8.586840812680771
78,10,12,376.41571826053496,4.437438465914714,60.584532014065346,17.451005086007314,27.12450597361237,2.3482944357655304,99.55111140721547,8.6269432776088
79,10,11,376.2544733515515,4.413030431765948,60.3326771918683,17.32943371816468,27.290434541406466,2.372269100406132,99.75795957371284,8.663944839945236
80,10,10,376.1046708136786,4.386966326610694,60.12906976949782,17.217183982838858,27.445789246456513,2.395316977884031,99.94159187430583,8.69798437162853
81,10,9,375.96612171993394,4.3595139535615095,59.96668833747319,17.113527617733528,27.590924669125474,2.4174384243554052,100.10406335608518,8.72921773833129
82,10,8,375.8385054439922,4.3309152541375875,59.83936700685875,17.017783437179265,27.72625303462726,2.4386416055806466,100.24738122369804,8.757810761546228
83,10,7,375.7214058550099,4.3013877778786656,59.741722753783236,16.9293188088935,27.85222482855349,2.458940783600767,100.37346538506914,8.783933720166266
84,10,6,375.61434073869566,4.271126316820898,59.669079141543506,16.847549217700255,27.96931335944689,2.4783548986928245,100.48412276832283,8.80775714616488
85,10,5,375.5167853456683,4.2403046149093395,59.61739079318218,16.77193659420129,28.07800263859794,2.4969064057911092,100.58103225415859,8.82944868467681
86,10,4,375.4281909686521,4.209077086342929,59.58317131309121,16.70198689462683,28.17877800302022,2.514620326518663,100.6657375851673,8.849170814596048
87,10,3,375.34799938532495,4.177580496153523,59.563426201433046,16.63724727354181,28.27211897876843,2.53152348171,100.73964610982347,8.867079254849886
88,10,2,375.2756539094264,4.145935571440982,59.55559152367141,16.577303084074703,28.35849395558683,2.547643873702482,100.80403166155226,8.883321909947561
89,10,1,375.21060769002423,4.114248523232579,59.557478580878026,16.521774862395446,28.43835631350268,2.5630101920976047,100.86004025065888,8.898038234327657
90,10,0,375.1523297992197,4.082612467547353,59.567224495685636,16.470315397272593,28.51214170424608,2.5776514208143224,100.90869755883998,8.911358917666599
0,11,89,379.1870465825898,2.0374390688452975,56.69322303753114,15.558687373063844,28.654018189081544,2.607369596422375,100.99297528088046,8.935991621723794
1,11,88,379.331067309186,2.0284271179893802,56.41779232438249,15.553838599440292,28.59192378107371,2.5941793042958166,100.95714227130833,8.925260461267325
2,11,87,379.4783431767537,2.019704903379396,56.12449812290926,15.54934865493624,28.524598354410884,2.5803215256583654,100.91577225096457,8.913378735637307
3,11,86,379.6287802519638,2.0113151465656984,55.81254218973801,15.545284641999316,28.451643441548416,2.565766867834194,100.8680596671994,8.900232951389922
4,11,85,379.7822680779923,2.0033038259472464,55.48115696229266,15.541720448616537,28.372638505249927,2.5504855197063834,100.81309483756901,8.885700527082733
5,11,84,379.9386796424903,1.9957202786245727,55.12962205764245,15.538737261716648,28.28714165935097,2.534447461129057,100.74985413356607,8.869649577431455
6,11,83,380.0978717497458,1.9886172633577357,54.75728406608427,15.536424111646912,28.194691017950575,2.517622732954811,100.67719038089447,8.851938850118549
7,11,82,380.2596859086629,1.9820509690420196,54.36358012016967,15.534878451949421,28.09480685200718,2.4999817816446233,100.59382395662799,8.832417871640814
8,11,81,380.4239498686911,1.9760809489259952,53.94806575427339,15.534206780709757,27.98699477417981,2.4814958953703554,100.49833524354294,8.810927373303949
9,11,80,380.5904799588463,1.9707699557498577,53.51044759195101,15.534525312708883,27.87075022250056,2.4621377519462566,100.38915932974201,8.787300086251205
10,11,79,380.75908441052184,1.9661836470149572,53.050621400234846,15.535960715810962,27.745564571473214,2.441882102821854,100.26458412535781,8.761362015532292
11,11,78,380.9295678729291,1.9623901227177534,52.568716020781494,15.538650930899577,27.610933265036667,2.420706621645132,100.12275341425432,8.732934327733538
12,11,77,381.1017373606731,1.9594592502427446,52.06514361304407,15.542746102797555,27.46636643760035,2.3985929503427594,99.96167677015104,8.701836014218008
13,11,76,381.2754099059971,1.9574617230880196,51.54065650607345,15.54840966068554,27.311402562625418,2.3755279798318436,99.7792487388071,8.667887521403806
14,11,75,381.4504222231185,1.95646779245742,50.99641073068982,15.555819601464107,27.14562573451517,2.3515054056124214,99.5732802024199,8.63091556828987
15,11,74,381.62664272750635,1.9565456048458398,50.434035966556095,15.565170049349696,26.96868723421083,2.3265275993329615,99.34154535790512,8.590759395148433
16,11,73,381.8039862856456,1.957759076800245,49.855711161212696,15.576673190970435,26.780332028134385,2.3006078340068976,99.08184818010862,8.54727869845631
17,11,72,381.9824320932167,1.9601652435330075,49.2642444344817,15.590561718574818,26.580430767800994,2.2737728899711023,98.79211247457097,8.500363494012444
18,11,71,382.1620450752118,1.9638110361398216,48.66315505485963,15.607091955690986,26.369017641515217,2.246066046826855,98.47049945072654,8.449946095537292
19,11,70,382.3430011366146,1.9687294800263047,48.05675426808331,15.62654788990735,26.14633401011845,2.217550428130208,98.11555587455823,8.396015276129647
20,11,69,382.525616402065,1.9749353741901503,47.45022061315093,15.649246394866863,25.912877049583585,2.1883126041076495,97.72639390279706,8.33863246470146
21,11,68,382.71038015041415,1.982420618430011,46.849664180135676,15.675543983161148,25.66945153122804,2.158466266611199,97.30290019460764,8.277949485097766
22,11,67,382.89799027909356,1.991149514693777,46.262173239102566,15.705845482771139,25.417221316982733,2.128155665063348,96.84596636508596,8.214226841088756
23,11,66,383.0893885240981,2.0010545873979666,45.69583610846975,15.740615052015023,25.15775510660285,2.0975583323447284,96.35772493079651,8.14785086995019
24,11,65,383.2857899140113,2.0120337431029514,45.15973146860276,15.780389908953575,24.89305852677767,2.066886444825889,95.84176457010054,8.07934724847376
25,11,64,383.4886966324821,2.023949899204478,44.66388208834111,15.825797003873307,24.625582051130245,2.036385974774013,95.30328635019607,8.009387411962717
26,11,63,383.69988040925,2.036634497285402,44.219170615606146,15.87757255046482,24.358191977772453,2.006332649123224,94.74915007107599,7.938783595789613
27,11,62,383.9213102736317,2.0498964765784473,43.83722190717441,15.936583799663147,24.094090583775056,1.9770236932056722,94.18774998658085,7.868467702858506
28,11,61,384.1549959342431,2.0635381657227216,43.530263897668036,16.003851670224243,23.836672901189417,1.9487645103555524,93.6286570961452,7.79944947843175
29,11,60,384.40271521939314,2.0773789803096525,43.31098673651711,16.080571893886805,23.589313248768253,1.9218499691715003,93.08197964882513,7.732751209958145
30,11,59,384.66560284215797,2.091286652823493,43.192425176837446,16.168131339453314,23.355087257907357,1.896541015496403,92.55743693530388,7.6693202552523685
31,11,58,384.94360298847334,2.105213988760011,43.18788870580826,16.26811537279166,23.13645669352762,1.8730390207059513,92.06322556262832,7.609927857966099
32,11,57,385.23483110222276,2.119237147956747,43.31095529165408,16.382301692500025,22.934973165484205,1.8514624563077346,91.60487879628822,7.555072380793957
33,11,56,385.53494269224916,2.133589854757655,43.575528307748115,16.51263611120263,22.751082766683968,1.8318323603225617,91.18443856219321,7.504913907640383
34,11,55,385.836650794616,2.148687588246065,43.995936152751995,16.66118610085804,22.584117397340243,1.8140731731754993,90.8002942701678,7.459268661541324
35,11,54,386.12954738817706,2.1651372520612404,44.58703599092354,16.830068436990587,22.432520994534997,1.7980324659239484,90.44790771994617,7.417679485302555
36,11,53,386.4003548725776,2.1837307839332682,45.36427021995512,17.021348113439707,22.294280217419278,1.783516926347529,90.12133232860909,7.37955275303777
37,11,52,386.6336654331073,2.205424336354598,46.343614553620824,17.236907490554888,22.167440795809746,1.7703351387555566,89.81507435811783,7.3443229446583835
38,11,51,386.81313493947584,2.231306308711306,47.541343411669885,17.478288172256487,22.050542769676223,1.7583340107407508,89.52564233134068,7.311590295422349
39,11,50,386.9230022678183,2.262556577214635,48.97351644047292,17.746513410465592,21.94283455255412,1.7474177783681968,89.2522339671675,7.281185774094913
40,11,49,386.9497214171689,2.3003962680682943,50.655062720135106,18.04190421075476,21.844217436608506,1.7375456275916705,88.99637865031386,7.253147895114247
41,11,48,386.88344365191716,2.34602449272661,52.59832234725663,18.363904375337754,21.754978908575545,1.7287123075856794,88.76077904585625,7.227630976793445
42,11,47,386.71909653411257,2.400538364181126,54.81092469708089,18.7109254362433,21.675441253002752,1.7209215581113324,88.54785562572565,7.20478665452741
43,11,46,386.4568910163907,2.46483694811662,57.29296551563222,19.080212646509555,21.605664065715956,1.7141633070902937,88.35852965247898,7.184664136347325
44,11,45,386.1022270157637,2.539517497650783,60.03360411914723,19.467724671938733,21.54531847505454,1.708404031189319,88.19169406794764,7.1671676731938065
45,11,44,385.66510695262673,2.6247796447676133,63.00742383410088,19.86802211771678,21.493818737534383,1.7035970107807927,88.04471420282383,7.1520993169255345
46,11,43,385.15924774311986,2.7203559537480517,66.17113712988603,20.274178682055013,21.450737577395344,1.6997143604727405,87.91509142385848,7.139295895745742
47,11,42,384.60108350413105,2.8254835880462577,69.46139462740364,20.67775736999566,21.416418244425262,1.6967938315431577,87.80297612855885,7.128832054553596
48,11,41,384.00879747278356,2.9389235734178576,72.79448217716664,21.068916117832778,21.392552403538428,1.6949823931767016,87.71361609479246,7.121213773688054
49,11,40,383.40145114037495,3.0590249811796637,76.06850059030276,21.43670518887598,21.38240508100028,1.6945520901433613,87.65843491613812,7.11745746122815
50,11,39,382.79821058905486,3.183824483540447,79.16825384667604,21.7695882076607,21.390428842616313,1.695868646419802,87.65365096117016,7.118969141718819
51,11,38,382.21760296931507,3.3111685619527895,81.97266736431386,22.056171907209663,21.421249210418324,1.6993118990634148,87.71630982437873,7.127216471930166
52,11,37,381.67668150607847,3.43884574567865,84.36424308873319,22.286083776779314,21.478342031195425,1.7051731310238012,87.8589970379612,7.143297381422676
53,11,36,381.1899839008305,3.5647175402229996,86.23977595965366,22.450897625440746,21.562967039099163,1.7135728213836723,88.08552381612526,7.167589694918699
54,11,35,380.76828584968445,3.6868368049272475,87.52113958545289,22.544972093308523,21.67386569935526,1.7244377286206907,88.38967499225646,7.1996488621947385
55,11,34,380.417352067197,3.8035412805402413,88.16444481688485,22.56604765162587,21.807856884864105,1.7375473124523924,88.75758089180323,7.238399061912566
56,11,33,380.137051392026,3.91351086834121,88.16567207236815,22.515471524081487,21.96101223271023,1.7526247639896042,89.1724245554423,7.282515020509435
57,11,32,379.9212075556039,4.0157828666712145,87.56134407357635,22.397997864013696,22.129864131735157,1.7694302540382212,89.61927229766056,7.330816394084535
58,11,31,379.75838231154574,4.109728412785431,86.42387097253794,22.221211669157974,22.312187886446583,1.7878207376966617,90.0882002220975,7.382525026380776
59,11,30,379.6335173133499,4.1950015453938265,84.85242241211967,21.99470158589172,22.507170722148373,1.8077615782407987,90.57500257121575,7.437323805389531
60,11,29,379.53011076387367,4.271476124206188,82.96111693149385,21.729134347679857,22.715046880062047,1.829296059078934,91.07983163195028,7.495242784753265
61,11,28,379.4324615920987,4.339184767549855,80.86673499223605,21.435369167307705,22.936436674791683,1.8524914455426107,91.60472397141889,7.5564497337990675
62,11,27,379.32751892504643,4.398269550795665,78.67801374691616,21.123713622895586,23.171662930627676,1.8773832675324356,92.15107576765475,7.621033491962126
63,11,26,379.2060184439257,4.448948531240763,76.48796178365546,20.80337906960891,23.420258194109564,1.9039349156621341,92.71786924586249,7.688848657767533
64,11,25,379.06281005018513,4.4914970281877,74.36975669046834,20.482152217497763,23.680764080205854,1.9320208393482854,93.301003679859,7.759453634586809
65,11,24,378.89649511780897,4.526239248387732,72.3759468719135,20.16626571187731,23.950809267622304,1.961432494377639,93.89364231441841,7.832136964750512
66,11,23,378.70862310703984,4.553544814135066,70.54011578321526,19.86042809911441,24.227375461664245,1.9918999459510958,94.48720431696763,7.90600226760118
67,11,22,378.50272197425943,4.573825675499559,68.87997524401081,19.567963783156863,24.50713721591346,2.0231200229856445,95.072562611673,7.980075002867452
68,11,21,378.2833797608213,4.587530826931786,67.40096862470739,19.291014804926256,24.78678151162393,2.05478337916566,95.64110470991973,8.053401160156277
69,11,20,378.05550371756283,4.59513819922095,66.09973636126801,19.030764729074736,25.063252615931273,2.0865958952573034,96.18547624689312,8.125120992556933
70,11,19,377.8237992413552,4.597144432220783,64.96708681252838,18.78765639634724,25.333905608264097,2.118292866090639,96.69997265569853,8.194513142460039
71,11,18,377.592454084158,4.594053802917159,63.990344115598944,18.561586510624217,25.596577240945027,2.149646473704138,97.18063475873053,8.261012517209785
72,11,17,377.3649856065604,4.58636756158409,63.15508859258195,18.352069121040387,25.849594361323707,2.180468036684432,97.6251391122822,8.324208792372275
73,11,16,377.14420256649737,4.574574593700223,62.44637644228615,18.15836643345572,26.091741832030834,2.2106067276546857,98.03257192635054,8.383832772514129
74,11,15,376.9322385279192,4.559143909940405,61.84954769416764,17.979589247938407,26.322208443293505,2.239946227054397,98.40315598408972,8.439736578541781
75,11,14,376.7306240635127,4.540519107951207,61.35072665441284,17.81477123774092,26.540524220816383,2.2684004075957516,98.737976888369,8.491871895470135
76,11,13,376.54037515826764,4.519114699864697,60.93710268578974,17.662921888667558,26.746497735766418,2.2959087773417632,99.03873510618962,8.540268922241598
77,11,12,376.3620836588988,4.495314058002104,60.59706004015516,17.52306273953024,26.940158283240223,2.3224321157823797,99.3075358775451,8.58501744750812
78,11,11,376.19600178632527,4.469468674019482,60.32020791094321,17.394250994051433,27.12170520777775,2.3479485287547073,99.54671983798436,8.626250649226685
79,11,10,376.0421168666411,4.441898425228606,60.09734746152755,17.275593864669407,27.291465027466813,2.3724500127493244,99.75873198899974,8.66413170945442
80,11,9,375.90021500737305,4.412892571609557,59.92040148710919,17.166256305042808,27.449856080019075,2.395939538431565,99.946024158736,8.698843057749647
81,11,8,375.76993391875095,4.382711250647917,59.78232416553912,17.065464163006872,27.597359949826142,2.418428619619149,100.11098528363841,8.730577927528183
82,11,7,375.65080583475344,4.351587283575747,59.67700246122678,16.97250426604464,27.734498756082942,2.4399353138883364,100.25589396814414,8.759533870281007
83,11,6,375.5422918024741,4.31972814979404,59.59915660488345,16.886722538214862,27.8618173658999,2.4604825948569857,100.38288836457427,8.785907882551566
84,11,5,375.4438086679163,4.287318023435576,59.54424421233817,16.80752092971189,27.9798696642009,2.48009703773134,100.49394917165515,8.809892834646565
85,11,4,375.3547500111915,4.254519796422688,59.50837066454791,16.73435370201014,28.089208116541432,2.4988077650029084,100.59089231884214,8.83167493320121
86,11,3,375.2745021469967,4.221477036301512,59.4882070773436,16.666723436703634,28.19037597473159,2.5166456059444444,100.67536860624503,8.851431993650507
87,11,2,375.20245614912795,4.188315845410552,59.480916346707644,16.60417701019201,28.283901584093666,2.5336424305052314,100.74886817480272,8.86933233922234
88,11,1,375.13801670334294,4.155146601539953,59.48408722298923,16.546301687191754,28.37029434875268,2.549830624697,100.81272818248179,8.88553417853489
89,11,0,375.0806084521498,4.1220655701067095,59.495676046304254,16.49272142402625,28.450041995315292,2.5652426803106096,100.86814246657751,8.900185343855398
0,12,88,379.320961365452,2.022151535788776,56.451338424963,15.544334831961791,28.603740784079775,2.5966097089421676,100.96429621262611,8.927340008475992
1,12,87,379.4695332983513,2.012917168365828,56.15654919697457,15.53904055117267,28.536800706976305,2.5827540219663963,100.92363757697977,8.915571516020117
2,12,86,379.6213843528434,2.0039877106986954,55.84245392808934,15.534114448396622,28.464163414562154,2.5681868602073825,100.87664708438906,8.902529917078812
3,12,85,379.77640231443377,1.9954087586815343,55.50816942001394,15.52962705544243,28.385386327786005,2.5528757190358484,100.82239307490012,8.888087708729236
4,12,84,379.934456051113,1.9872295253163568,55.152843424351474,15.525656056073665,28.30000096829516,2.5367874652913347,100.75982119289867,8.872106834698757
5,12,83,380.09539538558766,1.9795029765776624,54.7756727092751,15.522286814478857,28.20751348459165,2.519888543634025,100.68774230628769,8.85443836137833
6,12,82,380.2590514179942,1.9722859274586377,54.375924869159164,15.519612931327401,28.107405853401207,2.502145248631767,100.60482053665649,8.834922315662281
7,12,81,380.4252374297303,1.965639080478593,53.95296445344685,15.517736830698862,27.999137963076457,2.483524078867882,100.5095619523185,8.813387749560693
8,12,80,380.5937505245222,1.9596269837739055,53.506284039897906,15.516770383240129,27.882150838292617,2.463992193115423,100.40030469707915,8.78965311476981
9,12,79,380.764374191926,1.9543178795434408,53.03554091353806,15.516835574008043,27.755871329042456,2.443517993118862,100.27521161228158,8.763527052875626
10,12,78,380.9368820114967,1.9497834059230392,52.540600026380304,15.518065228007353,27.619718663253877,2.4220718628003386,100.13226677085191,8.734809734210074
11,12,77,381.11104275330456,1.946098106236139,52.02158389069449,15.520603812987808,27.473113351726212,2.399627099733576,99.96927779193679,8.70329491098646
12,12,76,381.28662717299414,1.9433386890640327,51.47892998183488,15.524608348357607,27.315489035398787,2.376161081328559,99.78388635214264,8.668772888161836
13,12,75,381.46341684806987,1.9415829710193129,50.91345607123509,15.530249462069893,27.146307974146588,2.3516567149132968,99.57358995485801,8.63103465755928
14,12,74,381.64121545774333,1.9409084222691013,50.326433645689335,15.53771265529516,26.965080984165557,2.326104226931918,99.3357787465216,8.589877484579034
15,12,73,381.8198629726294,1.9413902242746923,49.71966915894316,15.547199859180836,26.771392720120204,2.299503350280428,99.06779193209935,8.54511227711197
16,12,72,381.9992532929384,1.9430987426019426,49.09559226519397,15.55893140092713,26.564933238448194,2.271865967850553,98.76699904641967,8.496573093630149
17,12,71,382.17935595093144,1.946096319474909,48.45734936109804,15.57314853993596,26.345536721073007,2.243219260709286,98.4309118126513,8.444129146272246
18,12,70,382.36024256193195,1.9504333079194245,47.80889968279743,15.590116791054191,26.113228011181366,2.2136093852131506,98.05733228505503,8.387699600981263
19,12,69,382.5421187329602,1.9561433120123684,47.15510986272881,15.610130322394614,25.86827711198208,2.1831056567926455,97.6445420100439,8.327271335764628
20,12,68,382.72536203990614,1.9632376797951054,46.50184129449043,15.633517799335486,25.611260893310046,2.1518051391956687,97.19153446709694,8.26291954421426
21,12,67,382.9105663030673,1.971699434190882,45.85602301822044,15.660650139088421,25.34312978965494,2.1198374158349895,96.69828834803364,8.19483061080359
22,12,66,383.09859143286894,1.9814770416005252,45.225701394962556,15.691950728267742,25.065275120593068,2.0873691456318153,96.16607153091077,8.12332598497081
23,12,65,383.29061609539053,1.9924787226853002,44.62005704262826,15.727908711609473,24.779589756423835,2.054607777272208,95.59775428639091,8.048884810559166
24,12,64,383.48818665445395,2.0045684057832918,44.04938002743587,15.769095935091515,24.488511277973796,2.0218035245742803,94.99809516445343,7.972161841673596
25,12,63,383.6932494602999,2.0175648796698833,43.52499698192025,15.816187948233999,24.195032875589295,1.9892484240455386,94.3739448362529,7.893995792180604
26,12,62,383.9081440340148,2.0312461340079846,43.0591494685187,15.86998904650942,23.902663667188254,1.957271063109841,93.73429388508788,7.815401936690468
27,12,61,384.1355226775752,2.04536112127552,42.66483188223465,15.931460581187753,23.615318020439975,1.9262254780278658,93.09007417251013,7.737541887035942
28,12,60,384.3781507370328,2.05965098841686,42.35560869068509,16.001750657731733,23.337114765586293,1.8964729232196214,92.45361784969077,7.661663679428223
29,12,59,384.638538272814,2.0738809189764575,42.145442169032194,16.08222199408114,23.07207525413428,1.86835595386429,91.83769856658036,7.589007800521147
30,12,58,384.91836883994046,2.087881877222461,42.04856831332192,16.174473395860076,22.82372920843733,1.8421659010419327,91.25415073746468,7.520681338884344
31,12,57,385.21773411532826,2.101598824092906,42.079454962856445,16.280349404110403,22.594673896354852,1.8181076571323438,90.71220989300446,7.457514678857559
32,12,56,385.5342540701187,2.115138997347827,42.25285947549119,16.40193244134537,22.386181955345123,1.7962694189153234,90.21693187312106,7.3999319243113355
33,12,55,385.86224285112587,2.12881185639651,42.58397661187978,16.541512120490108,22.19799441510499,1.7766079868491425,89.7682420219649,7.3478802514411825
34,12,54,386.1921359294667,2.143152721264588,43.088639689364726,16.70152684129454,22.02842865691067,1.7589594357384133,89.36116719003422,7.30086144142387
35,12,53,386.5103918174776,2.1589256068636913,43.783519241813124,16.88447307144628,21.874845200999463,1.7430781833524478,88.98747211070062,7.258080594810979
36,12,52,386.8000137733564,2.177106116654639,44.68625533089809,17.09277832101633,21.73436975305599,1.7286960860898144,88.63832042095993,7.218678281143943
37,12,51,387.0417241816575,2.1988497272579433,45.81545291296172,17.328636311264564,21.604634167687117,1.7155830093311106,88.3070265027567,7.181968474448389
38,12,50,387.2156960330934,2.2254515199699414,47.19044947229885,17.593808797334447,21.484270564663362,1.7035880887262864,87.99083345634752,7.147594952353638
39,12,49,387.30362084699493,2.2582995041039573,48.830722574695955,17.889407559137712,21.372997328771387,1.6926489418153583,87.69107756983186,7.115553462168717
40,12,48,387.2907867822073,2.298817238381967,50.75475206535718,18.215678142326066,21.271315822238268,1.6827699964305916,87.41183528504101,7.086086482103407
41,12,47,387.1677905888225,2.3483869642297193,52.97811886797166,18.57180701169124,21.17998465309752,1.6739826997507463,87.15773898063154,7.059506084951404
42,12,46,386.93156165081297,2.408246449835075,55.51065531862811,18.955761120315415,21.099482685163885,1.666304141562246,86.9317963070566,7.036014558308435
43,12,45,386.5855496310728,2.4793625276816145,58.352601044840256,19.364148229625982,21.02963704489672,1.6597082087389614,86.73387850736991,7.015580400164251
44,12,44,386.1391571544173,2.5622978677452375,61.48997507075782,19.792073586536937,20.969555703524104,1.6541204576146247,86.56040814583967,6.997915170065702
45,12,43,385.60667478464785,2.6570971283851943,64.88971643261594,20.23298134347725,20.917979068894102,1.6494454847129358,86.40572964576354,6.982588925569243
46,12,42,385.00602094364825,2.7632181929343407,68.49549090129375,20.678510677323953,20.874069014272358,1.645627751089142,86.2653020800094,6.969290935243314
47,12,41,384.35751913971626,2.8795240083600158,72.22527968427784,21.11844729861875,20.838436016257788,1.6427300161295146,86.13996122888338,6.958170747624233
48,12,40,383.68283587842626,3.004336408404042,75.97180119385595,21.540877133048348,20.81396071653349,1.6409950619370748,86.03945211065901,6.950113866471802
49,12,39,383.0041121053116,3.135541447469939,79.60639495345328,21.932626295730273,20.805878010344824,1.6408500570994535,85.98301571297245,6.94677659717105
50,12,38,382.34323992985037,3.270729398209351,82.98637596919869,22.28000795365451,20.82079439384243,1.6428288685386996,85.99560328191005,6.950270404398618
51,12,37,381.7211326234203,3.407352161472655,85.9653897705879,22.5698274232805,20.86480400823222,1.6474257604428222,86.10031672304542,6.962547994586555
52,12,36,381.1567468366728,3.5428843439069118,88.40609218091052,22.790546137185306,20.94145038887372,1.6549382799127708,86.31010581177861,6.984734628947046
53,12,35,380.66566800475425,3.6749767341551065,90.19417433289712,22.933459194994867,21.05053870911804,1.6653763779674926,86.62287283059594,7.016734414291098
54,12,34,380.25834214857906,3.801588529003663,91.2519607923824,22.993685768934213,21.18842120114211,1.6784851788579451,87.02258262017943,7.057317827912483
55,12,33,379.93840147859805,3.9210807892096886,91.5489127043056,22.970748131069097,21.349555910813866,1.6938657356888938,87.48556661971266,7.104627529505473
56,12,32,379.70171867125936,4.032256362770134,91.10632898184484,22.868585895080194,21.528497948541307,1.7111289334061033,87.98856482753443,7.1568284344372755
57,12,31,379.53668510136237,4.134343489234646,89.99475278919248,22.695005315865632,21.721436308995717,1.7300139363667908,88.51490015504933,7.212611777139129
58,12,30,379.42582939374665,4.226934957473751,88.32445559478386,22.460710050800362,21.92680159191123,1.7504340812902055,89.05691517112803,7.271397530855101
59,12,29,379.3484726327798,4.309903812196419,86.23101162861803,22.1781282266253,22.144954347684557,1.7724505866475533,89.61478064438442,7.333238191256617
60,12,28,379.283813448895,4.383317369008164,83.85891377301957,21.860240581642362,22.37727702304464,1.7961991093264789,90.19301297428862,7.3985292717846916
61,12,27,379.2137353096864,4.447365886097394,81.34631342115969,21.519563866766084,22.625097621652547,1.82180281380167,90.79640297278836,7.4676657085190286
62,12,26,379.12475377808937,4.502314115795059,78.81334397779916,21.16738325261868,22.88881791563719,1.8493016003107077,91.42679199160473,7.540764724565064
63,12,25,379.00882263272064,4.548475900358033,76.35531472649556,20.81326996900152,23.167462772540162,1.8786149761034479,92.08148862930696,7.617524407116448
64,12,24,378.8630691547746,4.586206018702354,74.0407374094577,20.4648712091624,23.458679091186067,1.9095411932229078,92.75337796871655,7.69722609517695
65,12,23,378.6887882341901,4.615900888767252,71.91312620164587,20.127923727663667,23.759065793922634,1.9417835116287083,93.43221859138801,7.7788413478713005
66,12,22,378.49011369842555,4.6380004960961765,69.99506128595478,19.80642443755894,24.064654977491966,1.974989377510852,94.10641527563527,7.861185053613284
67,12,21,378.27272081822593,4.652986800754657,68.29309788866661,19.50289014619792,24.371384497196875,2.0087896917432824,94.76466583360302,7.943063458571312
68,12,20,378.0427736530204,4.661377138826566,66.80250588898903,19.218649476640824,24.67546536270498,2.042830206996154,95.39714584819653,8.023386757158383
69,12,19,377.8061921941241,4.663713513096957,65.51128824992072,18.954126457198136,24.973612280260767,2.0767922112804738,95.99615113325667,8.101237000393645
70,12,18,377.5682192048792,4.660549752828932,64.40329347869006,18.709091744147496,25.263149686270967,2.110403202267682,96.55628000552998,8.175896139756421
71,12,17,377.333221289893,4.652438562959516,63.460461931911354,18.482870793917307,25.542025319837062,2.143439917113163,97.07430017005473,8.246845098811045
72,12,16,377.1046497154545,4.639919963042238,62.66434930167452,18.27450749053389,25.80876576465247,2.1757263687128416,97.54884128073591,8.313745242239646
73,12,15,376.8850968203625,4.623511952075389,61.99709595332105,18.082887101488225,26.062402160731228,2.2071291188150175,97.98002076924,8.376411376366455
74,12,14,376.6764006679642,4.6037036673085865,61.4419960910288,17.906824911597376,26.30238571708252,2.237551383416378,98.36907209541921,8.434782510359122
75,12,13,376.4797667643214,4.580950918735176,60.98379119482708,17.745127473434277,26.52850498609433,2.26692697798215,98.71801285122278,8.488894065567553
76,12,12,376.29588837773554,4.555673769694603,60.60878127596203,17.59663293946467,26.740811178486737,2.2952146635616066,99.02936818868781,8.538853370535705
77,12,11,376.12505584165467,4.5282557539439665,60.304820957587225,17.460235983427395,26.939554078408154,2.322393154962715,99.3059517418283,8.584819091372653
78,12,10,375.9672508406481,4.499044322199401,60.06124671036483,17.334901733314364,27.12512892579369,2.348456869368649,99.55069920853023,8.626984565210847
79,12,9,375.8222249536973,4.468352157444918,59.868766361719025,17.219672117613335,27.29803348354506,2.3734123928436204,99.76654679214009,8.66556466261647
80,12,8,375.6895634530814,4.436459061772531,59.7193312154174,17.113667154916318,27.45883400676679,2.3972755934631707,99.95634606672499,8.70078567087751
81,12,7,375.56873612711263,4.403614182472523,59.606003670867366,17.016083016492928,27.608138703009303,2.4200692919813025,100.1228073916203,8.732877672389618
82,12,6,375.4591371174189,4.370038403551304,59.52282818920109,16.926188151633873,27.74657733801014,2.441821400004778,100.26846507354678,8.762068932792207
83,12,5,375.3601156947724,4.335926777681274,59.46471009868013,16.843318362548768,27.874785793987737,2.462563442986909,100.39565867620414,8.788581877856245
84,12,4,375.27099969661543,4.301450912373636,59.427304540436694,16.76687142220453,27.993394567252423,2.482329396009503,100.50652601539528,8.812630307655372
85,12,3,375.19111310223064,4.266761253848524,59.40691645486139,16.696301619459522,28.103020367764813,2.5011547716007163,100.60300437015275,8.834417561929122
86,12,2,375.11978897431527,4.231989234113344,59.40041164006358,16.631114469848818,28.20426014113476,2.519075909404786,100.68683726448731,8.854135407825925
87,12,1,375.05637877056296,4.197249262677183,59.405138398711614,16.570861730398686,28.297686968542344,2.5361294268160224,100.75958483733636,8.871963469353298
88,12,0,375.00025883409734,4.162640555516183,59.4188590068392,16.5151367898432,28.383847412085636,2.5523517975683223,100.8226363397769,8.88806905726474
0,13,87,379.45841494123096,2.00654767125712,56.19596905897103,15.529158040800434,28.55028144617743,2.585454465374004,100.93223139715933,8.917985273493322
1,13,86,379.61162500628626,1.9970842666949915,55.88059860975255,15.523387616629917,28.47814950681806,2.5709019424058135,100.88614330508308,8.905087391990044
2,13,85,379.768128114981,1.9879416531483804,55.54436821080681,15.51799502442871,28.399813925901455,2.5555909101598213,100.83282088343442,8.890781462310478
3,13,84,379.9277910764335,1.9791685305060027,55.18630023713203,15.513054451950406,28.3147829295847,2.5394853935673405,100.77118727171587,8.874924239643265
4,13,83,380.09045896299637,1.970817625764063,54.80544780461689,15.508647628489626,28.22253432259894,2.5225485310086486,100.70002102023571,8.857360210787304
5,13,82,380.25595484076376,1.9629458722090463,54.40091451103403,15.504864366582371,28.122515726183625,2.5047427713036474,100.61794119885708,8.837921126970844
6,13,81,380.4240799971174,1.9556145491421293,53.971878427438355,15.501803126166411,28.01414552966563,2.486030141101274,100.52339244041899,8.816425704143487
7,13,80,380.594614817012,1.9488893622343575,53.51762103147361,15.499571603011198,27.89681479251431,2.4663726014818255,100.41463054370055,8.792679564813707
8,13,79,380.76732049089816,1.942840438312981,53.03756184247791,15.498287345186007,27.769890398826664,2.4457325173355757,100.28970953019704,8.766475517937293
9,13,78,380.94194177327245,1.9375422004636325,52.53129957425064,15.498078404442026,27.632719847215004,2.4240732689071813,100.14647140260664,8.737594301621824
10,13,77,381.11821105253074,1.9330730795053688,51.998660653162716,15.499084034139528,27.484638158618846,2.4013600419409267,99.98254031066256,8.705805948598444
11,13,76,381.29585404114107,1.9295150059133417,51.43975594006605,15.5014554524418,27.3249775047243,2.37756084120432,99.7953234127146,8.670871977520667
12,13,75,381.47459745173404,1.9269526120140634,50.855046420626906,15.505356699867697,27.153080300980335,2.3526477817358242,99.58202144814354,8.632548664763767
13,13,74,381.65417909206604,1.9254720579259827,50.24541845849444,15.510965635221414,26.96831666788815,2.3265987225948193,99.33965291698641,8.59059171113102
14,13,73,381.83436089378165,1.9251593769660826,49.61226889782944,15.518475135115487,26.770107333350616,2.2993993183048076,99.06509679060675,8.54476268342121
15,13,72,382.0149454918943,1.9260982187282263,48.95759980495504,15.528094592030456,26.557953207678395,2.27104557181205,98.75515980483796,8.494837676432667
16,13,71,382.1957971004544,1.9283668539509753,48.28412189374576,15.540051847006179,26.33147297408034,2.2415469764702953,98.40667550227593,8.440618695186277
17,13,70,382.3768675901702,1.9320343002533469,47.59536462344968,15.554595749178125,26.09045003700591,2.2109303280527564,98.01664307240644,8.381948279489933
18,13,69,382.558228862623,1.9371554410557432,46.895789537657166,15.571999609429527,25.834889956389006,2.179244262922661,97.5824143028379,8.318727849991195
19,13,68,382.7401128050398,1.9437650557324382,46.190901607352515,15.592565913109148,25.565088916862482,2.146564523486968,97.10193599426623,8.250940096055986
20,13,67,382.9229602121894,1.9518707777004312,45.487351197015116,15.61663277871295,25.281712634136408,2.112999851428922,96.57405213049087,8.178675381401408
21,13,66,383.10747986896956,1.961445175685948,44.79301696540443,15.644582791704238,24.985883144473295,2.078698245195172,95.99886380521457,8.102161527757291
22,13,65,383.29471806724405,1.97241744298864,44.11705792353477,15.676854989296398,24.679267925045526,2.0438530749014063,95.37813414703847,8.021795362509158
23,13,64,383.48613639773885,1.9846656080517775,43.46992168124777,15.713960885077535,24.364161621001447,2.0087082189534744,94.71570920876036,7.938173023256499
24,13,63,383.6836904690545,1.9980107553160575,42.86329666621201,15.756505429297803,24.04354540447077,1.9735609862226209,94.01790361928451,7.85211421038503
25,13,62,383.8898926604734,2.012215428588144,42.31000016282357,15.805213585175082,23.721103101356956,1.9387611594493106,93.29377250401117,7.764673491432773
26,13,61,384.1078268094533,2.0269890525092498,41.823802770871964,15.860962612009788,23.401167548497632,1.9047041183958582,92.55516107167662,7.677129659252439
27,13,60,384.3410625355452,2.0420035934491008,41.419203931841224,15.924819043686469,23.088566616808006,1.8718157972946297,91.81639520086864,7.590942518958492
28,13,59,384.59339718105775,2.056922383384759,41.11119103734278,15.99807771626547,22.788338743580457,1.8405274163234784,91.09346179835994,7.507666311110461
29,13,58,384.8683471408398,2.071443554482533,40.915031377476936,16.082298264803683,22.50529876602414,1.8112389447678177,90.40255430630413,7.428812403496947
30,13,57,385.16833723114314,2.0853565108966072,40.84615334929454,16.179332817553426,22.24346740334738,1.7842728861503132,89.7579788460227,7.355664692893121
31,13,56,385.4936129298336,2.0986054862667913,40.92016216011454,16.291337808873955,22.005442915952948,1.7598249702361044,89.1696860928456,7.289073066253873
32,13,55,385.84101987527436,2.1113497558058243,41.15300337466921,16.42076315825062,21.791883351199758,1.737925017410562,88.64108882333356,7.229280567972044
33,13,54,386.2029158405161,2.1240078768403623,41.561244992788545,16.570312932079986,21.601332254250774,1.7184258119216078,88.16813427735453,7.17586177178779
34,13,53,386.56653810566917,2.1372758265630596,42.162414588260646,16.742871876802518,21.430578095275987,1.70103419289037,87.74046616289905,7.127835978221463
35,13,52,386.9141020765909,2.152116346614793,42.9753166897421,16.941391461575076,21.27554591882397,1.6853836962945234,87.3447362348409,7.083955324177729
36,13,51,387.22377202821974,2.169725888315921,44.02026133503115,17.168728931082647,21.132453653660725,1.6711277042787835,86.9690144665062,7.043079688903908
37,13,50,387.4714770564052,2.1914908046660115,45.3191321176548,17.4274368777729,20.998794619291058,1.6580190343608783,86.60651916696739,7.004493730589891
38,13,49,387.63338061167667,2.2189418422203127,46.895183630092234,17.719511911114125,20.873765455975526,1.6459463358879052,86.25711760716194,6.968040661026595
39,13,48,387.68865016194934,2.2537060275731466,48.77237645436345,18.046127259234744,20.75802517254846,1.6349180672311658,85.92615468184964,6.934035754102109
40,13,47,387.62203155280446,2.29744323277628,50.973958991573056,18.407385890938663,20.65297575046293,1.6250083217962494,85.62142442732483,6.90302342792992
41,13,46,387.42569234193587,2.351749517126101,53.519950226325676,18.80212376740213,20.559901727014235,1.6162905013905,85.34966785158056,6.8754898911960876
42,13,45,387.099954613895,2.4180175147827945,56.42324275458526,19.227761224542675,20.479247907436225,1.6087810101655295,85.11367328697824,6.851623131982134
43,13,44,386.65287512143107,2.497264667232318,59.684286142569306,19.680160594471246,20.41020850130965,1.6024072810189538,84.91059048073672,6.83117636184029
44,13,43,386.0989808041456,2.589962048719417,63.28472572886359,20.153435103126046,20.350806266236482,1.597014299225396,84.7321580106565,6.813493198902017
45,13,42,385.4576334601695,2.695905561803972,67.18089596209151,20.639695242105866,20.2986596445937,1.5924243225341412,84.56773648141429,6.7977604441465935
46,13,41,384.75142450182875,2.8141614328562428,71.29856780669562,21.12880512488307,20.252427269222654,1.5885480124415348,84.41022774944874,6.783486102692002
47,13,40,384.0048116237296,2.943096604764928,75.530595204218,21.60830268543351,20.213475114926396,1.5855113972071169,84.26307904133226,6.771053546126532
48,13,39,383.2430625714603,3.0804842901679392,79.73880534547328,22.06365197692946,20.18693039982513,1.583734468593228,84.14491141942867,6.762076474162231
49,13,38,382.49149993284766,3.223662528362113,83.76057960450152,22.47892028256155,20.181278285076893,1.583897246280237,84.08820228521748,6.759275868746557
50,13,37,381.77493929033,3.3697203215400835,87.41960477844228,22.837856037591948,20.2061713331045,1.586769089691349,84.1305254737626,6.7657679370861405
51,13,36,381.11700704757385,3.5156915005756195,90.53998254484165,23.12526474907157,20.269100363358444,1.592952054934138,84.30092242853785,6.783973001303908
52,13,35,380.53886824786935,3.6587455883820628,92.96309886020772,23.328545805373242,20.372523416755037,1.6026609401181302,84.60801181877183,6.814668279511718
53,13,34,380.05710011552424,3.7963659074249363,94.56609133643977,23.439183139731725,20.51308165280019,1.615664255260827,85.03666697268453,6.85672150165817
54,13,33,379.6810631811523,3.9264943386236597,95.27892036234208,23.45386923409879,20.683314715041885,1.631417156394108,85.55501484732157,6.907645220701495
55,13,32,379.4107070198886,4.047614435726549,95.0956225127781,23.374933454039894,20.874773674185708,1.6493017400409251,86.12715983499965,6.964613457251093
56,13,31,379.2358078942415,4.158755745955746,94.07616341663316,23.20994126319246,21.08087684500841,1.6688475003128092,86.72477761627499,7.025398227332907
57,13,30,379.1371548909707,4.259426878687326,92.33802798327812,22.970605354118547,21.298414740583343,1.6898471160081974,87.33315366569099,7.088866305193672
58,13,29,379.08953055037637,4.349504937379324,90.03949820077992,22.67131274736368,21.527509913427597,1.712351656773718,87.95100416014428,7.154972045407236
59,13,28,379.06577666114873,4.429114464063577,87.3583644903924,22.32757776530937,21.770452075465908,1.736577228217714,88.58588976787773,7.224384066959176
60,13,27,379.04093577694493,4.4985227951994835,84.47046924284024,21.954654494616985,22.030061019306757,1.7627739089407142,89.2478791601188,7.297959189540052
61,13,26,378.99548243090305,4.558067304027867,81.53206986517537,21.566454391887405,22.308200376949557,1.7911061911774362,89.9439138738101,7.376266327201051
62,13,25,378.9170075004997,4.608117896459121,78.66861584900994,21.174836579950075,22.604867771504566,1.821578970401156,90.67448615112313,7.4592976266874125
63,13,24,378.8002602089085,4.649068062141707,75.97056171252731,20.78926990581708,22.917997778516387,1.8540204310542587,91.43307724208425,7.5464094994253985
64,13,23,378.64594121366633,4.681342063066042,73.49503001521319,20.416810879679385,23.24384445594713,1.8881117796013185,92.20775385140824,7.636448736651379
65,13,22,378.4588773460692,4.705405582584842,71.27114276743562,20.062308711405556,23.57766464956159,1.923442006826395,92.98378951398442,7.727972473505189
66,13,21,378.2461623699851,4.721771152398563,69.30679924563368,19.728741397421324,23.914428048426853,1.9595659026572734,93.7462480965014,7.8194734078566
67,13,20,378.01563441887794,4.730995089018227,67.59526577333534,19.417600026710662,24.24937887798514,1.9960511057804362,94.48189306177086,7.909554601172504
68,13,19,377.7748271064999,4.733666949310673,66.12069658998465,19.129262081691447,24.57838785304392,2.0325088669576545,95.18024455849452,7.997035371743783
69,13,18,377.5303673058424,4.730394602305686,64.8623116045357,18.863319125438775,24.898112017576207,2.068609510860658,95.83390612372533,8.080995224477869
70,13,17,377.2877157550514,4.721788215513742,63.79731780062119,18.618844247424132,25.206014756630612,2.1040864620358692,96.43839818590523,8.16077357239995
71,13,16,377.05113355394695,4.708445627837883,62.90281413353898,18.39459812901491,25.500301465271214,2.1387331003618852,96.99172800534363,8.235943601615343
72,13,15,376.82377683544723,4.6909404925083855,62.15694473861325,18.189180148801434,25.779814783400717,2.1723959069249337,97.49386602829871,8.306274547075066
73,13,14,376.6078504447801,4.669813655120265,61.53953040264426,18.001134134231574,26.043918529829654,2.2049662581226324,97.94623301310445,8.371691661186729
74,13,13,376.4047774226266,4.645567625741523,61.032355664349794,17.8290188132082,26.29238698401279,2.236372266369273,98.35125069182774,8.432239025733624
75,13,12,376.2153604199363,4.618663687511368,60.61923896886647,17.67145202121371,26.525307445829377,2.266571380101899,98.71197493742808,8.48804751894306
76,13,11,376.0399238794415,4.589521074880508,60.28597317416299,17.527136142672866,26.742998659948803,2.2955440243933936,99.03181126749757,8.539308542604301
77,13,10,375.8784333816512,4.558517668904168,60.02019414309149,17.394870613348978,26.945944783503535,2.3232883199585577,99.31430333772141,8.586253211769606
78,13,9,375.73059261987015,4.525991731492353,59.81121447023145,17.273555832197324,27.134743217397453,2.349815796952384,99.56298185460415,8.629136311292653
79,13,8,375.5959203697041,4.492244294971805,59.64984539698648,17.16219161800176,27.310064157199353,2.3751479709015664,99.78126128077723,8.668224210570552
80,13,7,375.47381047992724,4.45754191557704,59.528220719559826,17.059872405022247,27.472619723023957,2.399313638336321,99.97237310094577,8.70378596002205
81,13,6,375.3635779219844,4.422119579436034,59.439630497195694,16.96578067043494,27.623140745297164,2.4223467591005496,100.13932630142268,8.736086887691208
82,13,5,375.26449364337003,4.3861836141439685,59.37836854947871,16.879179579367026,27.76235957471801,2.4442848095200906,100.28488760395592,8.76538412730381
83,13,4,375.1758105691943,4.3499145086381565,59.33959535134723,16.79940547610957,27.890997578913236,2.4651675095880585,100.41157567068223,8.791923618142546
84,13,3,375.09678268611566,4.313469580865751,59.31921649361789,16.72586060405878,28.009756253309735,2.4850358451963914,100.52166489269739,8.815938212952938
85,13,2,375.0266787694156,4.276985459164435,59.313776043103516,16.65800627121834,28.11931109868354,2.503931322035199,100.61719549225317,8.837646610102706
86,13,1,374.9647919941016,4.240580361720961,59.320363690559134,16.595356569125734,28.220307602147678,2.521895400815437,100.69998754049634,8.857252890947445
87,13,0,374.91044640653547,4.204356170948063,59.33653437275768,16.537472683441067,28.31335880606657,2.538969074085098,100.77165716054895,8.874946494680191
0,14,86,379.5994536971138,1.9906222294443805,55.9266421218924,15.51311755883021,28.4934973875288,2.573897481312243,100.89643957940417,8.907882826917565
1,14,85,379.75738757531326,1.9809225169582545,55.589414486835466,15.506839083212311,28.415808582377842,2.5586157324089984,100.8442530134789,8.893756913917846
2,14,84,379.91861716367885,1.9715601485911765,55.22965460508959,15.500948519870555,28.33136651902744,2.5425252127586755,100.783809158054,8.878074533049084
3,14,83,380.082985268368,1.962587169094764,54.84627992903138,15.495523975763145,28.23962458945053,2.5255860798434395,100.7138642075727,8.860674765331524
4,14,82,380.2503096429496,1.9540601160950701,54.438237826827276,15.490651517340513,28.140000430232956,2.5077572898977296,100.63300397024761,8.841382416838256
5,14,81,380.4203825186091,1.9460402539162605,54.004527096806314,15.486425723734406,28.03187575127222,2.488996777197938,100.5396254897414,8.820007363791973
6,14,80,380.5929706766102,1.938593770143389,53.544224304856186,15.482950255367438,27.91459690208155,2.4692617075072603,100.4319183249025,8.796344065126396
7,14,79,380.76781623775616,1.9317919128793966,53.05651577510774,15.48033843762849,27.78747644368494,2.4485088271576942,100.30784618137645,8.7701713259083
8,14,78,380.94463838123687,1.9257110390709329,52.54073615873932,15.478713860929082,27.64979607413083,2.426694935173781,100.16512991416289,8.741252422347038
9,14,77,381.123136249212,1.9204325345198243,51.99641458935889,15.47821100135199,27.50081135760023,2.4037775132955552,100.00123335592637,8.709335734324501
10,14,76,381.3029933448705,1.91604255378402,51.4233294921718,15.478975870816871,27.33975883567848,2.3797155580358016,99.81335400220539,8.674156076301426
11,14,75,381.48388379224457,1.9126315126197055,50.82157312723915,15.481166713052886,27.165866259281756,2.354470670270749,99.59842133579355,8.635436974025286
12,14,74,381.6654808985319,1.9102932465276403,50.191626884675486,15.48495477286264,26.978366874511842,2.328008471447847,99.35310653369662,8.592894204367765
13,14,73,381.8474685488072,1.9091237262082403,49.53444816999111,15.490525182832489,26.776518925607864,2.300300431129913,99.07384850037175,8.546240999634017
14,14,72,382.0295560764988,1.9092191947493968,48.851569365104226,15.49807803608389,26.559631796320208,2.2713262075002523,98.75690261957236,8.495195414446131
15,14,71,382.21149740301337,1.9106735637375274,48.14520875308861,15.507829749023184,26.327100477033657,2.241076618725247,98.39842027782866,8.439490457172758
16,14,70,382.3931154440012,1.913574879757269,47.41839236557239,15.52001486859445,26.078450274582014,2.209557374889842,97.99456896128149,8.378887685504539
17,14,69,382.574333060134,1.918000655812047,46.67508435441688,15.534888549848105,25.813393791834148,2.176793700707134,97.54170428640145,8.313195030938436
18,14,68,382.7552122069268,1.9240118661630663,45.920321612766244,15.552730028585515,25.531902053110937,2.1428359569508317,97.03660617030843,8.242289603592216
19,14,67,382.9360034083208,1.9316454477148919,45.1603459194273,15.573847547961687,25.234291017912884,2.1077663061431435,96.4767905983936,8.166146063242024
20,14,66,383.11720816715376,1.9409052663903408,44.40272389028853,15.59858537329965,24.921323295486662,2.0717063412918093,95.86090477704076,8.084870717803065
21,14,65,383.2996571813495,1.9517517347680875,43.65644170768719,15.627333745515397,24.594322255995284,2.0348253762057307,95.18920508985994,7.9987406894610285
22,14,64,383.48460664526016,1.9640906591912781,42.93195849475799,15.66054286317231,24.25529153684732,1.9973487543177193,94.46410219370138,7.908246125438402
23,14,63,383.67385222838675,1.9777625016102713,42.241200323800456,15.698742194471532,23.907026920844906,1.9595650565154654,93.6907340712673,7.8141314186027895
24,14,62,383.86985335382553,1.9925340887278655,41.59747785341618,15.742566492678453,23.553199822804444,1.9218304951490053,92.87749520047461,7.717428743310112
25,14,61,384.0758460403735,2.008095840587409,41.015316764346736,15.79278963065089,23.198382741538047,1.8845681313836922,92.03640899061534,7.619474059408035
26,14,60,384.2958978511946,2.024068630634702,40.510203921460445,15.850366522109027,22.84797796808128,1.8482589415467374,91.18318324755785,7.521892390715127
27,14,59,384.5348237803866,2.0400250126509936,40.0982746257754,15.916481722848445,22.508002960861912,1.8134213126628982,90.33673851763109,7.426536132820514
28,14,58,384.79784684906053,2.055529068728867,39.79599461960173,15.992600806867951,22.184682730981894,1.780575550318644,89.51796154621583,7.335358710920091
29,14,57,385.0898766841951,2.0701966766880546,39.61991519606711,16.080517804252157,21.88381292658169,1.7501912744300445,88.7474634136245,7.250210141816617
30,14,56,385.41433084519826,2.08377291828314,39.5865850740216,16.182389949694027,21.609912407325126,1.7226199724736087,88.0423322510068,7.17255956314213
31,14,55,385.7715637842119,2.096216114400148,39.712674364549486,16.3007508144237,21.365307448585035,1.6980243275805522,87.41239333814573,7.103191391277386
32,14,54,386.15717207050807,2.1077712216175195,40.01530581307988,16.438494537496926,21.149458999524906,1.676328454315896,86.85724354180626,7.041978761799155
33,14,53,386.5606157616633,2.1190137586188027,40.512523461452474,16.598825452210278,20.958937377544814,1.6572196773862147,86.36578628264571,6.987869242385143
34,14,52,386.9646206498991,2.1308528736055723,41.2237968227888,16.785166425943686,20.788298564432182,1.6402205689942435,85.91941857152355,6.939167906978898
35,14,51,387.34567688412255,2.144496995492015,42.17047422723235,17.00101564077963,20.63170003846533,1.6248180727829296,85.49828645562725,6.894064479581775
36,14,50,387.6757174352281,2.161399540077411,43.376132590122296,17.249739876979085,20.48464874292734,1.6106026519719878,85.08813205205871,6.851203491456148
37,14,49,387.92484874245383,2.1832057681913484,44.866767041660324,17.534300177553366,20.34513310915881,1.5973597399049815,84.68463910090105,6.81005001196849
38,14,48,388.064814701286,2.211711051376603,46.67068126941932,17.85692787699854,20.21369117200919,1.5850786456242343,84.29343921627408,6.7709033742814295
39,14,47,388.0726450419883,2.2488199133754345,48.81778035494956,18.21879902209458,20.092523374673224,1.5738865506234245,83.92628477476786,6.7345960931511035
40,14,46,387.9337222753555,2.296476136502154,51.3377921844376,18.619770433821003,19.984183891496627,1.5639480721446564,83.59565485332577,6.702056012385633
41,14,45,387.6435092091596,2.356532003967842,54.25686446567413,19.05821291648639,19.89038015856123,1.5553715298948128,83.30994687869985,6.673907301043593
42,14,44,387.2075699284145,2.430548051919153,57.59212523635078,19.530904770005034,19.81110601843671,1.54814084166724,83.07001567964228,6.650183423203955
43,14,43,386.64013964097836,2.5195546026857096,61.344215080048045,20.03287946449908,19.744217763073944,1.5420829742678437,82.86734942847289,6.630186229289335
44,14,42,385.9619537555495,2.623837078626662,65.48846068833564,20.557125662669158,19.685798922226727,1.5368974051013327,82.685348772905,6.612605223157213
45,14,41,385.19805719169665,2.742805918000582,69.96615992971826,21.0941468642771,19.631721430374732,1.5322772979034458,82.50560816870819,6.5960332865833
46,14,40,384.3759868582973,2.8749814695153013,74.67819359777141,21.631553548024808,19.580235682758094,1.528108054259487,82.31868573507043,6.5798250113523205
47,14,39,383.52440391728584,3.0180887213142107,79.48340484389695,22.153971644571424,19.534561790773353,1.5246639395223787,82.13513478674341,6.564958899821717
48,14,38,382.6721687452914,3.1692340994008448,84.20328166204418,22.643505692941112,19.50398474923415,1.5226883668757236,81.99050557489305,6.55440953966947
49,14,37,381.84787055006626,3.325127161767487,88.63260283295372,23.080803931590456,19.50220323196111,1.5232632529417225,81.9389541205213,6.55261630203416
50,14,36,381.0796193720092,3.482313193224865,92.55447850561576,23.446595100516767,19.54281638996974,1.5274605362654783,82.03474941568827,6.564006218636178
51,14,35,380.39441817271734,3.6374008470457406,95.75901679015803,23.723544391752114,19.633761378899365,1.5359159338717907,82.30911482055672,6.591162443073152
52,14,34,379.8162057448103,3.7872859584928076,98.0659294823354,23.89828815988318,19.773920567581307,1.5485706375227584,82.75595258794803,6.633696661683329
53,14,33,379.36236164210015,3.9293609598558135,99.34935829064315,23.963318925514518,19.954097365597228,1.564747785322852,83.33580175642169,6.688554940552096
54,14,32,379.03976316571493,4.0616682557858725,99.558963393997,23.918150284259273,20.161522145359637,1.583499343453647,83.9944962051551,6.751488983490288
55,14,31,378.842172303904,4.182951217677092,98.73005215335446,23.76931639148724,20.384960276472203,1.6039996933675202,84.68418124203171,6.818732682685033
56,14,30,378.7502517174605,4.292592899375601,96.97908401334085,23.529242515053237,20.61797252756739,1.6257974676991263,85.37653613575475,6.888076578954495
57,14,29,378.73444766757154,4.390475409387408,94.48583273591629,23.21441467494166,20.85960240711038,1.648868087623965,86.06542403747142,6.959099867914876
58,14,28,378.7600309478151,4.476810547561766,91.46674397906197,22.843339769187942,21.113028614929956,1.6735069447612978,86.76141148086421,7.032736843917429
59,14,27,378.7929776403768,4.551985567503601,88.1454283180009,22.43465628907881,21.383172162379285,1.7001394968605532,87.4822928870654,7.110503234890591
60,14,26,378.8051549463666,4.6164513873371025,84.7263404437309,22.00561212235247,21.674250615856575,1.7291261532862008,88.24360287593929,7.193707302625029
61,14,25,378.7775586268701,4.670663115417164,81.37641303247446,21.57102118167295,21.988052859184105,1.7606234141150559,89.05211706125596,7.282896984922403
62,14,24,378.7010917752291,4.715067032458544,78.2167652803295,21.142723161991096,22.323309403282146,1.794531648680672,89.90370492499677,7.377662998021596
63,14,23,378.5752448034702,4.750116898216474,75.3235447882468,20.72949040926292,22.676067852580523,1.8305232055505312,90.78504517503085,7.476765866021738
64,14,22,378.4055968844522,4.776299059631297,72.73485198053666,20.337267491274424,23.040659257223393,1.8681187271628363,91.67747454849207,7.578450305542611
65,14,21,378.2011128417268,4.794150574100695,70.46022483804188,19.969607583828864,23.410782473325913,1.9067744313846453,92.56108714339734,7.68079297627334
66,14,20,377.9718959905948,4.804263354386846,68.48997303479572,19.628183452161785,23.78038145243151,1.9459543046760546,93.41785766648776,7.781979192407277
67,14,19,377.72765604708394,4.807275116198819,66.80290059474666,19.313284598696306,24.144193319995992,1.9851769168746225,94.23339700041291,7.880470887748575
68,14,18,377.4768584484264,4.803851996667605,65.37199354839913,19.024249550680597,24.497991929391507,2.0240381832682335,94.9975203688277,7.975075718852104
69,14,17,377.2263861861703,4.794668310350623,64.16824966705283,18.75981282438693,24.838614925490464,2.062216596014525,95.7040284033051,8.064947166222204
70,14,16,376.9815258935633,4.780387566370178,63.163058129500286,18.518366319195646,25.163866356888878,2.0994679902011466,96.35008540008766,8.149546117061877
71,14,15,376.7461263067113,4.76164703767202,62.329551712912846,18.298145702044827,25.472364755028607,2.1356153378874128,96.93546898252954,8.228586713994073
72,14,14,376.52282674196414,4.739046655562747,61.64327888545887,18.097356411341853,25.763380465661175,2.1705371007420404,97.46185030296989,8.30198047065138
73,14,13,376.31329559898944,4.713142038088649,61.082449898392625,17.91425395432276,26.036685326838175,2.204156078586782,97.93217844469072,8.36978581464863
74,14,12,376.11844856568393,4.6844409859998315,60.627930112050024,17.747191255368236,26.29242430309238,2.2364296296915125,98.35019030934257,8.432165827475181
75,14,11,375.9386344332065,4.6534026372316815,60.26309319500771,17.594643245082477,26.531011053681315,2.2673415213570265,98.72004000003699,8.48935451410978
76,14,10,375.77378644824995,4.620438512861167,59.973604836862606,17.455216370568404,26.753045671245125,2.2968953533953194,99.04603022068562,8.541630780007146
77,14,9,375.6235419641761,4.585914810807211,59.74717983640855,17.327648568323067,26.95925136264476,2.325109361492887,99.33242539337391,8.589298876944795
78,14,8,375.4873350162346,4.5501554469730765,59.5733376034126,17.210803556568422,27.150426574685632,2.352012369300741,99.58332752232421,8.632674042945524
79,14,7,375.3644667583852,4.513445476409539,59.443169924661944,17.103662045239894,27.327409350174523,2.3776406671792483,99.80259875161522,8.672072193987088
80,14,6,375.2541582933008,4.476034637377641,59.34912795560156,17.005311557144307,27.491051184284302,2.402035623878219,99.99381777781431,8.707802713452406
81,14,5,375.1555897562245,4.43814084683468,59.28483124503096,16.914935923099478,27.642198163714312,2.4252418707120458,100.16026021091979,8.740163574452096
82,14,4,375.0679288047268,4.39995353934503,59.24489916720216,16.8318050856959,27.78167763553094,2.447305929351586,100.3048954276661,8.769438197330281
83,14,3,374.99035102131216,4.361636786784226,59.22480377456802,16.755265562907393,27.910289043196435,2.468275181628111,100.43039441082448,8.795893583088949
84,14,2,374.9220541895828,4.323332167601637,59.220742384122815,16.684731740165624,28.028797882460193,2.488197102168169,100.53914457222054,8.819779373863154
85,14,1,374.86226796067706,4.285161375443451,59.22952791111577,16.619678045574645,28.137931977786565,2.507118692584471,100.63326869407909,8.841327577619435
86,14,0,374.8102600746502,4.247228570510183,59.24849490252106,16.559631994853603,28.238379472138824,2.5250860699957904,100.71464597020446,8.860752760334353
0,15,85,379.74412358045294,1.974369863617031,55.642911902172514,15.496172717864134,28.4332487199143,2.561933463856902,100.85655721192195,8.896987421123736
1,15,84,379.9068659376488,1.964425800915723,55.28250016302627,15.489353044988189,28.349619414220026,2.5458892403130897,100.79753334644634,8.881528106050457
2,15,83,380.0728941932376,1.9548362474077163,54.89775843501671,15.482931943208538,28.258641020352908,2.5289825792253406,100.72909481535518,8.864349302864252
3,15,82,380.2420237658997,1.9456568418166675,54.48748764409221,15.47699174689171,28.15970586115093,2.511169332806244,100.64980618954473,8.84527027027735
4,15,81,380.41404112864757,1.936948243428228,54.05051702425391,15.471623203142707,28.05216422248791,2.492403770721133,100.55803129181257,8.824093646321925
5,15,80,380.58870306522607,1.9287764341807985,53.585727490628756,15.466926035120071,27.935323618082577,2.4726387308295164,100.4519104955139,8.800604549589183
6,15,79,380.7657365106219,1.9212129882332136,53.092080478894815,15.463009511554276,27.80844879301863,2.4518258463082074,100.3293372648482,8.774569839376024
7,15,78,380.9448391753083,1.9143352850599165,52.5686532480736,15.45999301910149,27.670762764479065,2.4299158733167645,100.18793468661214,8.745737627026315
8,15,77,381.12568119761806,1.9082266331099977,52.01468177318152,15.458006635293419,27.52144929530931,2.4068591506433257,100.02503313090723,8.71383716364581
9,15,76,381.3079081212006,1.9029762591910804,51.429612476156365,15.457191702219692,27.35965732275742,2.382606232164524,99.83765070937208,8.678579272745269
10,15,75,381.49114555634657,1.898679103252185,50.813164141624014,15.45770140537696,27.18450802893197,2.3571087449894974,99.62247891863223,8.639657553144701
11,15,74,381.6750059574208,1.8954353382993303,50.16540141325454,15.45970136932082,26.995105449926996,2.3303205413923544,99.37587681774339,8.596750651016873
12,15,73,381.8590980378472,1.8933495099360296,49.486821229078686,15.463370293289106,26.790551785820327,2.302199231566868,99.09387835247192,8.54952599377374
13,15,72,382.04303945638463,1.892529158814353,48.77845337602825,15.468900667893047,26.569968899962248,2.272708207094549,98.77221906721915,8.497645495536357
14,15,71,382.2264735567473,1.8930827520140223,48.04197594991025,15.476499641275748,26.33252788191419,2.2418192913787713,98.40639048128932,8.440773885002072
15,15,70,382.4090911489029,1.8951167071956592,47.27984579681073,15.48639014410097,26.077488976664142,2.2095161813763258,97.99173284347667,8.3785904674687
16,15,69,382.5906586198279,1.8987312499286522,46.49544285889182,15.498812443451548,25.804254604559198,2.1757988704148477,97.52357969905673,8.310805299395845
17,15,68,382.77105410591577,1.9040148079316612,45.69322560326168,15.514026384678736,25.512438507549405,2.1406892559780326,96.99747037306886,8.23718089379684
18,15,67,382.950314114444,1.911036631589814,44.87889222388466,15.532314708815928,25.20195406389078,2.104238123334904,96.40944839102659,8.157560625505505
19,15,66,383.1286939061121,1.9198373651871088,44.05953895524081,15.553988015393212,24.873124190728806,2.0665336300520694,95.7564637514617,8.071904859663144
20,15,65,383.3067461293513,1.9304174216900116,43.24380261794735,15.579392190877194,24.526813514431524,2.0277112598973948,95.0368928013092,7.9803353196310285
21,15,64,383.48542337832123,1.9427233005535807,42.44196967866388,15.608919449575794,24.164579995671183,1.987964919161563,94.25117840993416,7.883187120188964
22,15,63,383.66621070957655,1.9566325183126327,41.66602937425773,15.643024522004863,23.78883728513866,1.9475583657769326,93.40257190966847,7.781065974674687
23,15,62,383.85129173647664,1.9719386880946304,40.92964534430912,15.68224790645221,23.403010338525903,1.9068354667548038,92.49792411117417,7.674905161526811
24,15,61,384.0437428901777,1.9883395469224894,40.24802140258372,15.727248300922273,23.011655414262737,1.866226900309782,91.54842464864389,7.566012907586091
25,15,60,384.24772873821416,2.0054323377411034,39.63764648135019,15.778846030842331,22.620502332223268,1.8262499435680133,90.57012785025644,7.456096121947047
26,15,59,384.4686302333613,2.0227226183211715,39.115925801720365,15.838078017196498,22.236362473614296,1.7874970059084667,89.58402882194692,7.347241096549746
27,15,58,384.7129765044284,2.039653610624396,38.700742076554576,15.906262168544288,21.866830262230593,1.7506076098122187,88.61536124153722,7.2418258904357105
28,15,57,384.987986996118,2.0556624303550604,38.41003649351815,15.985065111052352,21.51969204230106,1.7162178451005305,87.69169121580353,7.142333956789487
29,15,56,385.3005143167048,2.0702653535373745,38.261535409007564,16.07656305255243,21.201967820374232,1.6848826274865167,86.83938598477965,7.051042332967096
30,15,55,385.6552833441342,2.083165462593415,38.272744677124365,16.183283534312686,20.918610372924253,1.6569738661894202,86.07842794128217,6.969591331250214
31,15,54,386.05258974703014,2.0943636789762854,38.46126700440125,16.30821764072953,20.671136995050464,1.6325764800197065,85.41662930418896,6.898527321336754
32,15,53,386.4859677248146,2.1042441496405107,38.8453864408917,16.45479664529371,20.456798885061453,1.6114285086804974,84.84578616637148,6.837020870342295
33,15,52,386.9405449858618,2.1136066784566547,39.44477480765565,16.626829015891406,20.268990666755617,1.592958092809729,84.34283257957776,6.782994950446954
34,15,51,387.392696032204,2.123637520760762,40.281173858010845,16.828388480289274,20.099150908308477,1.576435283050951,83.87720019143589,6.733747050511939
35,15,50,387.8112598896007,2.1358373664041777,41.37898761033108,17.063633704122548,19.93954498274956,1.561191303451427,83.42193043491989,6.68686301830873
36,15,49,388.1602667371525,2.1519437053727373,42.76579431582864,17.33653634626616,19.785684099597585,1.5468095740567995,82.96333766135069,6.641009153844686
37,15,48,388.40293224221597,2.1738802319801867,44.472758797117166,17.650511807008318,19.637250936081315,1.5332017058719838,82.50448859116617,6.596228457620562
38,15,47,388.50645659843985,2.2037381346783884,46.53474750991754,18.007992995513785,19.497236781285288,1.5205450814063426,82.06130978665837,6.553644392587351
39,15,46,388.4467525165947,2.2437553194609428,48.98964961235566,18.410043509337196,19.36999132141064,1.5091344920193832,81.65437571642512,6.51480663578794
40,15,45,388.21186374815653,2.296232663512276,51.876111522646696,18.856119134801737,19.25927860029273,1.4992310473119252,81.3010247998339,6.481043315368799
41,15,44,387.80304052190314,2.363337502619292,55.22880858917857,19.344002809769666,19.166884385964174,1.4909517984932004,81.00991321912106,6.45299997949338
42,15,43,387.23335729286373,2.446801217182563,59.070687135713726,19.86978400230837,19.091609489397392,1.4841907545785615,80.77693951005344,6.430306953436949
43,15,42,386.5248022640444,2.5475886235945944,63.40232863373461,20.427652791682913,19.02875794722447,1.4785813352666217,80.58281392105977,6.411408527227037
44,15,41,385.7051442832586,2.665647302656269,68.1896015110215,21.009353776374898,18.971085145906365,1.4735722565109046,80.39657020329604,6.393875005094455
45,15,40,384.8054155677908,2.7998098126785584,73.35200779992167,21.603398067983846,18.9119415147747,1.4686700558534367,80.18849377962093,6.375443787474824
46,15,39,383.8581206069843,2.9478569566147503,78.75534536688943,22.19442141210109,18.84980134419727,1.4637848227854755,79.949227036826,6.355521901510803
47,15,38,382.8959867534584,3.1067077257550153,84.21234854479347,22.76318095654217,18.792021965964278,1.4595142527691576,79.70598854842495,6.336437877148121
48,15,37,381.95130598146017,3.272686228219092,89.49244915047186,23.287455591794203,18.75537304093383,1.4571784595895685,79.52548556220674,6.323631695891268
49,15,36,381.0560772127198,3.4418093537367405,94.3379841369332,23.743702843515205,18.76156848966342,1.4584727460904392,79.49580573757835,6.3241976660900425
50,15,35,380.24252233812604,3.6100548128763785,98.48372680905447,24.109162409436216,18.828442569622908,1.4647909004432054,79.68957618863713,6.34398321786183
51,15,34,379.5423628737246,3.773617401322969,101.68103074255279,24.364328443895445,18.961374450644193,1.4765716012664498,80.12771565150939,6.384752684273041
52,15,33,378.98320843997726,3.929181299302976,103.72945658437983,24.495719153177664,19.151022763962327,1.4931279416669776,80.7696943089741,6.443417003452701
53,15,32,378.5825456546459,4.07417596111796,104.51113195477777,24.49824196931983,19.378893093362734,1.5130747277388408,81.53687891312191,6.513846417934467
54,15,31,378.34212548062914,4.206921056156347,104.01512704777906,24.37608999742619,19.626190982033137,1.5350079620243575,82.34950910796627,6.589778758668572
55,15,30,378.245571170956,4.3265998856871875,102.34186818264256,24.14178636144143,19.880485434643187,1.558018654141798,83.15412649388522,6.667017180834557
56,15,29,378.26030455375025,4.43308947215407,99.68677642710475,23.813936150033452,20.138033255611028,1.5818735275361,83.93277178993903,6.744202750972907
57,15,28,378.3432452097383,4.526725822446243,96.3086216998134,23.414525132897378,20.402477808498073,1.606913746557282,84.6973994849382,6.822395404946122
58,15,27,378.4487283653974,4.608077210209755,92.49027572934673,22.966353488150485,20.681506351114194,1.6337921352593887,85.47632060216718,6.903986862110208
59,15,26,378.5364945030949,4.6777712721722455,88.50027399269689,22.490910486288794,20.98298138462501,1.6631669226890076,86.29887601128094,6.991444875439704
60,15,25,378.5775587712272,4.736396551117282,84.56314173888344,22.006849028511596,21.31182615275709,1.6954532913852296,87.18339384213616,7.086307389772517
61,15,24,378.5565709959604,4.784477272618634,80.84360450796605,21.52912709632977,21.668501870473523,1.7306997456780573,88.13162135276266,7.18869749215128
62,15,23,378.4706901515839,4.822500591913557,77.44502963907583,21.06877909842487,22.049195579502342,1.768599898618539,89.12990861715465,7.297393918080909
63,15,22,378.3262171541189,4.850964634332172,74.41816721650648,20.633180035710307,22.44716107153357,1.8085968813621054,90.1547447983099,7.410271683981244
64,15,21,378.13461009357627,4.870418934583512,71.77459061948173,20.226612206800766,22.854400681279984,1.850016933414741,91.17933528818403,7.524846649167402
65,15,20,377.9090911442015,4.88148247699747,69.50019921634586,19.85095152511937,23.263069106423654,1.8921831296762495,92.1788069427802,7.638723522001783
66,15,19,377.66235445405255,4.884838783111655,67.56625026416617,19.506338125469306,23.66634755467405,1.9344885394704425,93.1331688771507,7.749868078574368
67,15,18,377.40534154010305,4.881215696413048,65.93722991760299,19.191753879689866,24.058820287936513,1.9764303782813202,94.02828864780564,7.856716907352744
68,15,17,377.1468017150205,4.8713590924711045,64.57591504190731,18.905477416816897,24.436506931806402,2.017616537203125,94.85558207443157,7.9581766319833775
69,15,16,376.89332574296003,4.856007511103575,63.4463336695253,18.645418290126674,24.796708212098082,2.0577565760024847,95.61108010734068,8.053564891692771
70,15,15,376.6496112699293,4.835871529860617,62.51531110558129,18.409347651675173,25.137779187675537,2.096646114848898,96.29432541650432,8.142530350125892
71,15,14,376.41880657194446,4.8116191275193625,61.753132748324305,18.19504790539471,25.45889654187104,2.134149975239037,96.90734357210415,8.22497308432915
72,15,13,376.20284950839425,4.783866727944177,61.13368891090876,18.000402936008747,25.75985157707984,2.17018672783306,97.45378945532856,8.300975169874592
73,15,12,376.0027644359395,4.753174904279789,60.63433571687273,17.823446996891725,26.040879600274426,2.2047156536802697,97.93828807145036,8.37074445361981
74,15,11,375.8189058275095,4.7200475515369655,60.23561496787292,17.66238618251921,26.302525659387847,2.237726254514177,98.36595090277673,8.434571085177064
75,15,10,375.6511502247726,4.684933439264047,59.920916887068486,17.515602601641156,26.545542050375833,2.2692300582977913,98.7420358242143,8.492794991744516
76,15,9,375.49904344416717,4.648229264658334,59.676133071410916,17.381648275613607,26.77081174817185,2.2992543373512966,99.0717177946862,8.545782153943776
77,15,8,375.3619112981823,4.610283548040149,59.48932494840818,17.25923345447459,26.97929216378325,2.327837352675462,99.35994178110695,8.593907691215458
78,15,7,375.2389416171176,4.571400906183518,59.350420039620346,17.147212370882922,27.171974450436778,2.355024785261218,99.61133498743769,8.637544085789806
79,15,6,375.1292442005688,4.531846392115179,59.2509408394974,17.044568297227038,27.349854516777306,2.3808670763010658,99.83016081190979,8.677053217655343
80,15,5,375.03189404702636,4.491849703814857,59.183766922611696,16.950398998582376,27.513912760399165,2.40541745684098,100.02030145410595,8.712781189105268
81,15,4,374.94596204251974,4.451609145161844,59.14292865527922,16.863903172088545,27.66510024675693,2.428730497489496,100.18525964185594,8.745055168469946
82,15,3,374.8705363142515,4.411295277927845,59.123429801823264,16.784368146755707,27.804329622087774,2.4508610491567193,100.32817264472897,8.774181679348947
83,15,2,374.804736678357,4.371054240333166,59.12109589683483,16.71115892518012,27.93246948266336,2.471863477271929,100.45183374360872,8.800445911759867
84,15,1,374.7477240087541,4.331010731087648,59.13244521231782,16.643708537139176,28.05034125081652,2.4917911160148094,100.55871779034993,8.824111744344167
85,15,0,374.6987058948446,4.291270672037164,59.15457930888006,16.581509615237174,28.15871785398739,2.510695887324372,100.65100855077104,8.845422250601265
0,16,84,379.8924703805414,1.957785143474314,55.34436888598084,15.47828160435795,28.369400384566344,2.5495584161482845,100.81219969787442,8.885253591286927
1,16,83,380.06010523579545,1.9475877781487712,54.95939866089245,15.4708863920187,28.27942879839983,2.5327177301814845,100.74552556131086,8.868348710393681
2,16,82,380.23100247398315,1.9377626093538116,54.54816830954792,15.463901175270228,28.181463043968275,2.5149573631410123,100.66813001977403,8.849545565981876
3,16,81,380.4049463587798,1.9283691227058761,54.109349440731506,15.45741287875864,28.07482751107263,2.496228381659619,100.57835812649843,8.828641216003616
4,16,80,380.58168764731096,1.919472419989669,53.64163938148209,15.451517337514314,27.958797170763006,2.4764798108149915,100.47431850747294,8.80541335913351
5,16,79,380.76094248178646,1.911143605711536,53.143786472035714,15.446319869810583,27.832596080847736,2.455658742437576,100.35385530882752,8.779619121969912
6,16,78,380.9423919012779,1.9034601492807863,52.614621545687925,15.441935844609887,27.695396597123377,2.433710519657484,100.21451877748561,8.750993984176002
7,16,77,381.12568219983035,1.8965061974439927,52.05309679032179,15.438491236189286,27.546319615840964,2.410579024329638,100.05353525431248,8.719250941308474
8,16,76,381.31042640959373,1.8903728010534393,51.45833336408376,15.43612315879109,27.38443628881571,2.386207102760724,99.86777781307232,8.684080044033726
9,16,75,381.4962072493385,1.885158006017516,50.8296793121976,15.434980375571959,27.208771807740817,2.360537176805012,99.65373941629151,8.645148505101444
10,16,74,381.6825819512137,1.8809667392346303,50.166779486837044,15.435223779465165,27.018312060936683,2.333512102751171,99.40751134527602,8.602101636272213
11,16,73,381.8690894647013,1.8779103950952756,49.469659277386015,15.437026849937364,26.812014238859238,2.305076360500513,99.12477087862243,8.55456497187902
12,16,72,382.05526064163934,1.876105995216633,48.738823967676936,15.440576100675827,26.588822821082434,2.275177681436577,98.8007838423154,8.502148060252521
13,16,71,382.24063213998755,1.8756747519135692,47.97537538013994,15.446071551482444,26.347692833691468,2.2437692560847977,98.43042984832003,8.444450565515822
14,16,70,382.42476496581685,1.876739813388912,47.181147043648366,15.453727286819625,26.087622832699815,2.210812702552897,98.00826088560605,8.381071525442838
15,16,69,382.6072688378501,1.8794229058904373,46.35885829296811,15.463772209183436,25.807700739376614,2.1762820227019133,97.52860748835539,8.311622856179868
16,16,68,382.7878339679172,1.8838395181531649,45.5122862894012,15.476451166212215,25.5071663810395,2.1401688206529887,96.98575090753579,8.23574846929713
17,16,67,382.9662725038485,1.8900922050555917,44.64645271735759,15.49202673870182,25.18549525251948,2.1024890970275094,96.37418418949983,8.153150633467874
18,16,66,383.1425729271564,1.89826153969185,43.76781860657732,15.510782140592315,24.84250834942054,2.0632919409849735,95.68898890415808,8.06362538942571
19,16,65,383.31697232272336,1.9083942526166249,42.8844761231006,15.533025926261114,24.478512459810815,2.0226703828067834,94.92635563470215,7.967108757150031
20,16,64,383.49005378986556,1.9204882274717816,42.006320161851235,15.559099555155633,24.094473271969967,1.9807744827125742,94.08427209893564,7.863734901818482
21,16,63,383.66287921545984,1.9344743741278085,41.14517539670304,15.58938935578676,23.69221900905009,1.9378263360366355,93.16338831594075,7.7539059860721675
22,16,62,383.8371702005469,1.9501961154230774,40.31484704871566,15.624345058849997,23.27466390443514,1.8941359869143555,92.16803814207145,7.638370719590098
23,16,61,384.0155491508902,1.9673884680016047,39.53105827621857,15.664507746348693,22.846028022278954,1.8501162204720767,91.10734654789441,7.518304336745802
24,16,60,384.20184169905093,1.9856606028122732,38.81123811106873,15.71055052006118,22.41201321978771,1.8062929071137732,89.99628179159716,7.395376959039249
25,16,59,384.40140881806036,2.0044882997511104,38.17413819895003,15.763334858978927,21.97987589513365,1.7633061539410277,88.85642329260956,7.271790402738768
26,16,58,384.6214073253251,2.02322543692213,37.63929263720733,15.823983636974944,21.55831492698426,1.7218959975117436,87.7161011519032,7.150255217485605
27,16,57,384.87076586937474,2.041145464198203,37.22639733913118,15.89396731488144,21.15706099974931,1.6828643075411331,86.60938610449683,7.033867965343735
28,16,56,385.1595439881334,2.057522601739761,36.9547622352985,15.975193227248717,20.78600845830678,1.6470017692349734,85.57315428523692,6.925833030059616
29,16,55,385.49731986489115,2.0717552066836795,36.843041508271284,16.07008185154023,20.453724574010945,1.6149690104092889,84.64135380287365,6.828971513203505
30,16,54,385.89048129815916,2.083517829567276,36.90941311165133,16.181613179606007,20.165366740030663,1.5871360328289004,83.83640269497621,6.745026694326816
31,16,53,386.3388234418568,2.0929066751943433,37.1722282109707,16.313333383452047,19.920589575661314,1.5634252698680777,83.16007030006374,6.673961445004224
32,16,52,386.8324294060317,2.1005290746235152,37.650952806744,16.469321533967065,19.712672078344088,1.543251340557443,82.58912919503919,6.613659568425263
33,16,51,387.34994788753477,2.107500320798415,38.36713197677609,16.65411594562447,19.53003588203793,1.5256449272522055,82.08096410380948,6.560421769122919
34,16,50,387.8589096569654,2.115353706298569,39.34521156618223,16.872582922523033,19.36008637016191,1.5095539788608807,81.58905513496589,6.510232677190232
35,16,49,388.3180926522444,2.1259155064732225,40.61325622946238,17.12968747590277,19.193697709274982,1.4941935272751783,81.08130420099027,6.46023996348489
36,16,48,388.68169081068964,2.141212471018692,42.203712216772516,17.43012074127119,19.028061333950863,1.479269922738364,80.55154007006617,6.40968832046646
37,16,47,388.9050359370535,2.1634533985498026,44.15425027242476,17.777780153806006,18.866518222623217,1.4649736653663998,80.0183636638161,6.359851163327948
38,16,46,388.95123754233714,2.195068346388954,46.50836000209695,18.175196437517666,18.715817307405974,1.4517731191602852,79.51331947727859,6.313108578246048
39,16,45,388.79719138451026,2.238722609529172,49.314824047521086,18.62310549844255,18.582775345046677,1.4401578235492167,79.06697863327669,6.271830803284849
40,16,44,388.4368614313305,2.2971914907806057,52.62473190660977,19.12034460420982,18.472084919945992,1.4304647855646464,78.70035493261594,6.2376500924908935
41,16,43,387.8806310560681,2.3730325238431593,56.48468727359223,19.664026017742334,18.385032912915765,1.422774343277343,78.4201291721471,6.211039107533394
42,16,42,387.15151345348795,2.4681165607904405,60.92552706706199,20.249641592734697,18.3179818275229,1.4167938686589816,78.2121429469869,6.190808019548395
43,16,41,386.2804348088075,2.5831888364239455,65.94701422601275,20.870661180186264,18.261507024261874,1.4117973117239018,78.03698895317622,6.173815518648773
44,16,40,385.3024987447562,2.7176235483410105,71.5004038151717,21.517458688088517,18.202817483921937,1.4068153955848892,77.8395553349593,6.15577032940347
45,16,39,384.25466396399054,2.869420148962897,77.47287615053008,22.17592346391916,18.13206281493851,1.4011187253641801,77.5755291123688,6.133324224037104
46,16,38,383.1741921704999,3.03539243202768,83.68016669466252,22.82656945251298,18.049839758569313,1.3947888305866138,77.24343438988797,6.106563666486824
47,16,37,382.09747269660716,3.2114850703454154,89.8728871824402,23.44491992618818,17.97209342176364,1.3890865301740776,76.90609845139583,6.080643227921979
48,16,36,381.05983325719546,3.393146526268206,95.75504143275103,24.00324800682133,17.928678203314444,1.3863330502974591,76.68566501776036,6.065331506029157
49,16,35,380.0970824920479,3.5756672155997755,101.00609613814277,24.47299147069505,17.95284063168818,1.3891005193456736,76.71988031526301,6.071560407489674
50,16,34,379.2474434283802,3.754450009666574,105.30311659684651,24.827412075573754,18.064612607331767,1.398945887001116,77.0916117618256,6.105945526610827
51,16,33,378.54992622592755,3.9253021650796165,108.35304160170818,25.044986639919863,18.259606460223445,1.4155613709370538,77.78080032276064,6.167057876553664
52,16,32,378.03681713509627,4.084808345184776,109.94115555145387,25.113431534466475,18.51292312882567,1.4370746259292932,78.68095509626797,6.2466706749928855
53,16,31,377.7235923526168,4.230648716480433,109.9785990627252,25.032449320278666,18.79383681115868,1.4611701562403365,79.66144307848182,6.334582979639985
54,16,30,377.6020690667964,4.361674967655111,108.52471925952271,24.813512579528613,19.079202479424932,1.4861183190607665,80.62363753834089,6.423047951046938
55,16,29,377.63985923390374,4.477724995529724,105.7769884707937,24.477153723194046,19.359275144296056,1.5112274666164853,81.52445232156684,6.5087052608957805
56,16,28,377.7859062061275,4.57929984587136,102.03588502655322,24.049320343728205,19.636906598914337,1.5367853665393336,82.37227635858619,6.59232658430065
57,16,27,377.9803755236776,4.66723195553445,97.65505963464582,23.557881917336875,19.923070319727827,1.5637114957609966,83.20831318463797,6.677351727440686
58,16,26,378.16630006015265,4.742420034756481,92.98718562722468,23.02970175046843,20.23102597408852,1.5930985243519677,84.08299727153057,6.767983059275121
59,16,25,378.2996522828962,4.805664717046723,88.33710836489908,22.488437575689513,20.5709767482392,1.6257893144358073,85.03487832052494,6.8674484788332615
60,16,24,378.3548568963241,4.85761370233766,83.93264803707807,21.95318942259817,20.9468048827479,1.6621155084591277,86.07816479009664,6.976949444399411
61,16,23,378.3246820404456,4.8987977030905645,79.91715879646415,21.43801893782906,21.355606643404368,1.7018559789951175,87.2015728118993,7.095524317833902
62,16,22,378.2158853970471,4.929712762050524,76.35980328884514,20.952203891844984,21.78945865012973,1.744372326215088,88.37589995926501,7.220634883577266
63,16,21,378.0432741889208,4.950899128764423,73.27478033744705,20.50096963755654,22.238058472949774,1.7888161908667837,89.56466741668488,7.349028584706272
64,16,20,377.824448994874,4.962985500040884,70.64132884881818,20.086420185112058,22.6910331814637,1.834313716047337,90.73299140637062,7.477482777668419
65,16,19,377.57627585726846,4.966693531933566,68.41988510011893,19.70845574120441,23.139374538453257,1.8800835085356775,91.85268758235553,7.603257951265453
66,16,18,377.3130826148675,4.962814504873654,66.56318710730483,19.365555328516635,23.57603241949738,1.9254890617275915,92.90394957749638,7.724274708086227
67,16,17,377.04609214207244,4.952174065594629,65.02302017934065,19.05538080525382,23.995943800930092,1.9700462646348391,93.87486513705767,7.839108328570687
68,16,16,376.7835589947369,4.935597186536976,63.753863666302806,18.775207675806826,24.395777374691846,2.0134074348594124,94.75995655356803,7.946893881227535
69,16,15,376.53121582557645,4.913879786887133,62.71457984825459,18.522211385245853,24.773584882452354,2.0553368005516783,95.55851190626234,8.047204470221779
70,16,14,376.292796624659,4.887768984528272,61.868966705060956,18.293643991541494,25.128461257349134,2.095685617859641,96.27308623876652,8.13993545606341
71,16,13,376.07052276693315,4.857951391225427,61.1856998987777,18.086933303891325,25.460255681754226,2.134370479945957,96.90830400048536,8.225207677207631
72,16,12,375.8655090903966,4.825047810460621,60.63797609583706,17.89973028226918,25.769343132007023,2.171355806488451,97.46996772480298,8.303292105949675
73,16,11,375.6780836875871,4.789612526795952,60.203033666417326,17.729923774158088,26.05645140921965,2.2066403118855717,97.96442723556595,8.374553741435445
74,16,10,375.5080307525891,4.752135610421553,59.86164551879898,17.57563587943926,26.32253380136508,2.240246818669496,98.39815179644863,8.439411100144149
75,16,9,375.3547706273267,4.7130470193587914,59.597632218551624,17.435206772270927,26.568677180211388,2.2722147130545314,98.77745234015647,8.498307675943773
76,16,8,375.21749102553565,4.67272162868698,59.39741756569063,17.30717459645603,26.79603672187672,2.3025944160480667,99.10831090744163,8.55169228949152
77,16,7,375.0952413802645,4.631484600406382,59.249634693152146,17.19025384866365,27.005790236795615,2.33144336175987,99.39628468545293,8.600005902885878
78,16,6,374.9869998279023,4.589616720656024,59.14478333515248,17.08331421134377,27.199106764506382,2.3588230899987828,99.64646075216528,8.643673069253172
79,16,5,374.8917201146689,4.547359481829903,59.07493523034887,16.985360871174446,27.377125460699784,2.384797157543503,99.86344443541729,8.683096668178882
80,16,4,374.80836388098754,4.504919789360037,59.03348299742983,16.895516788510356,27.540941865637688,2.4094296489987554,100.05136926492108,8.718654946855228
81,16,3,374.7359223549392,4.4624742396482855,59.01492730842779,16.813007045867096,27.691599438082445,2.4327841261585865,100.21392017483396,8.750700161143364
82,16,2,374.67343041133444,4.420172957492518,59.014697259084244,16.737145214567693,27.83008482336401,2.454922897883796,100.35436424094506,8.779558311162585
83,16,1,374.6199751560965,4.378143006375698,59.028999199384614,16.667321581991033,27.957325749566884,2.475906524146129,100.47558509149516,8.805529610985081
84,16,0,374.57470061050157,4.336491398897399,59.05468977532851,16.602993040734013,28.07419075378706,2.4957934910082025,100.58011843077988,8.828889436315523
0,17,83,380.0445400560487,1.9408625871663778,55.030650233219674,15.459401029765335,28.301824390465583,2.5367698642423218,100.76296341392573,8.872636192214692
1,17,82,380.2171513153355,1.93040190025696,54.61970459700282,15.451394785743577,28.205091458798275,2.5190981434583968,100.68774803616994,8.85416682275397
2,17,81,380.39298654021604,1.9203314931838675,54.18042963350136,15.44381095363967,28.09966704250316,2.5004457627171504,100.60033928850446,8.833603490609255
3,17,80,380.5717946663878,1.9107149489238928,53.71135358822713,15.436741477201771,27.98480008227254,2.4807584795362607,100.4988313299756,8.8107184326056
4,17,79,380.75328579350156,1.901622135576463,53.21102661645075,15.430287764391394,27.85968144927772,2.4599794609597914,100.38104004999042,8.785261335218575
5,17,78,380.93712960088743,1.8931296963518798,52.67804803000385,15.42456127053439,27.723441447373077,2.4380493319300895,100.24446840686875,8.756957720813391
6,17,77,381.1229544108026,1.8853215278083058,52.11110052546229,15.419684061905611,27.575147939187826,2.414906296282832,100.08626953164291,8.725507433395041
7,17,76,381.3103471535228,1.878289220361427,51.50899282856288,15.415789347092115,27.413805440755628,2.39048635895799,99.90320835880031,8.690583328140548
8,17,75,381.49885454939295,1.8721324230084146,50.8707124263115,15.413021962428154,27.238355664689603,2.364723688389196,99.69162306505183,8.651830314132166
9,17,74,381.6879858940148,1.8669590774649616,50.19549030431672,15.411538797707818,27.047680178140546,2.337551172162932,99.44738834772507,8.608864962441464
10,17,73,381.87721791549194,1.862885443890053,49.4828798425598,15.411509150021697,26.840606097228076,2.3089012382397693,99.16588364765293,8.561275978545627
11,17,72,382.06600226963303,1.8600358089958462,48.732852213484364,15.413114998120768,26.61591608815854,2.278707039983471,98.84197094051467,8.508625957560806
12,17,71,382.25377635572397,1.8585417250663627,47.94591071526665,15.416551199030117,26.372364416503252,2.2469041379958714,98.46998884558072,8.45045500379663
13,17,70,382.4399782838215,1.858540572333883,47.12322637180581,15.42202562558908,26.108701414158837,2.2134328575662927,98.04377272908464,8.38628701547698
14,17,69,382.6240670296031,1.8601731644015427,46.266796706306465,15.429759292679417,25.823709551325933,2.1782415594120117,97.55671443117114,8.315639724305784
15,17,68,382.8055491250241,1.863580025058237,45.37962865546558,15.439986568213886,25.516255326400717,2.1412911339026013,97.00188041583199,8.23803994706068
16,17,67,382.98401374839847,1.8688958560211693,44.46594487172126,15.452955643745032,25.18536239287512,2.1025611119110774,96.37221358801386,8.153045948020637
17,17,66,383.15917896844115,1.8762415969459885,43.5314098172163,15.46892956664637,24.83031259884163,2.062057867245592,95.66085142034753,8.060279289245313
18,17,65,383.3309534507593,1.8857133735939637,42.58336767142974,15.488188339060613,24.45078258714134,2.019825438584622,94.8616002557038,7.9594689560000935
19,17,64,383.4995205815751,1.8973675852611604,41.63107772449921,15.511032910064397,24.047023603884625,1.9759594677147925,93.96961008973926,7.850510663467917
20,17,63,383.66545622115626,1.911201489509065,40.68592430009312,15.53779238465373,23.62008997855698,1.9306245403909066,92.98229087008202,7.733543674742564
21,17,62,383.82989747081547,1.9271290562054846,39.7615674568914,15.568836512221715,23.17211558433655,1.8840746881943622,91.90049269670104,7.609045577541578
22,17,61,383.99478706671914,1.9449528187321734,38.873988894131514,15.604596535536384,22.70662548222576,1.8366758149003621,90.72992905386502,7.477941566933897
23,17,60,384.16322207451395,1.964334246671882,38.04137790534081,15.645598686742542,22.228850933723223,1.788927285862852,89.48274820608493,7.341718431993976
24,17,59,384.3399248202131,1.9847680719825642,37.28380200320932,15.692515583795469,21.7459918137368,1.7414780287079832,88.17905683876802,7.202525054904269
25,17,58,384.5318047804862,2.005570039743215,36.62262861281599,15.746240469622116,21.26734483898022,1.6951305847329279,86.84808118455979,7.063231809813041
26,17,57,384.74845869122925,2.025892113407027,36.079724807195305,15.807985915950225,20.80418435777504,1.6508244004046675,85.52848488916018,6.927409190390111
27,17,56,385.0022449702901,2.0447824534330232,35.67657127158053,15.879400693874036,20.369214561706883,1.6095851351123245,84.26700764729529,6.799161639182056
28,17,55,385.307336782504,2.0613057602498235,35.433560179733064,15.962687006393782,19.975276848339462,1.5724175830578906,83.11390378794253,6.682706704830521
29,17,54,385.67714230274794,2.074726512878228,35.369816466876486,16.06069169444509,19.63292070067901,1.5401151760664205,82.11322085007521,6.5815661780513315
30,17,53,386.12001012087626,2.08472735806847,35.50376241351934,16.176949506297767,19.346890015870844,1.5129926881318163,81.28784187845503,6.497387977190908
31,17,52,386.6342122191639,2.0915947651435434,35.854312092600054,16.315676298258047,19.112885065752646,1.4906461045492183,80.62502154688076,6.428857270278243
32,17,51,387.2040528256036,2.096288030631257,36.44225672177775,16.48172743800346,18.917173000790882,1.4719330069354035,80.07366480702045,6.371557898165258
33,17,50,387.7986178165757,2.100352790747998,37.29140941854921,16.680525111426917,18.740725736047075,1.455298135789633,79.56089965226052,6.319341565901085
34,17,49,388.37339566573723,2.105728823630561,38.429442159505356,16.917914438453444,18.566477385739155,1.4393355736531477,79.0221344430147,6.266732158183307
35,17,48,388.8742073137816,2.1145641864826854,39.88872148809995,17.19986311492079,18.385840805633794,1.423293587937503,78.42812964746317,6.211080213058756
36,17,47,389.2432210707791,2.1291404078155076,41.707525720123115,17.531918677619924,18.200926851027464,1.4072512850186658,77.79385910672902,6.153286948514201
37,17,46,389.42714902932806,2.1519464756637814,43.93172749563634,17.918433918645608,18.02147128326687,1.3918905006049447,77.16491561229269,6.096767671185117
38,17,45,389.3865808995385,2.185832209870451,46.616327753060034,18.361785337352675,17.85892252154864,1.3780469015555878,76.59218611688603,6.045471812082512
39,17,44,389.10331014703365,2.234061611106955,49.82525593704274,18.861996543852797,17.722107855770087,1.3663729068949653,76.11411678750615,6.002435388327931
40,17,43,388.5821408634761,2.3000690684215286,53.6271789363623,19.417022753023243,17.616157510687486,1.3572427427861058,75.75354011051716,5.9694283127199546
41,17,42,387.8465674952639,2.386875059286209,58.085397346836004,20.02338985761256,17.5412599988896,1.3506503140464188,75.51309222531027,5.946547634647958
42,17,41,386.93146247614635,2.4963697324717224,63.24125298041287,20.676388495449487,17.488997717700155,1.3459359864386327,75.35870543915975,5.930998410028613
43,17,40,385.87690966026463,2.628798068453198,69.09196450100487,21.369110920172055,17.441109102131723,1.3417033880246783,75.21288278023341,5.916679470104621
44,17,39,384.72498821167727,2.782624900959471,75.56557286576884,22.090321260857813,17.376041991839198,1.3363240551492088,74.9820028048171,5.896363265635206
45,17,38,383.5183239593917,2.954705906208205,82.50006326478888,22.822128828819743,17.28096519335167,1.3288525709405266,74.60759348159233,5.865686247640642
46,17,37,382.2985609048617,3.140640303581695,89.63899967959983,23.53906134500178,17.16303916319052,1.3198822050883032,74.1147978535282,5.826888092438078
47,17,36,381.10482690980183,3.3352503017987,96.65121167251343,24.209577076159576,17.055071070449575,1.3119657691331224,73.63773689878145,5.790698391674418
48,17,35,379.9746361386243,3.533071191503967,103.16275755164001,24.799220503608844,17.009237175528796,1.3091222348466953,73.39460370762832,5.7742933091236806
49,17,34,378.94889270375023,3.728671098645944,108.77933469505383,25.27355847762656,17.073335564263736,1.3150224095547376,73.586997687405,5.793475666914795
50,17,33,378.0761963049456,3.916859073385096,113.10569122560788,25.60119710797904,17.26092149376656,1.3307245613968042,74.27123188420951,5.852787661999609
51,17,32,377.4071878705969,4.093094807191826,115.79764854876676,25.759174503376254,17.5434129581382,1.3540800668903277,75.32391528454517,5.942827388806464
52,17,31,376.9787288026889,4.254083164121281,116.64344371411138,25.739150701103497,17.871835536296185,1.38138524272073,76.53553336074854,6.047372009596844
53,17,30,376.79902185438266,4.398109405967293,115.62171171279978,25.549457047287948,18.204164485018662,1.4094666907911437,77.72704126986854,6.152415215813703
54,17,29,376.8419986902214,4.524891496993139,112.90657431085741,25.21202157439972,18.51885426016553,1.436726527183704,78.80584137859381,6.250669284574106
55,17,28,377.051278148569,4.635134473885014,108.83141065257746,24.757211203747552,18.81522228319396,1.4631834744066274,79.76571012656558,6.341710387583836
56,17,27,377.35130009986057,4.730042342257355,103.82902341378588,24.218989036533323,19.107486123081205,1.4900170253667258,80.6610547153603,6.4300165948911205
57,17,26,377.66300354469035,4.810919190523981,98.35954674567179,23.63096359851523,19.41642450182806,1.5189174226628788,81.57252543551506,6.5222278209060915
58,17,25,377.92000274798636,4.878902051896729,92.83944429929704,23.02330873810443,19.760794883467945,1.551410417370079,82.57246777514972,6.624338544177243
59,17,24,378.07995150416724,4.934844112220222,87.58923170875423,22.42067077485889,20.150901613646884,1.5883472980796975,83.69963298124782,6.739607652353219
60,17,23,378.1274003277594,4.979345332263973,82.81276302115087,21.841227559516973,20.586384761730365,1.6297242403740584,84.95127456596234,6.867857026954205
61,17,22,378.0687298030193,5.012880771669431,78.60710726568024,21.29684277796407,21.058240685843195,1.6748341493861683,86.29226577283345,7.006152164257259
62,17,21,377.92325921853546,5.0359441802442575,74.990097745161,20.793992616288094,21.552984584222763,1.7225900780724712,87.67233359909334,7.150171462602443
63,17,20,377.71487068236615,5.049141426088082,71.93077027239099,20.335040713142536,22.05656380207899,1.7718341558185942,89.04157660818021,7.295478901896708
64,17,19,377.4663914310312,5.053215177465626,69.37375159385091,19.919513901525868,22.556799277484057,1.8215350542794373,90.35952963201026,7.438304458753797
65,17,18,377.1968615160506,5.049018590705766,67.2552933363708,19.545180349227916,23.04434474707481,1.8708707619368938,91.59808577346314,7.575835973844861
66,17,17,376.92081643835286,5.037466206137834,65.5123317633936,19.208862540597476,23.51268637318555,1.9192355903885525,92.74065764069579,7.706199046036434
67,17,16,376.6486366822762,5.019483737358604,64.08688797234468,18.90699779403575,23.957701539015783,1.9662110610465589,93.77979031899648,7.82829731536159
68,17,15,376.38730401441757,4.995967818713004,62.92775061410127,18.63599426389046,24.377106395995593,2.011526342304345,94.71456112525837,7.941621337727443
69,17,14,376.1412071471057,4.967758736646324,61.99072732733657,18.392437334383047,24.769949313147297,2.055020821403118,95.54835325888807,8.046076702605038
70,17,13,375.91284414336326,4.935624909125615,61.238216399888984,18.173194585681923,25.136202643129675,2.096613303744505,96.28715760339541,8.14184746135806
71,17,12,375.70337949069733,4.900256351690548,60.638504225256625,17.975456363876443,25.47645529514802,2.1362783843437416,96.93836392600996,8.229294686698506
72,17,11,375.5130632114013,4.862264297889516,60.164994223991556,17.79673811798219,25.791690221100207,2.1740290129339646,97.50994164854137,8.30888418764531
73,17,10,375.341536270254,4.822184648918657,59.79546463869002,17.634861876369396,26.08312736815626,2.209903915109094,98.00990780898537,8.38113646277017
74,17,9,375.18804858193226,4.78048355102922,59.51139641781121,17.487927811296196,26.352114808797563,2.2439586377416068,98.44599738569603,8.4465928591836
75,17,8,375.05161237270295,4.73756394727788,59.29738425249961,17.354282447059923,26.600054413754147,2.276259228485385,98.82547197275765,8.505793231017885
76,17,7,374.9311087764526,4.693772369077765,59.14063032456167,17.232487206348896,26.82835192377898,2.3068778026781276,99.155020833662,8.559261623649467
77,17,6,374.82536103483847,4.649405528884854,59.03051431638025,17.121289201025693,27.038384102820093,2.335889452994547,99.4407222521998,8.607497495341812
78,17,5,374.7331840296231,4.604716473432163,58.958231000005824,17.019595099127258,27.231477781166465,2.3633701114505064,99.688043197288,8.650970723340354
79,17,4,374.6534171201829,4.5599201839487735,58.916486342793604,16.926448282989917,27.408897136822144,2.389395086301058,99.90186243210277,8.690119170851668
80,17,3,374.58494524600474,4.515198587953101,58.899243555721895,16.841009180624074,27.57183665630095,2.414038077281377,100.0865071210786,8.725347965210275
81,17,2,374.52671181039534,4.470704993000646,58.90151136445911,16.762538490708508,27.721417984024896,2.4373705299625152,100.24579636044562,8.757029898949407
82,17,1,374.4777258364163,4.426567977768058,58.91916774739245,16.690382959249423,27.858689406843645,2.4594612304229537,100.38308735294778,8.785506547441411
83,17,0,374.437065160864,4.3828947878723685,58.9488133332504,16.623963358812393,27.98462709584769,2.4803760699331647,100.50132150204874,8.811089823240417
0,18,82,380.2003791014337,1.923596713422485,54.70145177854789,15.439486484814251,28.230402383196182,2.523567106865535,100.70842866200182,8.859091041529938
1,18,81,380.3780512855293,1.9128614454525468,54.26307789688266,15.430832614916746,28.126473065447126,2.5050293891062405,100.62369995304653,8.838931659850903
2,18,80,380.5588929822556,1.9025347660998282,53.7941602635389,15.42261483386514,28.01309985884475,2.4854461586673606,100.52512407712072,8.816464534399117
3,18,79,380.7426132023957,1.89268459517757,53.293068409760295,15.41493061218138,27.88944807909529,2.464757297834046,100.41050920755822,8.791434211588006
4,18,78,380.9288759111896,1.8833858842036673,52.7581884715956,15.407887509642212,27.754614869816752,2.442899446494834,100.27733630581211,8.763558978996608
5,18,77,381.1172978339266,1.8747212316654775,52.18795237120651,15.401603771531796,27.607625400626233,2.4198059688607083,100.12271632432521,8.732528744127288
6,18,76,381.3074469246341,1.8667815048640533,51.58087485346047,15.396208888633947,27.447429539537975,2.3954069843017574,99.94334396061232,8.698002950323257
7,18,75,381.4988417819582,1.859666443045716,50.935600094674655,15.391844101685415,27.272899349202973,2.369629491846105,99.73544863064475,8.659608633518609
8,18,74,381.69095236606125,1.8534852030441122,50.25095991641646,15.388662828120982,27.082827910087524,2.3423976297761406,99.49474390396604,8.616938774297092
9,18,73,381.88320245095065,1.8483567894204063,49.526045979841015,15.386830986615298,26.875930191407328,2.313633128446176,99.2163775012356,8.569551172505829
10,18,72,382.07497433855536,1.8444102838448275,48.76029868510692,15.386527193882774,26.650846998913526,2.2832560378597004,98.89488522358428,8.516968175648508
11,18,71,382.26561646518377,1.8417847501775308,47.953615817615386,15.38794280960754,26.406153463832364,2.25118584431029,98.52415404061978,8.458677740300228
12,18,70,382.45445465152756,1.8406286384076869,47.10648420116813,15.391281811136272,26.140374148088675,2.2173431359809457,98.09740225621293,8.394136515216053
13,18,69,382.6408078951736,1.8410984373255603,46.22013762732536,15.39676049275622,25.852007689530907,2.1816520401589683,97.60718852566362,8.322775928172256
14,18,68,382.8240098077063,1.8433562267861423,45.296743956911584,15.40460701005321,25.539565069591976,2.1440437395478145,97.0454669226858,8.24401266285433
15,18,67,383.00343712127864,1.8475656500560476,44.339623272583324,15.41506083641207,25.201627123173765,2.1044614862755475,96.40371269760031,8.157265454512354
16,18,66,383.1785472686197,1.85388566189124,43.35349692389647,15.428372280399405,24.83692885304295,2.062867670100165,95.67315317807245,8.061980829035395
17,18,65,383.3489281472048,1.8624612132355094,42.34476373162339,15.44480235377867,24.444480357462485,2.019253651981566,94.84515035072826,7.957671235126628
18,18,64,383.5143653163392,1.873409831407519,41.32179384259575,15.464623521396565,24.023736332371676,1.973653212010356,93.91179478996571,7.8439698528512665
19,18,63,383.6749359034682,1.8868029050150392,40.29522198072681,15.488122274352314,23.574827186904386,1.9261605024478656,92.86678112961258,7.720706889675063
20,18,62,383.83114569219,1.9026405132608692,39.27820940062362,15.515605153074679,23.098862867927444,1.8769531888049438,91.70663539020491,7.5880117551444295
21,18,61,383.98413765124917,1.9208190883134453,38.286627436911544,15.547410951982219,22.598312387002064,1.8263207603894729,90.43234085882088,7.44644307377015
22,18,60,384.136016712025,1.9410924572827857,37.33909624998985,15.583933498782923,22.077444124229128,1.7746965165680224,89.05134526868207,7.297142756265949
23,18,59,384.29035169746214,1.9630294126664602,36.45679468569381,15.625661571192191,21.542782936048955,1.7226893959286824,87.57981919883146,7.142000674178356
24,18,58,384.45291124568547,1.9859754448650246,35.6629527488671,15.673244530005244,21.00350592140634,1.671109108261736,86.044893748357,6.983804524804261
25,18,57,384.6326186970846,2.0090328021556676,34.98197078225306,15.727592140047609,20.47167136263051,1.620975971529621,84.4864759126694,6.826338779851997
26,18,56,384.8424928050055,2.0310808039944566,34.43821456385683,15.790011190814514,19.96214088752267,1.5735046286527978,82.95804560161913,6.674382366060899
27,18,55,385.099923225501,2.0508646344416586,34.054736828471064,15.862366510788059,19.491906523027193,1.5300406903432162,81.52509144242497,6.533502239259229
28,18,54,385.4251609870656,2.0671790499147726,33.85241790396019,15.947232815346617,19.078132568232203,1.4919008750897593,80.25792120837613,6.409405488631447
29,18,53,385.8369525818707,2.0791493443652875,33.85009435383208,16.04799290113283,18.733926200352748,1.4600465484330694,79.21410980978467,6.306519154308459
30,18,52,386.3455448694803,2.086550147288707,34.06588850256583,16.16885899375955,18.462042711116716,1.4346098857473686,78.41104955963583,6.225874412519554
31,18,51,386.9454923519558,2.090025970319834,34.51923224157102,16.314842418695058,18.25002259368086,1.414536633521186,77.8037636867852,6.163473579787423
32,18,50,387.6115889817738,2.0910764807422653,35.232651823478776,16.49171967911333,18.072066223266063,1.3977427720514402,77.29143675045505,6.110910696466944
33,18,49,388.2992608131027,2.0918015035835116,36.23280582458389,16.705993201454724,17.898887014573383,1.3818757310387328,76.75847650176853,6.058648298139919
34,18,48,388.94815457460214,2.0945602230124365,37.55111697499825,16.96474894740044,17.710223792506483,1.3652760491939433,76.12728645450436,6.000171353600832
35,18,47,389.48770608955533,2.101743774977866,39.22479388585205,17.275237832669724,17.50271666142602,1.3475853566675513,75.39134479025775,5.934594183000821
36,18,46,389.8455025255724,2.1157948213310918,41.29893688395383,17.64401977152625,17.28881492101388,1.3296715839139504,74.60987956003183,5.866282671040954
37,18,45,389.95952091967996,2.1394838103167615,43.82983149678141,18.07573250886142,17.087514678310587,1.3129313143730155,73.8674934968116,5.80175260349088
38,18,44,389.79161905046817,2.1762581332166273,46.88820883017304,18.57203985297121,16.914164423378036,1.2985129126097636,73.23051986696056,5.746256027990944
39,18,43,389.335361271518,2.2302955457725364,50.559501960950456,19.131609057549696,16.77805335522836,1.2871153712164294,72.73858395123354,5.70297455064822
40,18,42,388.61313000625677,2.305955441299491,54.937399967322094,19.751317313223325,16.685212214935433,1.2791789294753892,72.4191341491653,5.67396585957949
41,18,41,387.6651605739302,2.406722425297518,60.10841526588658,20.427639524804945,16.634252008569273,1.2745675664954466,72.26949803084452,5.658785097135608
42,18,40,386.5383583004006,2.53419403073743,66.12763183206029,21.156636642555675,16.60648226811235,1.271837833204018,72.21177863202749,5.651190710487139
43,18,39,385.2807143199784,2.6876605183505924,72.98644357539649,21.93162855385383,16.56727804726877,1.2683566886431863,72.09701526458504,5.6396056272241575
44,18,38,383.9406242922675,2.864259657840644,80.57489854496328,22.739103060746164,16.48294633314434,1.2615840831658127,71.77774464579839,5.612739227067624
45,18,37,382.56644151788214,3.0593581259814453,88.65353107852273,23.555131937193146,16.340409754571983,1.2505699984461098,71.19256336235605,5.566123927887681
46,18,36,381.2035599159625,3.2670852212217643,96.86153712696834,24.345291085110112,16.16217062196291,1.2370893048821425,70.4307786505838,5.5070716581879475
47,18,35,379.89154119926206,3.4810628822220675,104.76679238796265,25.068925232208095,16.013206893254566,1.2261452539971658,69.76466431052822,5.456978418780218
48,18,34,378.6684294750493,3.694990757248893,111.91180591331849,25.684056250116665,15.983179225699049,1.2245915992851137,69.5761435369038,5.4454904042583365
49,18,33,377.58451572144094,3.902716632259196,117.81197819585078,26.14912683642741,16.13164966400975,1.2369763017556372,70.12030318723373,5.492418288090206
50,18,32,376.7084348003557,4.098341627551495,121.97016506637665,26.42672124769418,16.440801022529772,1.2619742791181157,71.31880883658746,5.5920138645990205
51,18,31,376.1077332080166,4.277090283646384,123.99031143189346,26.494555381415935,16.835423822519793,1.293899059088805,72.84685181400278,5.719418344821515
52,18,30,375.8192807892991,4.436253389430775,123.708504345247,26.353869383299592,17.23976448725962,1.327009699547737,74.37972477821451,5.849432581157456
53,18,29,375.83351695809876,4.575258055552378,121.23345850910484,26.026920437470384,17.61005673789489,1.3580030347674614,75.73070636498974,5.967363455124371
54,18,28,376.0950531061662,4.695044296055384,116.90990086070583,25.548991343631137,17.937008644350133,1.3862315116729282,76.85817180176245,6.069902131285359
55,18,27,376.513696051346,4.797321688342173,111.24942795874128,24.961273921418492,18.236851530412707,1.4130324068395017,77.8254537489422,6.162165246759226
56,18,26,376.9832382961535,4.88397861924449,104.8423016599364,24.305685478207355,18.539917416525096,1.4408461640459302,78.75264759875157,6.2539141024327
57,18,25,377.4051022675295,4.9566739111475995,98.25725484995657,23.620799863566578,18.878105416815337,1.472235398350319,79.76538444888105,6.355429879834559
58,18,24,377.70956066247794,5.016610034575283,91.952244549477,22.93871945863394,19.2733051837748,1.508973572909914,80.94830893853604,6.4737267889868075
59,18,23,377.8657643687841,5.0645176999426695,86.22556885408457,22.283311233116102,19.731095498870673,1.551543089545484,82.3206828551516,6.6105137996183725
60,18,22,377.8775318132627,5.100831265738892,81.21873292712475,21.67004269733893,20.242074567201605,1.5992284113554598,83.843391470954,6.762664456335036
61,18,21,377.7702082775337,5.125936902601838,76.95521990081193,21.107102577099482,20.788316454230003,1.6506129396668765,85.44634911305988,6.924355127972454
62,18,20,377.57690982536525,5.140358816233306,73.38817649253627,20.59715989700573,21.350224433436953,1.7041143374593022,87.05643380728469,7.089310466667965
63,18,19,377.3292026742562,5.144826688014487,70.43861862927972,20.13917114599083,21.91087086906031,1.7583305438777828,88.61422513558519,7.252205358466257
64,18,18,377.05281521368545,5.1402479333272435,68.01925969825912,19.729894582586713,22.457601412127776,1.81217530362888,90.0792185820181,7.409161794229404
65,18,17,376.7667665411189,5.127636281878118,66.04675620985377,19.365002131642193,22.98193498030545,1.86488010102515,91.42821985182123,7.557688696146845
66,18,16,376.48414961920906,5.108036880080546,64.44679302266388,19.03981599778265,23.47876905300373,1.9159395302937108,92.65125192549682,7.696400438078854
67,18,15,376.2134260551923,5.082467364618327,63.15540960401532,18.749751501741294,23.945477358549674,1.9650457042449492,93.7473744664387,7.824707219562084
68,18,14,375.95968060876663,5.051879374450997,62.11859941756974,18.490553914727865,24.381140099532438,2.0120309368845852,94.72131324662155,7.942554789256802
69,18,13,375.7256423363382,5.017137763059315,61.29124020807858,18.25840247017996,24.785961594560202,2.056823613463785,95.58103150750128,8.050229833752944
70,18,12,375.5124488398788,4.979012673194274,60.63585593411361,18.049935040618045,25.16085617460193,2.0994162796406615,96.33609226184777,8.148223288930001
71,18,11,375.3201924339144,4.938179931435231,60.12142654415646,17.862229340169588,25.507163892272665,2.139843323292064,96.99660508742475,8.237137891735355
72,18,10,375.14830001320115,4.895226283162083,59.722326267987015,17.6927631500487,25.826459589557533,2.178165646879295,97.57257766718244,8.317627288668575
73,18,9,374.99579280254795,4.850657079225796,59.41741011500626,17.539366858216603,26.120426731297446,2.214460248759296,98.07353718898695,8.390356855027264
74,18,8,374.86146184653956,4.804904894454138,59.189242669094526,17.400175663338633,26.390775325186464,2.248813188574386,98.50832713335231,8.455979152150594
75,18,7,374.74398531772744,4.758338173970664,59.02345384467918,17.27358515011204,26.639189553981264,2.2813148659416855,98.8850156392842,8.515119134123191
76,18,6,374.6420059761072,4.7112694102336645,58.908203974066865,17.158211811165092,26.867295323503424,2.3120568758905247,99.21087322004122,8.568365790949075
77,18,5,374.55418144304224,4.663962609238295,58.833741276228466,17.052858905934357,27.07664111029355,2.3411299389734364,99.4923922343382,8.616268004615922
78,18,4,374.47921596550043,4.6166399577110155,58.79203654155303,16.95648743317717,27.268687654740546,2.368622564670208,99.7353302515783,8.659333132094652
79,18,3,374.41587959958935,4.569487690696463,58.776481933291265,16.868191712059296,27.444803500906115,2.3946202156817686,99.94476586005577,8.698027323939076
80,18,2,374.36301886825584,4.522661205549629,58.781642807667396,16.7871789703645,27.606264361031645,2.4192048143804423,100.12515966858147,8.732776917714425
81,18,1,374.31956167320175,4.476289490250538,58.803053257908886,16.712752339840804,27.754254938818907,2.442454482540912,100.28041599855982,8.763970466459222
82,18,0,374.28451837296586,4.430478941451524,58.83704765481535,16.64429670734243,27.88987228763948,2.4644434393427312,100.4139425549499,8.791961110418992
0,19,81,380.36003494089186,1.9059821206867809,54.35654169798261,15.418492072605058,28.15502856127783,2.5099514879532783,100.64816370567956,8.844575678334508
1,19,80,380.5428541378835,1.8949595816181093,53.88925950216485,15.409152925564989,28.043453683401054,2.490512662504457,100.5528663613108,8.822594469774073
2,19,79,380.7287713352171,1.8843639423695735,53.38906854800928,15.40026511915541,27.9216248142947,2.469959488561695,100.44186912661615,8.79807253869605
3,19,78,380.91745058466637,1.8742676767846285,52.85416297765684,15.391932251683231,27.78861482385587,2.4482253670442296,100.31265521037227,8.770723622761576
4,19,77,381.10850368074586,1.8647511169611892,52.2827464149522,15.38426872585123,27.643416662996138,2.4252396879433897,100.16232355113104,8.740230905932634
5,19,76,381.3014871957281,1.8559032184044701,51.67306299873975,15.377400363921247,27.484937892051022,2.400927688893528,99.98753604767658,8.706244260838146
6,19,75,381.4959001781788,1.8478223571972552,51.02343721756125,15.371464967584775,27.311995442598054,2.375210362700141,99.78445967291479,8.66837743396996
7,19,74,381.69118283098607,1.8406171364558253,50.332324593714546,15.366612795127393,27.123310943897398,2.348004442649188,99.54870392909571,8.626205268609366
8,19,73,381.88671656451436,1.8344071648091709,49.59837568333147,15.363006923107548,26.91750711239769,2.319222507523048,99.2752547060194,8.579261115173331
9,19,72,382.08182591099944,1.8293237482085298,48.82051633047662,15.360823454319807,26.693105948123954,2.288773267258195,98.95840654499794,8.527034659988384
10,19,71,382.27578288597647,1.825510405007337,47.99804761952929,15.360251528847813,26.448529841787053,2.256562117798711,98.59169675903858,8.468970523975225
11,19,70,382.46781448895524,1.8231230686727273,47.130769471604026,15.36149309153172,26.182107224145806,2.2224920938245543,98.1678470643668,8.40446816081368
12,19,69,382.65711414720323,1.8223297767800641,46.2191322515293,15.364762368889254,25.892085160271453,2.1864654061841575,97.6787217055847,8.33288384642622
13,19,68,382.84285802769296,1.8233095511407003,45.26442095846481,15.370285014371884,25.57665241099833,2.148385834609944,97.11531602747854,8.25353593530296
14,19,67,383.02422729552916,1.826250041825221,44.26897634436382,15.378296897902214,25.233978090115983,2.108162365429198,96.46779677244697,8.165715113981925
15,19,66,383.2004376506239,1.8313433255368348,43.2364562904892,15.389042552985876,24.862273301905976,2.0657146297011715,95.72562596153766,8.06870216822577
16,19,65,383.3707779991138,1.838779004885919,42.17213844438095,15.402773368842563,24.459886197090267,2.0209809187546957,94.87781500241124,7.9617968567940425
17,19,64,383.53466129851,1.8487334450759216,41.08326071496717,15.419745756681358,24.02544475152496,1.9739298294544596,93.91337522176411,7.844362870845733
18,19,63,383.6916932624439,1.8613536251041434,39.97938869847171,15.440219786005436,23.55806586103357,1.9245768861204886,92.82205439342617,7.7158954446412675
19,19,62,383.8417702797616,1.876733739544255,38.87278713436697,15.464459284991417,23.0576527193632,1.873007690946628,91.59547123182087,7.576119549934184
20,19,61,383.9852293129845,1.8948825373044356,37.7787545691162,15.49273531620687,22.5253017518898,1.8194090207511193,90.2287687120289,7.42512672394698
21,19,60,384.123093676731,1.915679788650198,36.7158552917613,15.525336574029282,21.963829841593583,1.764108364983881,88.72287818015187,7.263555513233092
22,19,59,384.25749307171003,1.9388218822738081,35.70595059878707,15.562592976381234,21.378404816829903,1.7076201176005763,87.0873866943862,7.092811688411574
23,19,58,384.3923800904352,1.963760333176681,34.773897909655815,15.604922697670744,20.777215126299573,1.6506928415028272,85.34381682444253,6.9153087824985295
24,19,57,384.5346869814343,1.9896439639964956,33.94676987673648,15.652917140942616,20.17206729277127,1.594348205406318,83.52893415147354,6.734692771490289
25,19,56,384.6959689008492,2.01528614631729,33.25249237632521,15.707479000618257,19.578795086392102,1.539901781289955,81.69766318016197,6.556010220826109
26,19,55,384.8941755350525,2.0391917990303683,32.71798961790853,15.770017538947808,19.017372088021872,1.4889570635503893,79.92515648251025,6.38577645104106
27,19,54,385.1543206777734,2.0596916738174147,32.36731749883218,15.842674664637322,18.51127945577365,1.4433404151368552,78.30590202793412,6.231781325281847
28,19,53,385.5058223477877,2.0752326931219764,32.22072837036484,15.928514447346826,18.084450864581267,1.4048554204549186,76.94205552994644,6.102060960406225
29,19,52,385.9746362254599,2.084826559704928,32.29562146385655,16.031600364139553,17.753185202131824,1.374667393264011,75.90880842266803,6.002168359964949
30,19,51,386.57167496133883,2.0885200274439906,32.60932637785365,16.15695550242371,17.51420410410506,1.3524108163795092,75.20140891404726,5.931161623170512
31,19,50,387.2833918071655,2.087603141950355,33.182193419657125,16.310506922764773,17.338469790430626,1.3357407473529281,74.70623976413027,5.879539904920476
32,19,49,388.0696279589537,2.0843653770585795,34.03933124055875,16.49911384529865,17.180498517791737,1.3210564470338917,74.23925173049024,5.83235873997188
33,19,48,388.8674462654294,2.081546658509355,35.21093413780453,16.730629801746534,16.99918260525151,1.3050944167896867,73.63465462148477,5.776164640586982
34,19,47,389.5964934322916,2.0818292753924372,36.73248370262323,17.013781114653774,16.77643088730381,1.2863543077014925,72.8244664457468,5.705187494114309
35,19,46,390.16543522626733,2.0876427688447925,38.64621840278764,17.357529003210768,16.523441769109006,1.2655837585044092,71.86501196772684,5.62341796167879
36,19,45,390.4839769183031,2.101423883979456,41.004967665301066,17.769592149728005,16.27082109169312,1.2450373053854202,70.89355474847714,5.541304405065642
37,19,44,390.4828777873711,2.1262895344541817,43.87849407944395,18.254355356680566,16.047384381356157,1.2268768336411495,70.0356245336029,5.468659390858812
38,19,43,390.1335575440827,2.166681511332973,47.35973169376476,18.811599638859107,15.867145405987523,1.2121743600757466,69.34958519655545,5.410289672901009
39,19,42,389.45255478490265,2.228245457563454,51.56522445040359,19.437693275375,15.738868520448277,1.2015959876761428,68.87255802798808,5.369186000274483
40,19,41,388.48739305277246,2.316572086560135,56.6241604668911,20.12867394586053,15.674409911673198,1.1960055736649,68.6598798870329,5.34932864324888
41,19,40,387.2959410306336,2.4353564360539717,62.65476621538127,20.88248744557683,15.668197356509395,1.194933436822465,68.69286479783925,5.348844239940112
42,19,39,385.93394536986125,2.5852527009901,69.73037965213504,21.697871513931755,15.677262479401534,1.1950997151863012,68.78751701706648,5.353354372573156
43,19,38,384.45492758593076,2.7640013656357967,77.83129549590458,22.569118104659204,15.639679928740899,1.1918135075807086,68.67457626440964,5.342155845109347
44,19,37,382.91398925933424,2.966993403301031,86.78236657211178,23.4785704405053,15.50940266309424,1.1816098232768348,68.15121764222025,5.299831981877233
45,19,36,381.36636239335894,3.187714666825907,96.21663343763618,24.391836031749296,15.279681965238092,1.1640387215545902,67.18080502945811,5.224008252059623
46,19,35,379.859441491308,3.4185643991397834,105.62540997725328,25.261201858467384,15.003810867310202,1.1432324835965062,65.98351604303652,5.132214248451388
47,19,34,378.42708127957474,3.652099464440174,114.47330448370506,26.035895550159882,14.809591103564788,1.1289524071695656,65.10544372799049,5.066709901123646
48,19,33,377.1056381491217,3.8814532453240185,122.22889798392073,26.666690200503332,14.847950620331009,1.132658828537994,65.20020247334817,5.077568446355139
49,19,32,375.96894473905064,4.099514252686283,128.2671607736737,27.100956470746617,15.161558663439754,1.1576055422617155,66.45248163934713,5.179223053397746
50,19,31,375.1237184079674,4.299370387025951,131.93397441275056,27.293240202919403,15.645545215964834,1.1958868550898578,68.40416120882226,5.33715598337813
51,19,30,374.65420230892215,4.476499705897615,132.82157430209955,27.229475186421375,16.160844940287138,1.2369728000509885,70.45288230292915,5.505163804497135
52,19,29,374.58299576373986,4.629679679866124,130.90780739605228,26.93020280724665,16.621610417715946,1.2743446141827883,72.23115121008088,5.654489145363032
53,19,28,374.86675316080454,4.760109084064757,126.51200000159196,26.436552774515647,17.001700880847384,1.306046348176973,73.62767915121292,5.776166803467295
54,19,27,375.40664064278457,4.870178207039608,120.20826901580753,25.798302421856484,17.31652492885418,1.3333411000458049,74.70423333914772,5.8750183490738905
55,19,26,376.0673317967647,4.9625808944352645,112.72955436151366,25.06727382123887,17.606894946036853,1.3594807017559347,75.62561544696564,5.964258847872873
56,19,25,376.70677304731714,5.039746968422997,104.84302100874439,24.29259379196583,17.923233267964488,1.3884747729833555,76.59429092586927,6.060257920619565
57,19,24,377.21146023192017,5.103464951225896,97.2095171106866,23.5163436316971,18.307336929437735,1.4236617881435971,77.7760092492687,6.1765409157945586
58,19,23,377.52164913071294,5.1547350065475985,90.27920277845821,22.770376835028614,18.777642052697338,1.466550687030166,79.24048423877296,6.318975005610697
59,19,22,377.63320302878213,5.193948001489181,84.2685897976403,22.075334783519143,19.32664862731972,1.5166051691736284,80.95303202312802,6.484974085224979
60,19,21,377.57921872669897,5.221286977551697,79.21143672954025,21.44184692898812,19.930269447724754,1.5719561894766116,82.81528319088714,6.6666167925402355
61,19,20,377.40676060381236,5.237089494769029,75.03567813802692,20.872965986052506,20.560222468004085,1.6303610059334568,84.7169274456146,6.854732187456515
62,19,19,377.160602979491,5.242007534084902,71.62612413765319,20.366785965271266,21.19218128647446,1.6898447395962275,86.56822472939096,7.041556525080761
63,19,18,376.8761873319079,5.236984165071043,68.86120512580537,19.91861963303776,21.808587122003313,1.748933323367876,88.30969541117162,7.221618258063715
64,19,17,376.5786641766319,5.223144428757821,66.62956822101589,19.52254807443625,22.39826535561264,1.806637662544311,89.90877301402345,7.391573526412348
65,19,16,376.2845635551578,5.201678613758031,64.83540125415315,19.172399310841207,22.954932235986956,1.8623478520867511,91.35242594034078,7.549686322410537
66,19,15,376.00404199638996,5.17375315485432,63.39864254397841,18.862297853999372,23.47567550879069,1.915721415443653,92.64021479651896,7.695310655546428
67,19,14,375.7428564947457,5.140455235061832,62.25329945240662,18.586928100394474,23.95976416392454,1.9665941205654116,93.77909951257747,7.828489293660539
68,19,13,375.5038536390946,5.102764863261927,61.3453074299709,18.341624079122976,24.407813265157618,2.0149164559745105,94.77995103674616,7.949674916781471
69,19,12,375.28801332627506,5.061545659159732,60.63048328707417,18.122363213079073,24.821229238188582,2.0607107733617247,95.6553497809957,8.059546973255829
70,19,11,375.095152150229,5.017546907841292,60.07274626919936,17.92571306522752,25.201852284612915,2.1040431419849277,96.4182584013067,8.158895343312059
71,19,10,374.92438715421184,4.9714116318443216,59.64263131506533,17.74875974309253,25.551730136081478,2.145005113234318,97.08125813451736,8.248548230130172
72,19,9,374.77443759345624,4.923687336687443,59.31606740958641,17.589033543552503,25.872977114047163,2.18370199394139,97.6561375816457,8.32932856710287
73,19,8,374.6438194205317,4.874837458889486,59.073380953897114,17.444439524941124,26.167687947877596,2.2202453502648054,98.15369730115853,8.402028561230644
74,19,7,374.53096939337775,4.825252441379039,58.89848494919693,17.313196196377078,26.437886563024318,2.254748254007377,98.58368387475896,8.467395677060154
75,19,6,374.43432316618515,4.775259909880769,58.77821985540234,17.193783101199994,26.685497143157114,2.2873223085536982,98.95479956870788,8.52612578590995
76,19,5,374.35236330016687,4.725133743241747,58.70181768248811,17.08489687571287,26.912329337313256,2.3180758323573905,99.27475422642244,8.57886075919692
77,19,4,374.2836476017549,4.675102007021977,58.660466040063,16.98541484936863,27.12007239817828,2.3471127968352823,99.55033887622876,8.626188773716931
78,19,3,374.22682460132654,4.625353810379229,58.64695323486936,16.89436509997048,27.31029489615992,2.374532256031884,99.78750856324004,8.668646225262837
79,19,2,374.1806406536354,4.576045187431071,58.655379092477716,16.810901905399323,27.48444784259609,2.4004280959125945,99.99146692625732,8.706720547383739
80,19,1,374.1439416239262,4.527304117809863,58.68091909691239,16.73428564123151,27.643869819772522,2.424888989786053,100.16674817148112,8.740853488306263
81,19,0,374.1156711307733,4.479234800010766,58.71963180662543,16.663866307950357,27.789793210003594,2.447998484639105,100.31729404834508,8.771444563795676
0,20,80,380.52355633238733,1.8880136018721831,53.9957759757894,15.396370414694355,28.075612948866674,2.495926690994114,100.58173004714631,8.829050244680241
1,20,79,380.7116114061749,1.8766894680930144,53.49808925099967,15.38630731741209,27.955931667211757,2.4755517923348855,100.47472482800146,8.805109595950814
2,20,78,380.90267504976646,1.8658102632740245,52.96497399286379,15.376712748834212,27.825126357685775,2.4539896572971185,100.34995084807844,8.778375015816094
3,20,77,381.0963608782937,1.8554531956622191,52.39443098333595,15.36769714535221,27.682168024553746,2.4311665644411042,100.20452340738264,8.748526075361756
4,20,76,381.292221902296,1.8457042376406312,51.784461178563134,15.359382576373713,27.52593416695779,2.4070038827659554,100.03510728803515,8.71520684002485
5,20,75,381.4897466019896,1.8366590677512038,51.133098424628415,15.351903388377732,27.355201200726675,2.381417790414032,99.83785182848327,8.67802232187237
6,20,74,381.68835564686736,1.8284240787699346,50.43845198079411,15.345406772793957,27.16863675289317,2.354319018392014,99.60831862894837,8.636534738667855
7,20,73,381.88739961171234,1.8211174342627632,49.698761282398024,15.340053220576877,26.96479210656842,2.325612644834894,99.34140196483807,8.590259653578105
8,20,72,382.0861581315865,1.8148701411458963,48.91246592539086,15.336016817776065,26.742095244988178,2.295197978954361,99.0312425689291,8.538662124707816
9,20,71,382.28384104013475,1.8098270828797087,48.07829449563968,15.333485326796595,26.498845205524667,2.262968594364942,98.67113640911141,8.48115307955494
10,20,70,382.47959214238296,1.8061479231041808,47.19537658744615,15.332659987679822,26.233208855398317,2.2288126025737327,98.25344165353033,8.417086262449105
11,20,69,382.67249637603317,1.8040077369759961,46.26338312096142,15.333754963213993,25.94322181444184,2.192613304538587,97.76948951701507,8.34575630845285
12,20,68,382.86159120128667,1.8035971487427584,45.2827007967003,15.336996342168058,25.6267961885385,2.1542504296261904,97.2095086439675,8.266398813850207
13,20,67,383.04588311545854,1.805121637090537,44.25464706218328,15.342620608604605,25.281739207561348,2.1136022793162583,96.56257889901262,8.178193759562227
14,20,66,383.2243702141499,1.808799497732413,43.181732036560405,15.350872486196899,24.905789025869666,2.0705492552031597,95.81664008762817,8.080274384845056
15,20,65,383.3960717600445,1.8148577034779332,42.06797298610887,15.362002082841347,24.496677171157536,2.0249794908500336,94.95859587850416,7.971744722148587
16,20,64,383.5600659439318,1.8235245494835226,40.91926443936856,15.376261309103624,24.052231812493147,1.976797652263919,93.97457516807589,7.851710634751192
17,20,63,383.715537906853,1.8350174916520583,39.74380177165874,15.393899658774998,23.570542485785978,1.9259384425871262,92.85044442498153,7.719331477377889
18,20,62,383.86184279799113,1.8495239761280677,38.55254647541459,15.415159694733923,23.05021501118138,1.8723869242988151,91.57270563772762,7.573902410367382
19,20,61,383.9985957473077,1.8671723796800812,37.35970515755645,15.440273133929615,22.490753432353127,1.8162083219038123,90.12995995291313,7.414980446756275
20,20,60,384.1258173644794,1.8879896550977966,36.18316869502857,15.469459587549522,21.89310883469294,1.757590088699799,88.51514702641553,7.242568865646679
21,20,59,384.24419908876655,1.9118424484207996,35.04481959132012,15.502932376057657,21.2604217294217,1.6968978465497724,86.7287379498736,7.057370993803683
22,20,58,384.3556203613075,1.9383604218750987,33.97056190454383,15.540920321788981,20.59893859574013,1.6347430443430082,84.78289208024786,6.861109819899103
23,20,57,384.46415481752354,1.9668460303956166,32.98986303106824,15.583721859298524,19.918998222920383,1.572053362561739,82.70625308055841,6.6568819037530425
24,20,56,384.57790115104393,1.9961859802685678,32.134548121319284,15.63181701762725,19.235915837049397,1.5101313051363123,80.54878662142343,6.4494898949685595
25,20,55,384.7118688769541,2.024796735784179,31.436647268022398,15.686065933513149,18.570700916714692,1.4506943035958635,78.38651759829021,6.245728247821484
26,20,54,384.8913747144274,2.050658827842805,30.925451763061574,15.748000333759371,17.950798310903057,1.3959097146835258,76.32702934341658,6.054670273597119
27,20,53,385.1534668620665,2.0715228524739224,30.624756567110055,15.820147590839651,17.41021316123159,1.3483795137475978,74.51263092860277,5.887716812283496
28,20,52,385.5416415116994,2.0853890223202485,30.552197725341713,15.906243909820287,16.984398899940366,1.3107367159769763,73.09996064178677,5.756845164824565
29,20,51,386.09071066644,2.091263225913947,30.722227995997358,16.011212777093412,16.69277624641972,1.2843293238880968,72.18329724483834,5.668703934298388
30,20,50,386.80788714731324,2.089839884198561,31.1514618968326,16.140996674712028,16.515453955944558,1.267487107633749,71.6901875441647,5.61681881569967
31,20,49,387.6636363397189,2.083515121988986,31.862516207867685,16.302522960062824,16.39083760258484,1.255367834049701,71.36809975705195,5.580833904584587
32,20,48,388.5963931810493,2.075627940853681,32.88440558112558,16.503927416107345,16.24490328410688,1.2421905187231141,70.91008067991856,5.5363041229791765
33,20,47,389.52083193088185,2.0695089552312633,34.25138421554442,16.754826591571643,16.028316507667256,1.2240620199277097,70.1146531168348,5.467049769145543
34,20,46,390.3319598568915,2.0678737223108286,36.002715468766255,17.06624312483454,15.73814988981766,1.2006334663122966,68.97925712110914,5.372372657389508
35,20,45,390.9107181413849,2.072795842600257,38.18508411038805,17.449545052458024,15.41668163110097,1.175013122186624,67.695159608361,5.266664106449048
36,20,44,391.14432432044396,2.0864691864596048,40.859742058704086,17.913625880633838,15.121667374914027,1.1515270045708792,66.51714667734674,5.169486550275507
37,20,43,390.9626620727337,2.112638470165297,44.11465466746448,18.461142327228245,14.882612670897457,1.1324253693307622,65.57066153429113,5.090918602570406
38,20,42,390.36375173607473,2.157584487897087,48.07535622310262,19.087717747962767,14.69930206623592,1.11773628172316,64.8488154428669,5.031006798271852
39,20,41,389.4028109886131,2.2293064128984534,52.90385014924962,19.786474842043503,14.58948405051666,1.108790224214447,64.4303865001137,4.995711808481931
40,20,40,388.157073012195,2.33475651385114,58.77832800369697,20.554143214785604,14.585318749057585,1.1079431572269642,64.46515173961433,4.995746899922319
41,20,39,386.69598322098875,2.47692995107612,65.8592567903546,21.393470017855318,14.659006199441292,1.1130368626316585,64.83793484625052,5.021746725450038
42,20,38,385.07691017596045,2.6544930445680075,74.24784492065575,22.30908361256958,14.713589146519949,1.116729263517108,65.12548604444407,5.041262885864076
43,20,37,383.35799795596597,2.8631773016755453,83.90567053242032,23.296590264772014,14.654213838114218,1.1118472714067136,64.91304991921729,5.022601686633712
44,20,36,381.60486875039135,3.0962603325130935,94.53585718050101,24.32938034607166,14.429908723784788,1.0945648800296486,63.97445291177011,4.948714304057046
45,20,35,379.88242865970875,3.3447345286281904,105.55140245142405,25.354121428961108,14.046934500419017,1.065454030494925,62.324974548934115,4.821568520316198
46,20,34,378.2342595675659,3.5990752080778643,116.25242263720061,26.304793499781773,13.617277171767881,1.033118644164313,60.43769019598198,4.678226915974381
47,20,33,376.6718470142996,3.8515630370795098,126.06543329188399,27.12474654445261,13.404003139505466,1.0175037306693642,59.456948583483374,4.605882118641841
48,20,32,375.2331751699467,4.095089368713326,134.39285940979354,27.75702953464589,13.641877534125681,1.0363338961187056,60.41449310518446,4.6826804032148415
49,20,31,374.0581914941939,4.320318188090244,140.2950001225492,28.123908727371333,14.23863544559312,1.0826977732469583,62.90219194384573,4.878746465393327
50,20,30,373.30981708198425,4.519261229795459,142.93295989710526,28.176724276382387,14.926659289936417,1.1364084009578115,65.74567735050992,5.105371309368104
51,20,29,373.06726552404893,4.689230764435674,142.04698254856416,27.92957984217778,15.534198165939728,1.184425348060098,68.20223677352885,5.30500835744746
52,20,28,373.3144690766923,4.831721815676872,137.8858306243223,27.43227937975253,16.006522073740857,1.2225723033625528,70.04140428440952,5.459007558688966
53,20,27,373.95638247992446,4.950084414475891,131.05039687343947,26.7453648398546,16.35509861964712,1.2517747333742881,71.31263442021086,5.570850796349326
54,20,26,374.83434366594236,5.048084674657462,122.40208632450563,25.931841932781953,16.629837371708835,1.2759700590334324,72.22188436556733,5.656793896024495
55,20,25,375.75453460037863,5.129200940413545,112.94264667252835,25.053365404959084,16.903530749441895,1.3008987164639476,73.06653113701165,5.740620824931297
56,20,24,376.5371045688845,5.1961480994008244,103.6229227326346,24.165087738736645,17.24945752086965,1.3323501103039848,74.14351729547442,5.84623024209983
57,20,23,377.06859408806946,5.250484926709315,95.14220264179949,23.310207907234428,17.71247948008334,1.3739079191849568,75.63030106427512,5.98813349702468
58,20,22,377.3238659149012,5.292628943361012,87.85204320583856,22.517059926767782,18.2936580050409,1.4257403595036915,77.52329504219111,6.166454531516381
59,20,21,377.3448289411872,5.322423589535279,81.80832562404103,21.79993277977808,18.96081256111561,1.4853930064093357,79.6856589202628,6.370492605209715
60,20,20,377.20025413537263,5.339832447798236,76.89814827695608,21.162417192394685,19.671444899602257,1.5495484897801135,81.945070650141,6.586319447662689
61,20,19,376.95563585710613,5.345307283677013,72.94894986335079,20.601307376806854,20.38913499216177,1.615302454274881,84.16109814377974,6.802164096347007
62,20,18,376.6609063031579,5.339788121548781,69.78804069367894,20.109825623068705,21.088809622699433,1.680591951628746,86.24436435668,7.010095433811264
63,20,17,376.34967611293314,5.324526945262654,67.2649500243466,19.679830368868394,21.7555891824333,1.7441271050081693,88.14903278036087,7.205586482716961
64,20,16,376.042756202809,5.300896813571708,65.25555761222144,19.303131344277176,22.381852371861306,1.8051786859423171,89.85877440773602,7.3865059267982955
65,20,15,375.75212185830566,5.270252630695392,63.659593906076964,18.97216662851147,22.96459889754736,1.8633823691508486,91.37485326627632,7.552224075226451
66,20,14,375.48404592840325,5.233850154548353,62.39657175309968,18.680279011794653,23.50358417282804,1.9185982744601036,92.70801426717071,7.7029854672728275
67,20,13,375.24126669076963,5.192808827321441,61.40191140926993,18.421766764989606,24.000124280247892,1.970819775605615,93.87348934970163,7.839510121042812
68,20,12,375.0243964004656,5.148102086679584,60.6237072890971,18.19182195516426,24.456365155018908,2.0201168726892793,94.88809546533851,7.962752224300333
69,20,11,374.8328079389687,5.100562806663532,60.02014570047726,17.98642260510811,24.874846334182394,2.0666017168825723,95.76862334703648,8.073758261785686
70,20,10,374.66518388243156,5.050895938183386,59.55746843360478,17.80221425626217,25.258244791043765,2.1104078118190763,96.53099150868239,8.173585616415066
71,20,9,374.5198533501168,4.9996937351810145,59.20836799433046,17.63639812360021,25.609227242469423,2.151677544408416,97.18984381110748,8.263257347031487
72,20,8,374.39499703966453,4.9474510949684385,58.95071864073873,17.48663282951265,25.93036748097097,2.1905547762285464,97.7583995210599,8.34373844450281
73,20,7,374.2887706496377,4.894579815126643,58.766568556928675,17.350951428573353,26.224102636787613,2.227180517220176,98.2484437733672,8.415924768916428
74,20,6,374.1993777009049,4.841421282928501,58.641336139482846,17.227692944648282,26.492712702286493,2.261690483887584,98.6703930342586,8.480639409723047
75,20,5,374.1251108899443,4.7882574908433275,58.56316681799419,17.115446641554897,26.738313872223443,2.294213812695688,99.03339756410482,8.538633318156084
76,20,4,374.0643738279788,4.73532045723235,58.52241684504419,17.01300700004784,26.962859972279258,2.324872481130694,99.34545896171153,8.590588318084036
77,20,3,374.0156905632468,4.6828002113570495,58.51123796644549,16.91933747462593,27.168148485491365,2.3537811595423572,99.61355034243321,8.63712135521779
78,20,2,373.9777075421719,4.630851526209739,58.52324252867953,16.833541343029815,27.355829043311505,2.3810473211981598,99.84373229577113,8.678789299944139
79,20,1,373.94919096462337,4.579599579381966,58.55323290298158,16.754838234772834,27.52741307852636,2.406771502394336,100.0412610750594,8.716093896146004
80,20,0,373.929021422545,4.529144706433303,58.59698245448034,16.68254518459893,27.68428384972055,2.4310476446521165,100.21068742039945,8.74948661802736
0,21,79,380.6909937569174,1.869686305329676,53.619115792351536,15.373072523654061,27.992085022108757,2.4814990530244714,100.50868909115572,8.812478494272888
1,21,78,380.8843778431403,1.8580444090598127,53.089526101099466,15.362245798231758,27.863828001805967,2.4601536132282105,100.38875387049633,8.786435701228953
2,21,77,381.08066252090885,1.8468648339465559,52.52183078899968,15.351907134424685,27.723515282612816,2.4375439815407662,100.24874800889415,8.757324639287065
3,21,76,381.2794050495032,1.836229647945847,51.913818106218116,15.342174643419792,27.57000607168806,2.4135886468429564,100.0853720470999,8.724787138401794
4,21,75,381.48009245546206,1.8262306634337335,51.263264577470565,15.333179040007384,27.402050459761618,2.3882001472693015,99.89479947973021,8.688423845022106
5,21,74,381.6821364219675,1.8169705846173088,50.56796911764559,15.325064331099933,27.218279224405386,2.3612846119070663,99.67259711487331,8.647789704342076
6,21,73,381.88486878316667,1.8085642650833398,49.82579799895382,15.3179884062057,27.01719299256634,2.332741292345307,99.41363507556669,8.60238906030027
7,21,72,382.0875380149379,1.8011400665085882,49.03474354069823,15.312123481460532,26.797150935676964,2.3024621025618464,99.11198589754632,8.55167040857675
8,21,71,382.28930722063313,1.7948412953713753,48.193000107745405,15.307656336261143,26.556359328399232,2.2703311984946493,98.76081265853121,8.49502088768531
9,21,70,382.48925422732424,1.7898276714945935,47.299061865720844,15.304788266645382,26.292860558234306,2.2362246491090985,98.35224695566674,8.431760675919852
10,21,69,382.6863745245542,1.786276745521839,46.351847752213715,15.303734662147354,26.00452358763505,2.2000102833640867,97.87725909260031,8.36113759769652
11,21,68,382.879587873867,1.784385124445865,45.3508602594771,15.304724092835244,25.68903753961206,2.161547849469059,97.32552547833329,8.28232246473979
12,21,67,383.0677494610446,1.7843692735200327,44.29638580918632,15.307996770722667,25.34391115839207,2.120689705895504,96.68530268597438,8.194406039168745
13,21,66,383.24966640685545,1.7864655217699492,43.18974556492344,15.313802225237458,24.96648263926096,2.0772823964063414,95.94332502780776,8.09639909329164
14,21,65,383.42412024007444,1.790928680785254,42.033606146633815,15.322396007413033,24.553947122208577,2.0311696731424105,95.08475473276722,7.987237992151974
15,21,64,383.58989553278224,1.7980283548980225,40.832359301575536,15.334035215982766,24.10341360614061,1.9821978667949147,94.09323376148996,7.8657997508622515
16,21,63,383.7458143792949,1.8080415242265993,39.59257717272631,15.348972631643752,23.61201002141736,1.9302250231199138,92.95111821243364,7.730932923713019
17,21,62,383.8907762036917,1.8212392594033089,38.323543833683146,15.36744928331368,23.077065730170563,1.8751360032071993,91.64002561236784,7.5815143432523255
18,21,61,384.0238039150141,1.8378644269664157,37.037851857765716,15.38968543161635,22.496415499577243,1.8168668236070848,90.14189685907554,7.416546934136129
19,21,60,384.14410447693655,1.8580959878545733,35.75203135639096,15.415870443706297,21.868886666828566,1.7554427725653967,88.44086509984321,7.235320223885518
20,21,59,384.2511736274537,1.8819942257094713,34.48714304314383,15.446153345508613,21.195044092409493,1.6910356699047902,86.5263038058718,7.037660326988301
21,21,58,384.3450304255083,1.9094207690540372,33.269208967681024,15.480639082150685,20.478253506212532,1.6240443281432484,84.39740359247911,6.8242928452305796
22,21,57,384.4267931423555,1.9399294747506204,32.12926449535874,15.519402827056165,19.72604093053109,1.5551955828890498,82.06931889952155,6.597316155387405
23,21,56,384.50004499249854,1.9726324270636066,31.10268651026192,15.56254890910791,18.95154584835111,1.4856489951008,79.58019816176275,6.360723567242736
24,21,55,384.5737486271611,2.0060629277256856,30.227319501910657,15.610361679734464,18.17474123743915,1.4170779859789338,76.99790673644267,6.120868758933761
25,21,54,384.6674583116897,2.038083942139046,29.539967571132422,15.663606397125903,17.423612293102366,1.3517384686002794,74.42751557117204,5.886930351588165
26,21,53,384.8180514811539,2.0659244398042906,29.071524603805102,15.723989994294442,16.73684081085958,1.2926395242549098,72.0264394159026,5.671859066403087
27,21,52,385.0825684782953,2.0864938135234676,28.84287040664087,15.794633624663975,16.167330537928315,1.2437724560533865,70.02374469735105,5.4935278467512285
28,21,51,385.52626523030074,2.09722708570154,28.86565087908697,15.880234887152088,15.771975361771759,1.209321706054197,68.67718123762812,5.371182955307279
29,21,50,386.1917041797115,2.09745359536078,29.150044347025243,15.98675297966727,15.56839397404085,1.1904283512740657,68.08043001578368,5.310870387212891
30,21,49,387.07079821307514,2.0892705269363385,29.713809711797126,16.121046686305945,15.492847809901761,1.1820618001207386,67.97333830663237,5.291434738232741
31,21,48,388.10653207379397,2.0768006226592566,30.58455115544517,16.291068512797914,15.425683235905987,1.174965481860335,67.85106594143397,5.2731416988174695
32,21,47,389.2118517094393,2.064533824327032,31.79656030509794,16.506512836888838,15.261248121486743,1.160957691763275,67.26849820011243,5.221010708686769
33,21,46,390.27757219618314,2.0560795698986003,33.3880748519132,16.77942320434948,14.956573024700418,1.1366351695078556,66.05050505792055,5.120983715772177
34,21,45,391.16688176279575,2.0536190515047577,35.40080640302848,17.124270800979605,14.548735357462952,1.1046880519001343,64.36801356620447,4.985718695267012
35,21,44,391.7191634214423,2.058183876565049,37.883738737816316,17.556072010629794,14.13982922133469,1.0727517450660058,62.67480496380459,4.849645775969182
36,21,43,391.79411535035035,2.071482379503769,40.9070440871601,18.08429594242886,13.818067630492052,1.0474772400104428,61.35843838246919,4.742613258149218
37,21,42,391.3412630160247,2.098766171705255,44.585289220742965,18.706040667749917,13.573770308402004,1.0282217706578332,60.36565674850433,4.661658156481814
38,21,41,390.41578185781793,2.1497914955635467,49.09365721674614,19.40906631438858,13.378595284720674,1.0129165070880908,59.563146240079,4.597393379467124
39,21,40,389.1268595511481,2.236116700916008,54.660035986593044,20.183588001600814,13.31315164730602,1.0075606584894015,59.31611075815812,4.576714919335131
40,21,39,387.5745473975569,2.365288608702286,61.524389196963554,21.03127204599717,13.441804430323524,1.016882168773597,59.92340458534384,4.620971703640881
41,21,38,385.8219051085341,2.537382941501472,69.90408500536209,21.96580795388116,13.640287603809151,1.0314876189500437,60.83874788230385,4.688464654544606
42,21,37,383.9209266027635,2.7482535018971532,79.95899264757509,23.002547754439092,13.726760716636775,1.0376555118541615,61.26111333192069,4.718378930815962
43,21,36,381.94032447579536,2.9918568781461357,91.61564196235787,24.136891990668108,13.597597630126772,1.0275375470717598,60.738273769439694,4.676110428109991
44,21,35,379.9654729365917,3.2586499423274775,104.32300637836096,25.32179782761478,13.203533636038987,0.9974633146659204,59.047621270888094,4.545200567730917
45,21,34,378.07582405016575,3.5358500826867933,117.10525127520751,26.469478802313397,12.552965917862617,0.9482452364088705,56.20375532299177,4.32844155921152
46,21,33,376.2927653168346,3.812414461963752,129.09015928522774,27.494373328531125,11.882594940199999,0.897926356735224,53.226349709727046,4.104521142637861
47,21,32,374.55918600049495,4.083009981204848,139.93742847991257,28.35573888473051,11.795441462039523,0.8919075549026263,52.78209524893556,4.073322541284257
48,21,31,372.9666566482075,4.3387670734123995,148.76536006490008,28.96563261921913,12.504238772590357,0.9462078742065374,55.816794323872195,4.306622478408605
49,21,30,371.81226831771147,4.5649680153511065,153.93015000520543,29.193745504722663,13.471460669851224,1.0205008641575597,59.94073331066988,4.627297454457843
50,21,29,371.27955861295567,4.755282983197238,154.7052462898373,29.031743941956062,14.316530819456675,1.0860071394937305,63.484042525671924,4.9078051077462765
51,21,28,371.39445731688795,4.911638642898039,151.24974945299843,28.547799757010917,14.94301198568186,1.1353054207054079,66.04129302626392,5.115031640202646
52,21,27,372.0821981318883,5.038908316842205,144.15055747696755,27.81839841673564,15.362118919426912,1.1692224695189926,67.67004739827341,5.2522825709594745
53,21,26,373.1792997923564,5.142309524008527,134.3361701870919,26.918028160070023,15.629975750191697,1.1921270647144515,68.60892003562164,5.337970630716841
54,21,25,374.4450002398828,5.226586370094111,123.03267101492702,25.92145477482165,15.838993634263502,1.2112564511766768,69.2413654764578,5.402479832435755
55,21,24,375.6101558081889,5.295729711278283,111.57044336302076,24.9000100964846,16.104568463648135,1.235652465378457,70.04327814734461,5.483688455443817
56,21,23,376.46525614027973,5.35238052306614,101.054955910834,23.913027981531865,16.52205712408705,1.272816395733568,71.40373062155217,5.612757611322362
57,21,22,376.9330396750646,5.397279140151187,92.09648939196532,23.000745215288887,17.119190109231063,1.3250228315318924,73.42616116455994,5.798488396669109
58,21,21,377.0610408930354,5.429780626718999,84.80614494490527,22.183298444587543,17.855444774666655,1.389237443392863,75.93103675102624,6.027253631388134
59,21,20,376.95285281631885,5.449138438520498,79.00357578318564,21.46515083498583,18.66391971845718,1.460307625066555,78.63790321428013,6.276936580858916
60,21,19,376.70803217564657,5.455367193492302,74.42138336130424,20.841130681472308,19.487209798541834,1.533726451252218,81.31664923763331,6.528783662288381
61,21,18,376.3988379195675,5.449327453670259,70.80845914052311,20.30139414556083,20.288277542634894,1.606500795860502,83.8291208961737,6.770922692009267
62,21,17,376.070613344989,5.432421706693953,67.9591585427774,19.834655113470472,21.04718533607981,1.6769326625554692,86.11098383957531,6.997199923690364
63,21,16,375.7492995576505,5.406264813644105,65.71225706792173,19.429972290271447,21.755026601028057,1.7441735017032591,88.14341574465817,7.205114821538126
64,21,15,375.4485606059806,5.372459167819486,63.942450319594386,19.07756962011457,22.409211929926784,1.8078720482937216,89.93199506812022,7.394228416875299
65,21,14,375.1747800022199,5.332475254229252,62.55200138259809,18.769092400222572,23.01052899735329,1.8679520793816597,91.49394907490995,7.565175928298351
66,21,13,374.93018477254884,5.287603664393873,61.46415661485358,18.497574522201855,23.5614598322315,1.924483611143817,92.85112951810407,7.719105443721626
67,21,12,374.7147010122934,5.23894746317379,60.618237563224525,18.257281686671234,24.06525268983373,1.9776106991444034,94.02634373903949,7.857371515484615
68,21,11,374.52703035681617,5.187434302485978,59.966005483661945,18.043518825721478,24.525420009771302,2.0275114800414245,95.04153359297261,7.981372224223623
69,21,10,374.365267701699,5.1338364623722015,59.46894073420759,17.852443742207537,24.94547199725523,2.0743762185733625,95.91694482634362,8.0924652158836
70,21,9,374.22725330446707,5.078792666476927,59.096177564619694,17.680903762803453,25.328779908022984,2.1183953878850734,96.67081867819664,8.191926903295588
71,21,8,374.1107717018611,5.02282877196689,58.8229153567856,17.526299628570957,25.67851075927243,2.1597533657715138,97.31935325119646,8.280935172121186
72,21,7,374.0136620544655,4.966376170081174,58.629183016226136,17.386475208318235,25.997601319352793,2.198625290501589,97.87679885011069,8.36056478058759
73,21,6,373.93387700701663,4.909787603230941,58.49886994280649,17.259629520730016,26.288753507567186,2.235175697607841,98.35561429221396,8.431789473385033
74,21,5,373.8695114750167,4.853350507019716,58.418961256335976,17.144247129756256,26.55444118955966,2.269558155402542,98.7666451677339,8.495487483526693
75,21,4,373.81881383669946,4.79729814709565,58.37893130862963,17.03904327290546,26.796922721283483,2.3019154508532123,99.119303539574,8.55244856815641
76,21,3,373.78018688762575,4.74181886391361,58.370260883251476,16.942920624004138,27.01825605260051,2.332380066860661,99.42173872020778,8.603381549971921
77,21,2,373.7521829466661,4.687063727399299,58.386051634627464,16.854935165827158,27.220314600719234,2.361074800866408,99.68099434013637,8.648921803471818
78,21,1,373.73349575866547,4.633152870653025,58.420717319992434,16.774269165960796,27.40480290758323,2.388113438070191,99.90314997151971,8.689638391783706
79,21,0,373.7229507999372,4.580180733009123,58.46973589150355,16.700209683893316,27.573271560088354,2.413601429775775,100.09344720976341,8.726040712162371
0,22,78,380.86239975918295,1.8509959548809274,53.22664692846746,15.348547635058218,27.904397670464355,2.4666778945889374,100.42861031962805,8.794828928559511
1,22,77,381.061212079027,1.8390180744142826,52.66367083994979,15.336916586758685,27.767091070409094,2.4443283600175607,100.29444333765387,8.766537153256142
2,22,76,381.2627981398068,1.8275188366920978,52.059754414415565,15.325795930983642,27.61673449452541,2.420633663570938,100.13765494717556,8.734880940125867
3,22,75,381.46665249601153,1.8165852173051102,51.41245319075634,15.315312434652725,27.45206505037428,2.3955038235959267,99.95448042121173,8.699460626677952
4,22,74,381.67218840221494,1.806314980119578,50.71929605062242,15.305606614976305,27.2716929321219,2.368841713875168,99.74054012872865,8.659828901535164
5,22,73,381.87873125390234,1.796818058692451,49.97782030865018,15.296833495256731,27.07408801995174,2.3405423859932486,99.4907422386604,8.615485110722549
6,22,72,382.08551256653936,1.7882181031658928,49.18561870087353,15.289163241122166,26.857565136633628,2.3104923325177853,99.19917116965402,8.565868927314533
7,22,71,382.29166493343854,1.7806541965803349,48.340401633602696,15.28278161614344,26.62026796057239,2.278568697293507,98.85896029049229,8.510353357106956
8,22,70,382.49621853246623,1.7742827327050437,47.440078974445385,15.277890178438465,26.360151711061345,2.244638449187109,98.46214762269794,8.448237087730313
9,22,69,382.69809989274216,1.7692794265268623,46.4828668115091,15.274706118523893,26.074964932788912,2.208557553121572,97.99951390897039,8.378736254561664
10,22,68,382.89613376823723,1.7658413927000942,45.467426002577724,15.2734616125078,25.762231080926,2.1701702023968257,97.46040367987707,8.300975816827942
11,22,67,383.0890490613654,1.764189167236652,44.39304098472199,15.274402532646892,25.419231262463967,2.129308227996571,96.83253238718031,8.213980951039032
12,22,66,383.27548973417845,1.7645684484884816,43.25984916203096,15.277786317785212,25.04299062620383,2.085790889096999,96.10178717232377,8.11666924510857
13,22,65,383.4540314334867,1.7672511709176453,42.06913307018584,15.283878756918686,24.630272862793728,2.039425400585227,95.25203697812569,8.007845134666974
14,22,64,383.6232039790994,1.772535260860367,40.823689065321034,15.292949376529192,24.177590679568,1.9900088130227798,94.26498224228921,7.886199169711924
15,22,63,383.78151870641847,1.780741997473955,39.52828679004186,15.30526504143435,23.68124597241273,1.937332303873812,93.1201000683133,7.750316686767771
16,22,62,383.9274977081304,1.7922092238334435,38.1902318633155,15.321081275144945,23.13742339193475,1.8811896886368211,91.79478542846925,7.598703867739363
17,22,61,384.05969934067645,1.807277595500703,36.82003800324543,15.340630684550241,22.542377586675233,1.8213931986926926,90.26486476602209,7.42984487044651
18,22,60,384.17673207912964,1.8262654641562581,35.4322007560273,15.36410778588115,21.892780602037966,1.7578015127836926,88.5057809239204,7.242312810107061
19,22,59,384.2772514119807,1.8494257664226748,34.04603796215977,15.391649681879603,21.186332832139875,1.6903677297568527,86.49492706672356,7.034970397661469
20,22,58,384.35995578504964,1.8768756085605425,32.68651373553935,15.423313114795935,20.422779108263384,1.619217671438894,84.21580828018219,6.807310133921102
21,22,57,384.4236746887849,1.9084872281282395,31.384878368572657,15.45905235801312,19.60546810177266,1.544768292953042,81.66475456345121,6.559985199400427
22,22,56,384.46786062903175,1.9437310270031167,30.1788080828493,15.498713936495859,18.743435938412198,1.4678834601912716,78.8603099329958,6.295533227091395
23,22,55,384.4943067802159,1.981474200966923,29.11147201911706,15.54209188055442,17.85354387377313,1.3900292030876304,75.8535462563906,6.0191478135096315
24,22,54,384.5117864883917,2.019768510336384,28.228595999799225,15.589136159268675,16.961807204304957,1.3133590978090217,72.73589303522138,5.739218037291827
25,22,53,384.54581148941236,2.055697515593055,27.57250583513641,15.640441759404318,16.104920045855014,1.2407988489581518,69.649308728682,5.467954987842436
26,22,52,384.65265266804596,2.085383399188076,27.173607494992183,15.698032064494246,15.339085857412002,1.1766603491746803,66.83045251376733,5.22440323681772
27,22,51,384.9247352049506,2.1044390197359104,27.044339518369952,15.76604661292879,14.756536051306327,1.1278285352188342,64.68944550490014,5.0398256026885475
28,22,50,385.45982487796635,2.1096361236958563,27.18515200789078,15.850576437800786,14.456351868113693,1.1015605522532201,63.68155056991769,4.94761137481132
29,22,49,386.2956813593879,2.101578013044331,27.603039534949474,15.9586249764484,14.425458483270363,1.0966041021665616,63.77294801946038,4.943400203179568
30,22,48,387.38446488326406,2.085120507841848,28.322441805400985,16.09771665233928,14.49398624147098,1.0998891120838923,64.23837039898768,4.970516179505614
31,22,47,388.6328113705025,2.0665818258836812,29.379243141733852,16.276861695185435,14.461648944589559,1.096058146125084,64.21892623057936,4.96233895899129
32,22,46,389.9333838851739,2.0512656681089285,30.813474122399242,16.507778817008642,14.208180188331573,1.0758374616316322,63.20338873610394,4.879008730857714
33,22,45,391.1544623085654,2.0424569074727157,32.666667949922854,16.805980518836442,13.7242253534026,1.0383988498293284,61.15967710226356,4.717641311416588
34,22,44,392.1105325646817,2.0408540655292358,34.979871665009924,17.191612003839193,13.131183563197482,0.99281693819031,58.62790215387909,4.519066188654611
35,22,43,392.5690677839369,2.0452107276974454,37.79880670455218,17.685812873767897,12.648419239601681,0.9555526700173097,56.583924362567956,4.357059912044359
36,22,42,392.3679167639651,2.0568775699587167,41.204350301790015,18.295326010002242,12.356431549209656,0.9327238591117559,55.37869114317081,4.259116550205528
37,22,41,391.5317618111213,2.0848804551707927,45.35395810884893,19.0026541291309,12.086185604691922,0.9118043897212034,54.23975879439005,4.169050302266745
38,22,40,390.21071721485373,2.1451608891707763,50.500029871971236,19.78439518735651,11.836304815953234,0.8927166665198293,53.157931571623834,4.086396644786808
39,22,39,388.5703424495487,2.2541153177650477,56.96206735390463,20.632117108974033,11.921055302043836,0.8988607454866171,53.55836393059233,4.115903011160734
40,22,38,386.69946604814464,2.415893471247451,65.03432425241635,21.56080129451664,12.320475277317247,0.9286439174605399,55.361770092928815,4.250497751300218
41,22,37,384.6274299284943,2.6243434543463775,75.03473969502019,22.605130634888045,12.650378862191515,0.9532282198484379,56.85282574781762,4.361632954381798
42,22,36,382.40872652410195,2.874247000148856,87.27925680735301,23.79813618290411,12.710965916911062,0.9575023011032878,57.15502681354472,4.382501853305126
43,22,35,380.13789870661253,3.158526306533263,101.58659421204194,25.127823055360686,12.450297512018086,0.937484807441205,56.04755797162445,4.295712266937952
44,22,34,377.93425166143146,3.462253393735758,116.83784302219004,26.50144866015439,11.778402181017235,0.8865250883666647,53.11567004191992,4.071238741583585
45,22,33,375.90401345157136,3.7665089992552963,131.39040397892776,27.769939537719623,10.630479420147177,0.8000855192688792,48.03049281201299,3.688128783174252
46,22,32,373.985524295193,4.061941977877367,144.51393839909076,28.848943034194765,9.59245756672044,0.7224499760710719,43.369010773919165,3.341765301459313
47,22,31,371.93587448628784,4.352436680729473,156.8486398380484,29.77815979794351,10.220500469719784,0.7700795577716173,46.10462660998066,3.5463944430707475
48,22,30,370.2068611412666,4.614207777343047,165.63180175085066,30.279709492377805,11.689528326229468,0.8814778529164878,52.53140405411537,4.03452383991606
49,22,29,369.23515649445824,4.82972677159184,168.8578124070163,30.24365842732791,12.924171132063877,0.9758578891370289,57.85470368240954,4.44724266462465
50,22,28,369.0854065142988,5.002074202407109,166.73458872827726,29.791761106464165,13.793568503482907,1.0430190733882336,61.529643443768215,4.737832925845677
51,22,27,369.71220695620707,5.138873210050219,159.85113082654019,29.031143408179627,14.34190262900459,1.0861360850874069,63.77532704022273,4.920300034898004
52,22,26,370.9793859971655,5.247499196861143,149.0798211105203,28.04551664006962,14.63446229751393,1.1101826540455106,64.88200337561682,5.016319266840944
53,22,25,372.6311189110223,5.334073181345066,135.75689996869986,26.9192122741586,14.768664901453393,1.122738896781063,65.26058532737139,5.05817571545255
54,22,24,374.30636857437986,5.403883428467046,121.6159855311513,25.74107245279012,14.897289164970667,1.1357079179600884,65.54941903445554,5.096313419023644
55,22,23,375.6413444672646,5.461321872780872,108.3822387111821,24.5927976981348,15.198202870827703,1.162936033026624,66.49058900365358,5.189276198528076
56,22,22,376.4355473978949,5.508318704590041,97.18152110176638,23.533780999854905,15.771624479058529,1.2123098284813234,68.49217190462184,5.369739536024962
57,22,21,376.7213841633925,5.543769799390904,88.27954312206512,22.59427050297252,16.57921147898671,1.281054972913835,71.37271049611515,5.624547531706957
58,22,20,376.6595908693349,5.565617207020179,81.3837993751772,21.780376300027246,17.5102403481537,1.360739114525715,74.6548832275362,5.916852639466929
59,22,19,376.40924709752,5.572957973185852,76.0609506467304,21.083911270887786,18.467948717730334,1.4438666283146893,77.93759621515002,6.2147651873862175
60,22,18,376.0783938280318,5.566422827467666,71.93530302750075,20.49044743766306,19.395362660907896,1.5259052259476633,80.99968017601081,6.499809605489602
61,22,17,375.72856712465824,5.547608217518423,68.72294296526601,19.984182618178753,20.265902605088105,1.6046218947236086,83.7523250325086,6.763684291183504
62,22,16,375.3913285979133,5.518470308804117,66.21474104894699,19.55038755407734,21.070070236625952,1.6790957669233266,86.17804026640258,7.003761306301361
63,22,15,375.0813171482105,5.480950214153908,64.25511986116643,19.17636536658582,21.80680717256186,1.7490696334584108,88.29218928163988,7.2201763287704255
64,22,14,374.8041847389128,5.4367986567799775,62.72630949630856,18.851615547160623,22.478907576605557,1.8146021021377938,90.12314397566084,7.4142891329258545
65,22,13,374.5609838595406,5.387518614540554,61.537742771392104,18.567638685186143,23.090749592770287,1.875893310529225,91.7028558936221,7.58792677240705
66,22,12,374.35050157624664,5.334366087002701,60.6189181902661,18.3176209352405,23.64720477063228,1.9331995017212094,93.06261179436827,7.743023868388984
67,22,11,374.17048182602224,5.278374976469271,59.91446247825908,18.09611198808397,24.153125544741872,1.986791596014885,94.231269222871,7.8814573043340825
68,22,10,374.01826051684367,5.2203890817928915,59.38060174091552,17.89874167695611,24.613114928383865,2.0369354908545487,95.23465937742371,8.00497539812589
69,22,9,373.8910924362539,5.161093559872572,58.982565777252546,17.721987053029828,25.03143427369913,2.0838831644929994,96.09552905467092,8.115172897039795
70,22,8,373.78631602310816,5.101042900503798,58.692635407334265,17.56298756825507,25.411978352021578,2.127869178298924,96.83372041253806,8.213487958756362
71,22,7,373.7014323490518,5.040684648269262,58.488649167134554,17.41940111660392,25.75828260035135,2.1691098641765705,97.46644363971559,8.301209315784954
72,22,6,373.6341384667179,4.980379040032291,58.352847879786054,17.28929291355722,26.073544883931735,2.207803815598179,98.00857325497327,8.379487736008157
73,22,5,373.58233646966386,4.920415065699639,58.27097320190323,17.17105001352502,26.36065288288457,2.244132972168096,98.47293581429963,8.449348847631736
74,22,4,373.54412975501407,4.861023531483361,58.231560044419126,17.06331553614459,26.622212663154226,2.2782639321462304,98.87057510864616,8.511705895152714
75,22,3,373.5178127569652,4.802387666641588,58.22537858318101,16.964937926068323,26.86057628284571,2.31034930680723,99.21098997045469,8.567371760018945
76,22,2,373.5018576104589,4.744651739479269,58.244992557398376,16.874931644395627,27.077867470786465,2.340529024992884,99.50234419401757,8.617069973256742
77,22,1,373.49489966854253,4.6879280680720665,58.28440845882261,16.7924465518089,27.276005025982744,2.3689315461947054,99.75165010858925,8.661444647438309
78,22,0,373.4957229423266,4.632302738269414,58.33879605754173,16.71674391250375,27.45672389686229,2.3956749668350894,99.96492818382833,8.701069354165297
0,23,77,381.0378291951474,1.8319391442252164,52.81860124119606,15.322742991548967,27.81253145324952,2.4514758600567115,100.34108106047768,8.776076054421017
1,23,76,381.2421772153136,1.819604807381646,52.22079138367441,15.310265854225028,27.66570180291762,2.428090076963115,100.19130685210492,8.74538556462768
2,23,75,381.4491533206761,1.8077638449951707,51.57905148096211,15.298324730363039,27.50476527414648,2.4032742867302628,100.01609747011406,8.711012202193997
3,23,74,381.6581826056199,1.7965080843322694,50.89068350049817,15.287056185559077,27.328326408235995,2.3769293607732074,99.81116925100739,8.672510945793803
4,23,73,381.8685961850541,1.7859412297519044,50.152944334700734,15.276611898649229,27.13484273798484,2.3489476735667862,99.57152351976683,8.629381825291693
5,23,72,382.07962287549907,1.7761805046107138,49.36308126590144,15.267159516718351,26.922607534612307,2.319212159065535,99.29132833916839,8.581062823152426
6,23,71,382.29038131584076,1.7673585258766913,48.51838032632838,15.258883371245386,26.68973028539174,2.287595242452391,98.96378102769788,8.526921807094444
7,23,70,382.4998730304451,1.759625433434989,47.61623144979612,15.25198498062732,26.43411463643154,2.253957634597685,98.58094857644551,8.466247372856843
8,23,69,382.70697710122465,1.7531512887948888,46.65421547868472,15.246683241453812,26.15343356870917,2.218146980759494,98.13358291551819,8.398238481423501
9,23,68,382.9104472978031,1.7481287421582197,45.63021958822566,15.243214182048888,25.845101680359964,2.179996365029338,97.61090803711689,8.321992803169907
10,23,67,383.1089126932246,1.7447759362809823,44.542589586096156,15.241830115345774,25.506244690981546,2.1393226929886913,97.00037654843807,8.236493754326363
11,23,66,383.3008829160882,1.743339559503669,43.39032988835069,15.24279798178222,25.13366678885145,2.095925016553743,96.28739482828965,8.14059637058611
12,23,65,383.4847591583015,1.7440978603951183,42.17336475941396,15.246396612906217,24.723817443062195,2.049582944849214,95.45501960510492,8.033012487305616
13,23,64,383.65885168526194,1.7473632613437173,40.89287750841628,15.252912566448455,24.272761239966577,2.0000554365070604,94.48363639734949,7.912296334573509
14,23,63,383.8214035565588,1.75348390486637,39.55174738427921,15.262634072394304,23.776158009537486,1.9470805547228254,93.35064558017959,7.776832891498282
15,23,62,383.970618021437,1.762842944477319,38.155106082706595,15.275842466463164,23.2292675527295,1.8903773043825987,92.03021198365256,7.624833713665838
16,23,61,384.10468278799203,1.7758535026446776,36.71103547691227,15.292800236330919,22.62700658581097,1.8296516783052166,90.49319231652389,7.454349453116054
17,23,60,384.2217770571113,1.792945723813121,35.231422615612374,15.313734410915849,21.964110299160584,1.7646109039304458,88.70746574270638,7.263316734617028
18,23,59,384.3200363115679,1.8145399008444123,33.732972656123394,15.33881342511949,21.23549561559159,1.694993222340265,86.63909704719259,7.049672385283928
19,23,58,384.39743811401763,1.8409958321403255,32.23834816510849,15.368114847125623,20.436997906413964,1.6206260727188915,84.25511061055131,6.811593893145563
20,23,57,384.45157551031207,1.8725232201741564,30.777342504767674,15.401581123225753,19.566755282000337,1.5415330498509312,81.52915089217008,6.547961216660208
21,23,56,384.4793626828173,1.9090323902022805,29.3878814374942,15.438963713373852,18.627572633736513,1.4581138849149486,78.4516566980289,6.259158687358834
22,23,55,384.4770542872897,1.9499051074473255,28.116415621585602,15.479772483858966,17.630314776451137,1.371399389681192,75.04509297775212,5.9482488676
23,23,54,384.44200393236736,1.9936879889520807,27.016757872364835,15.523301513154045,16.597112785474565,1.2832861100781852,71.37939613577143,5.622137071311256
24,23,53,384.3799334551971,2.037771400032411,26.145457171666237,15.568924135057586,15.561361472737547,1.1965159071130609,67.57489972488962,5.2917393781221636
25,23,52,384.32399248740705,2.0781515893378595,25.55111725597297,15.616962338148006,14.567451307901385,1.1146086795144439,63.80642884120265,4.9721047501200575
26,23,51,384.3660124747553,2.109262404128661,25.258362654553835,15.670138001714246,13.700631644175452,1.0440204186895814,60.44436025934307,4.692455476764784
27,23,50,384.66606346976806,2.124474586922141,25.25951762747951,15.734506009568019,13.152604587744856,0.9989819304668333,58.355233170135165,4.517626763037028
28,23,49,385.3615386346856,2.1201406511164342,25.53818151486655,15.818020694103556,13.096117889307397,0.9921351053136236,58.33763398922264,4.505334044929491
29,23,48,386.43714157598913,2.100767630680316,26.108196688078635,15.92809756714086,13.361965816731207,1.0104272756087798,59.66884405854275,4.598693232287415
30,23,47,387.77331370934814,2.0755678289096315,27.009486585317802,16.0724696083438,13.581340444146795,1.025791706464999,60.74303014594209,4.6746479830896135
31,23,46,389.2533012346955,2.052495377262415,28.286496650691078,16.261534522042393,13.503397201280395,1.019061496362704,60.47767997116068,4.64975237425939
32,23,45,390.76903311084976,2.0368746443360526,29.984790013680836,16.509663449806517,13.03274512894411,0.9828964553653489,58.4643895964489,4.492366472920076
33,23,44,392.1661915584834,2.031043395163853,32.14936905868582,16.83726690626497,12.21816760518202,0.9209341976306651,54.917270564351824,4.218940595803377
34,23,43,393.16472928551354,2.032481776620869,34.81326604849028,17.275265277275597,11.36439815024979,0.8560513257875607,51.19027869303162,3.9316422216845366
35,23,42,393.39488184266077,2.0352350502476515,38.00588205477575,17.856108476388947,10.949934255794563,0.8240948102855852,49.42915570693831,3.7911494472057865
36,23,41,392.7494591618179,2.0427483548827294,41.831819709052056,18.56876381848948,10.778425492125201,0.8105356439333947,48.736766715277724,3.7328529516266817
37,23,40,391.4250964793848,2.0717350023955423,46.51650629838849,19.366547296531,10.296103912932582,0.7741067092591821,46.60368768793246,3.5720266826383047
38,23,39,389.677570076156,2.1487816678956677,52.44124785400412,20.219576464893997,9.958446075783348,0.7487898579743817,45.09022924035323,3.4605979585968374
39,23,38,387.70587740059705,2.2946403787333813,60.022655966312385,21.13021633343347,10.58057504765656,0.795287119650121,47.894221617807986,3.6694639577584924
40,23,37,385.49614798544474,2.496962260297543,69.52662243705726,22.139967854794374,11.339493623744502,0.8521108763055462,51.30072853006237,3.9238718730613127
41,23,36,383.05257296016293,2.7460828236710046,81.58637451727915,23.32035671291378,11.673862545132407,0.8771234117897366,52.80239045331101,4.036131007898815
42,23,35,380.4636487417356,3.0421705844647766,96.8914473192815,24.732938647208215,11.637531573304154,0.8741350898049393,52.669579202544526,4.023942232950812
43,23,34,377.8619483873331,3.374737646515487,114.82045535213555,26.333607854056453,11.222353356414073,0.842495257909928,50.869759149635584,3.8842520859762653
44,23,33,375.415190579914,3.7172178856195397,133.08455469483962,27.940114655698455,10.130413415348853,0.7601144767188114,46.035819992016414,3.517579172772309
45,23,32,373.30944842762847,4.041533160945247,148.96335280005025,29.293927345097337,7.905675294036066,0.5934812371916447,36.05390318740552,2.7763373665691757
46,23,31,371.1067738965868,4.356287948852846,163.65073436182894,30.464480093943692,6.755099827890885,0.5078276387730831,30.82563387601512,2.392908934716793
47,23,30,368.52932368182326,4.668825328933954,177.96522784068844,31.454730341888933,9.422062767427736,0.7077104774121126,42.751136039134956,3.272443920354189
48,23,29,366.96381142803375,4.915557858786103,184.4530839808336,31.5795251756563,11.310982555514478,0.8506341401193023,51.078493214553546,3.9070228902172843
49,23,28,366.40369748932534,5.1058966247538455,184.31209330708788,31.165636538386124,12.53242065079583,0.9438305037525999,56.37400047961256,4.3184200206980075
50,23,27,366.8114440257148,5.252471321837905,178.3430008404495,30.388706306481858,13.283653143228578,1.0017532782828686,59.56608386945122,4.571079512868751
51,23,26,368.12016235988176,5.366009749024874,167.1551547168012,29.33059970375008,13.662926877391817,1.0317189884916382,61.110117783613184,4.698126875137455
52,23,25,370.1240028372481,5.454346421729816,151.92132981049772,28.071995142114176,13.749724891313084,1.0398565694100141,61.35037658540248,4.726302775257005
53,23,24,372.42337205220304,5.523292150221612,134.611179843425,26.714909330466547,13.69182514529949,1.0376541610775851,60.908830272670464,4.704743879795944
54,23,23,374.4655084981175,5.578944626036395,117.72383012884832,25.369555513311134,13.755824848826059,1.0457289611751923,60.91424411248385,4.721703971635584
55,23,22,375.7867569333161,5.626273124247779,103.38356855489236,24.126741830213785,14.21037650404575,1.0848552437300956,62.501729994298174,4.865712709318745
56,23,21,376.31895198236754,5.664735253543595,92.32399496402881,23.03591431962247,15.078940039389945,1.1570965644641857,65.74249024763249,5.143773241553433
57,23,20,376.31475760427645,5.6899533322218545,84.07641746724866,22.106770123354725,16.170998609536255,1.2480817346354705,69.7957424598399,5.492184446534231
58,23,19,376.04628829521437,5.699052823363127,77.89296935124057,21.32633519794293,17.30770583604741,1.3441132454985278,73.89877922182697,5.851610128588641
59,23,18,375.68181152809217,5.692130118348785,73.19106981293987,20.673145180274584,18.39701044950654,1.437967255835998,77.68169223109352,6.191900318333986
60,23,17,375.30452238618636,5.671073069296101,69.57643057963517,20.124797470121763,19.404750424535766,1.52679353688968,81.02853226922659,6.5022954320966
61,23,16,374.9507392480838,5.638358692752571,66.78029665172892,19.66128808442847,20.32328545727212,1.609776030234384,83.93504728800161,6.78087023280542
62,23,15,374.6341505236363,5.59641202131632,64.6120213409849,19.266049910364714,21.155453110527446,1.6869252275412157,86.43754454323135,7.029137962261785
63,23,14,374.35812789010106,5.54735709803122,62.93135779263565,18.92587811812431,21.907737961100533,1.7585585723391497,88.58345395733782,7.249756931632449
64,23,13,374.1215477546735,5.492961420691077,61.63240174484737,18.63043356751215,22.58752403973568,1.825087985586776,90.42006165932717,7.445613313813177
65,23,12,373.9214735187782,5.434659440641889,60.63376578514263,18.371666926030844,23.20202775152882,1.8869348358305524,91.99056538531146,7.619470381431161
66,23,11,373.7543747102589,5.373601112382982,59.87216958504955,18.14330167936209,23.757915485746853,1.9444974367385697,93.3330178078971,7.773848130503925
67,23,10,373.6166709822692,5.310702905241705,59.298020104248366,17.940414427993655,24.261200485538787,1.9981403558343624,94.48038256534117,7.910996333570539
68,23,9,373.5049649816659,5.2466931495257825,58.872232491795955,17.759109906003538,24.717251623854278,2.048192740764465,95.46098714347367,8.032904488878286
69,23,8,373.41613192053023,5.182149719295703,58.56387419079712,17.59627503403269,25.13084380057522,2.094950222256352,96.29908262529536,8.141324966087009
70,23,7,373.34734354310916,5.117530405814786,58.34838355166637,17.44939465404128,25.50622027863791,2.1386780516671573,97.01539522363653,8.237799394229341
71,23,6,373.2960626534122,5.0531970721333614,58.206204679098974,17.31641387559622,25.847154685255383,2.1796144724680984,97.62762760079276,8.323684230272388
72,23,5,373.2600251176162,4.989434771583636,58.121731751789255,17.19563510294031,26.15700798466441,2.217973917006081,98.15089858007217,8.400174007894542
73,23,4,373.2372172631258,4.926466879355507,58.08248742770549,17.085640697787973,26.43877902760765,2.2539498828170323,98.59812231028077,8.468321875049876
74,23,3,373.22585236270504,4.864467097789218,58.07848032123009,16.985234565439317,26.69514867889122,2.2877174579723896,98.98033255910617,8.529057492557776
75,23,2,373.22434788402984,4.803569016601596,58.10170050763358,16.893397732955908,26.928518067668833,2.3194355129796813,99.30695905867356,8.58320254087618
76,23,1,373.23130422634836,4.743873758468456,58.14572199029428,16.809254310540872,27.141041669021053,2.3492485942549886,99.58606268047525,8.631484129289007
77,23,0,373.2454852064114,4.685456120318306,58.20538840157511,16.732045195476687,27.33465592621141,2.3772885580526375,99.82453555212855,8.674546394463285
0,24,76,381.21733932937053,1.8125137236114317,52.39538020615332,15.295603571694054,27.71649908485293,2.4359092603351398,100.24571787270283,8.756201749855487
1,24,75,381.4273412930416,1.7998000417789553,51.76135069837824,15.282237394463209,27.55967912278025,2.4114570322191327,100.07889634244816,8.722961470874019
2,24,74,381.6398074400034,1.7875922675404796,51.08025292170477,15.26943666265693,27.38763393680202,2.385486320611574,99.88355147738018,8.68569753580502
3,24,73,381.85408627967684,1.7759868895538138,50.3491142414273,15.257349062226819,27.19882515708562,2.357888202134981,99.65482466100862,8.643915671012202
4,24,72,382.0694178581052,1.7650933789047412,49.5648946085869,15.24613901789788,26.991544976958586,2.3285437460558187,99.38702923596473,8.597058496891881
5,24,71,382.284923308692,1.7550361126511267,48.724521593972625,15.235988690403666,26.763894357826974,2.2973227557297395,99.07350771555657,8.544496779593603
6,24,70,382.49959470294436,1.7459566087879814,47.824939190746576,15.227098820255348,26.513757784201143,2.264082301357402,98.70646354965541,8.485519293614065
7,24,69,382.71228578410756,1.7380161183103988,46.86317484114126,15.21968932902058,26.238773926487884,2.2286650042526404,98.27676267590039,8.419321041931239
8,24,68,382.921704383804,1.7313986201415958,45.83643060113123,15.21399956007582,25.936301463337283,2.190897026866381,97.77369921841573,8.344989537152049
9,24,67,383.12640757580976,1.7263142583595878,44.74220628843432,15.210288003570518,25.60337922481076,2.1505857186453454,97.1847187862658,8.261488807082761
10,24,66,383.32480088745234,1.7230032422267287,43.57846499147544,15.208831302463663,25.236679788172303,2.10751686912325,96.49509203689676,8.167640765940629
11,24,65,383.5151431049033,1.7217401867289959,42.34385458086231,15.209922274323265,24.832455790370876,2.0614515343718867,95.68753089967205,8.062103621185834
12,24,64,383.6955582357813,1.7228387840889288,41.03800295555543,15.213866601128036,24.38647873180283,2.0121224478599036,94.74174099232344,7.943347137628991
13,24,63,383.8640557501992,1.7266565274394643,39.66190964805405,15.220977725741708,23.893971396783005,1.9592301372847065,93.63390827468652,7.80962500984089
14,24,62,384.01855876446217,1.733598887796164,38.218461795814946,15.231569327996983,23.3495381935834,1.9024391200018695,92.33613016662275,7.6589456332522365
15,24,61,384.15693633592184,1.7441217490514167,36.713107469363976,15.245944492921854,22.747104832215605,1.8413751006789156,90.81583057613634,7.489044928316072
16,24,60,384.277028641305,1.7587298047328073,35.154721994129105,15.264380241892948,22.079894330796947,1.775625285204251,89.03526488169732,7.297370096770375
17,24,59,384.37663928827277,1.777966606365168,33.55669960664876,15.287105301518768,21.340499936955094,1.7047464699745505,86.95136851167445,7.081094539453919
18,24,58,384.4534423205875,1.8023883223057382,31.938287683941894,15.314267513707694,20.521186631336825,1.6282909142955184,84.51652136779012,6.837208321906136
19,24,57,384.5047070093947,1.832506912465199,30.326145545615546,15.345884658384612,19.61469676609627,1.5458707686063857,81.68145672516128,6.562777788486124
20,24,56,384.52668572603807,1.8686780706819324,28.75604278126096,15.381768461759048,18.616094630163712,1.457301098902398,78.40275135176857,6.255557518945799
21,24,55,384.5135055833839,1.9108955087130908,27.274485384474843,15.421409066144907,17.526499927795108,1.3628845878773828,74.6588835283061,5.915250458573614
22,24,54,384.45578709837537,1.9584472494547143,25.939749887904668,15.463824139776502,16.359242007355963,1.2638754638066025,70.4777526740622,5.545621953806714
23,24,53,384.34118140577607,2.0094370583849956,24.820834000502373,15.507480566519977,15.145345026106666,1.1628845815077806,65.96291029565134,5.15649040394373
24,24,52,384.1651501166,2.06034061447417,23.990194591196953,15.550718793993793,13.926116607037699,1.063294205994554,61.26519140809976,4.761573142611554
25,24,51,383.96981713263665,2.1057518329224907,23.503215274846724,15.593476597195398,12.737061372786082,0.9679739256921089,56.51926578156232,4.373539573009153
26,24,50,383.92009321674504,2.137360895188266,23.365231810791343,15.640225145105454,11.719673116892745,0.8875116079265852,52.35758391131456,4.041385849044941
27,24,49,384.3173091560141,2.1438291338462414,23.52327350846967,15.700839321632973,11.377930163982315,0.8592976929537063,51.07175074955671,3.9343289956988614
28,24,48,385.2915068805189,2.123900479850773,23.95095318600329,15.784681101275321,11.879153405201823,0.8954054879136921,53.449847051177606,4.1069412932121
29,24,47,386.65789720615777,2.0915999093227446,24.697119227711454,15.897652499311866,12.52608831424118,0.9431532571900074,56.40818202277509,4.326062824712497
30,24,46,388.2416288726762,2.059489717286631,25.81651732781124,16.04801601896778,12.802344730827729,0.9633550866616475,57.68817416540568,4.419612167451183
31,24,45,389.9522139862162,2.0350809955013465,27.357270019286787,16.248497160527197,12.528781339647223,0.9422931048121795,56.52079426215522,4.327949328879168
32,24,44,391.7075651145209,2.023413344058662,29.3745584767223,16.516421766762363,11.64148802307634,0.8751370026789517,52.61972132721856,4.029803663209582
33,24,43,393.32717882745294,2.0258947118391992,31.92164438292123,16.87818367871801,10.215228528648941,0.7676471144910018,46.29260547954518,3.5505016531596114
34,24,42,394.297481628853,2.032159043783915,35.00030275901088,17.391065669018385,9.099676887756486,0.6834705859695245,41.346863491247305,3.1743566313435823
35,24,41,394.0234589004905,2.0281941330326236,38.604836892940625,18.10328762812718,9.305546542796636,0.6980760288605755,42.35592161651456,3.239487717270741
36,24,40,392.7918357463789,2.0306050779995837,42.9223582790723,18.932352864248553,9.135228123505327,0.6849521897549934,41.629683878444204,3.181674917517513
37,24,39,390.9205206884022,2.0622139920401352,48.235509118499735,19.809767630167716,7.733080420224153,0.5803339495566552,35.288969341164886,2.716752126343385
38,24,38,388.81584922948605,2.1778491967207123,55.25154623298761,20.71366239041237,7.9915093323408675,0.5996973224394334,36.45248432622075,2.804445743770348
39,24,37,386.53605483450616,2.3760067798851607,64.1658195691112,21.67105498830878,9.723127304103052,0.7290542274665807,44.267739733214356,3.3817261058486303
40,24,36,383.9051673485585,2.617493005738753,75.21912658052722,22.763295559816886,10.466519859517266,0.7848080163203455,47.59604016460933,3.6307304418624535
41,24,35,381.012089577013,2.9110982734647584,90.0911867599886,24.13245324111555,10.580357092600218,0.793349059039364,48.102335040810054,3.668847744357167
42,24,34,377.9850237342482,3.266638672719708,110.041626108274,25.880412329488863,10.516343876528262,0.7882430546494088,47.84706755323595,3.646197476500432
43,24,33,374.9846576735062,3.6562247765378633,132.82609919169934,27.851628830799495,10.042777696951639,0.7522655860062729,45.76939424776944,3.484493595750147
44,24,32,372.1926883506169,4.037575102539331,154.690511520573,29.77193343168654,8.468210820240493,0.6340460858260816,38.70358505039906,2.9519522057243397
45,24,31,369.8272443673502,4.3821970170263835,172.62205723969228,31.3418492152101,4.6013228958215295,0.34587943682257305,21.16705319815096,1.6673522408585155
46,24,30,366.61229842385205,4.740487985693979,192.12393422109474,32.887317468596,6.644072604993789,0.4978426260979674,30.405499453967533,2.3323800765754825
47,24,29,364.47176901667854,5.018016714223592,201.61588011672475,33.077221519900974,9.472470132434925,0.7101692473002111,43.1004156147243,3.285752180928966
48,24,28,363.4160209998772,5.226625577740641,203.70139266813317,32.65189368711421,11.137454209523126,0.8360920721979559,50.46135552827671,3.8495861239067266
49,24,27,363.4185082162894,5.382427545004541,199.4788802811922,31.87367964168989,12.151590061905237,0.9133373723017413,54.87701901021141,4.192870520671171
50,24,26,364.5485066092305,5.49972855247483,188.84874579802178,30.775976201495965,12.701331275551787,0.9556438735025967,57.22561720617765,4.378884372581386
51,24,25,366.73578173038,5.58972932344809,172.35473681493355,29.40359264450488,12.83008268537437,0.9662783317288804,57.7098496561366,4.422844698015654
52,24,24,369.6603338312485,5.65775058190575,151.77004579150926,27.85609548702269,12.607458926183783,0.9507076047802565,56.62016999225587,4.348319330069987
53,24,23,372.6733826226063,5.7087516255071336,130.14907601923298,26.27374916052788,12.284994264521782,0.9283651018587714,55.0256836474613,4.239137010922045
54,24,22,374.8888162212439,5.752242524837974,111.19614556716266,24.79625119260761,12.395303517530305,0.9400560380120959,55.222245275253954,4.271921325146864
55,24,21,375.8458984482284,5.792885988011685,97.06894978758851,23.512829575520247,13.266257133397348,1.011058550019355,58.60203453104611,4.554399461284182
56,24,20,375.9105174258723,5.822951490078227,87.13071400494871,22.442436197140825,14.586118814166165,1.1180821035646424,63.758759873382814,4.981967393381654
57,24,19,375.5963828374036,5.834984476456321,79.96332869203474,21.563870081899935,15.97664508342153,1.2324335652353242,69.04088685226559,5.428607601994733
58,24,18,375.179576984196,5.82789564374217,74.62063806265405,20.844467602351155,17.280045310936867,1.3418707352367694,73.79546681418431,5.842191817530482
59,24,17,374.76909798832446,5.804119959362155,70.55882941298441,20.251994704367497,18.45833197529185,1.4431895378872648,77.89856840558046,6.210743948297731
60,24,16,374.40132057181,5.7669981036838225,67.44095874183765,19.759009930441394,19.512737322793065,1.5361954180155832,81.39191332818004,6.535397842227993
61,24,15,374.08479699564737,5.719672291766359,65.03856585829115,19.34379616543569,20.454725130617,1.6215163582315462,84.35471202091422,6.820643048485763
62,24,14,373.8180909656821,5.664768363008524,63.18713736699465,18.989760716885094,21.297231606385797,1.6999326885229256,86.8663261091376,7.071375484630047
63,24,13,373.5965786073349,5.604379302115523,61.76391501283605,18.684393706322584,22.05223641090379,1.7721852183406446,88.99686032518254,7.292084869885077
64,24,12,373.4149741201736,5.540141244551627,60.67535795149418,18.41827010094334,22.73023872949457,1.838929166608328,90.80590016012243,7.486686808838816
65,24,11,373.26821736169524,5.473324098002708,59.84927312458319,18.184243323181118,23.340292324649912,1.900731957241054,92.34347712630634,7.658543946449736
66,24,10,373.15174139952904,5.404911843401074,59.22948365642763,17.976838041920935,23.8901845258098,1.9580830679770274,93.65148777643842,7.81053523491563
67,24,9,373.0615130633271,5.33566717114542,58.77202608691617,17.79180675437624,24.38663091564797,2.0114058915285873,94.76504821789541,7.945129646673791
68,24,8,372.99399718873065,5.26618157885129,58.442347252757216,17.625809732502468,24.83544893003748,2.0610685920873113,95.71365582075595,8.064451817792019
69,24,7,372.94610090774853,5.19691366917526,58.21319534178643,17.47618444888537,25.24170318716768,2.107393256577238,96.52215020024144,8.170337228171986
70,24,6,372.915117804019,5.128218355540231,58.06301297020099,17.34077890950629,25.609824521159386,2.1506633833676623,97.2114990686003,8.26437766981328
71,24,5,372.8986779028826,5.060369204393231,57.974702764692196,17.217830428053695,25.94370696520495,2.191129955116554,97.79943996852526,8.347958535641817
72,24,4,372.89470448081846,4.993575626605501,57.93467371087357,17.105876755727905,26.246786940264855,2.229016364232419,98.30100583807298,8.422289463229195
73,24,3,372.901377087548,4.9279961973465625,57.9321011587496,17.00369035218091,26.522108275635553,2.264522425837281,98.72895741944569,8.488429646383244
74,24,2,372.91709982339836,4.863749050516641,57.95835042047071,16.910229309994094,26.772375972259326,2.2978276686614056,99.09414082692547,8.547308875198754
75,24,1,372.94047397229184,4.800920046803309,58.00652617727475,16.824600349806673,27.000000990531202,2.3290940535650773,99.4057846855388,8.599745141966434
76,24,0,372.9702742491818,4.7395692340155,58.07111898442062,16.746030631996483,27.20713783737044,2.3584682360143656,99.6717481695721,8.646459469329763
0,25,75,381.40098971024906,1.7927192991890077,51.957580435250264,15.26707175692409,27.61635004929092,2.419998407249905,100.14217948290334,8.73519671412548
1,25,74,381.61677755911626,1.7796008555151195,51.2860372775241,15.252772213028061,27.449085566379587,2.3944521240971075,99.95681857367161,8.699256115967312
2,25,73,381.83484860863723,1.766997956937225,50.56415050006996,15.239071892466306,27.26541872754534,2.36729561906764,99.73956418290236,8.658929090528405
3,25,72,382.05446734199137,1.755011395391636,49.788652418946626,15.226131116298316,27.063658404884347,2.33840958553478,99.48492556936866,8.61366830974771
4,25,71,382.27477327533666,1.743756026776798,48.95618130997126,15.214128884731192,26.84191935046815,2.30766305078459,99.18645772671346,8.56285433891541
5,25,70,382.4947679301547,1.733362987621879,48.063314975526325,15.203264072693619,26.598095168064894,2.274911754209148,98.8365903343772,8.505784990679084
6,25,69,382.71330190816406,1.7239823113299706,47.106618732493544,15.19375646507323,26.32982638499436,2.239996213357847,98.42642370960554,8.441662775510373
7,25,68,382.92906275345587,1.7157860189181733,46.08271282771314,15.18584752839137,26.03446247728237,2.202739401490597,97.94548448645955,8.369580019190089
8,25,67,383.14056458433726,1.708971769810586,44.988366076767235,15.179800780057132,25.709016384563764,2.162943938927614,97.3814318593087,8.288501101696784
9,25,66,383.3461408493775,1.7037671663736513,43.82062496644984,15.175901570139565,25.350109648242853,2.1203886735100843,96.71970281095174,8.197241123801817
10,25,65,383.5439419934778,1.700434806592459,42.57699078104521,15.174456030669234,24.9539058092254,2.074824492648444,95.94308170389687,8.094440123873854
11,25,64,383.73194025128566,1.699278162513008,41.25566176855713,15.17578886919276,24.516029128534655,2.025969172700364,95.03117594094421,7.978531752505741
12,25,63,383.9079440620385,1.700648307611107,39.85586322335038,15.180239579022192,24.03146514047262,1.9735010388154879,93.95977538971461,7.8477050963854085
13,25,62,384.0696243676711,1.7049513837866863,38.37829580622292,15.188156494119706,23.49443931294951,1.9170512037263534,92.70007005314174,7.699858223017005
14,25,61,384.21455355311593,1.712656407930548,36.825741328281595,15.199887902477538,22.898270999049874,1.8561942412853099,91.21770145561779,7.5325422686848444
15,25,60,384.34025342496835,1.724302408793272,35.20387473835122,15.215769083394187,22.235204091791648,1.7904374959511866,89.47163773089756,7.342896241942498
16,25,59,384.4442381288505,1.7405026369020122,33.52233886238683,15.23610350290581,21.496228971372588,1.7192102592764755,87.41291520949133,7.127577061578859
17,25,58,384.52401456460854,1.7619410623523057,31.796139793914733,15.261135143436068,20.670946973450707,1.641856850939434,84.9834453072584,6.8827016017499805
18,25,57,384.5769529968389,1.7893512900187765,30.047407980426172,15.291006263287374,19.747625806125534,1.5576450048500237,82.1155127062609,6.6038502723411945
19,25,56,384.59983726453174,1.8234578939179027,28.307534442191283,15.325689014625677,18.71384389478476,1.4658197334484644,78.73370968549133,6.2862662045830655
20,25,55,384.58770200267054,1.864840600532153,26.619632624826735,15.364866896847492,17.55872594693593,1.3657780696905388,74.76380366730099,5.925589922324786
21,25,54,384.5312420716662,1.913647873856208,25.04120543314832,15.407719875731498,16.27899729324245,1.2575312587892111,70.1587253673706,5.51989077127906
22,25,53,384.412031560939,1.969052546379983,23.646688318691744,15.452556294436903,14.891995068130427,1.1426865790295728,64.95658360733205,5.0740944607732965
23,25,52,384.1978892830765,2.0284455815051103,22.527903344623397,15.496411273294761,13.449702375736663,1.0254933111753615,59.346307797379275,4.604951228360007
24,25,51,383.85671813614914,2.086995561674187,21.78282863868992,15.535664384192891,12.001645418845628,0.9100164248963593,53.509784980922824,4.129310970085942
25,25,50,383.43746281794995,2.1381509395415006,21.472807767350005,15.569909286533816,10.479021128403927,0.791328302036097,47.11505366186452,3.6264419212970997
26,25,49,383.2787448331632,2.168245871027236,21.547732597041318,15.608300065779812,9.191941387386466,0.6924558316034263,41.57698647256836,3.204009228570207
27,25,48,383.9887278253569,2.154332866186225,21.85806525127667,15.668179273777959,9.764862331061668,0.7340520472462507,44.28259612031529,3.40144991008645
28,25,47,385.34720339109225,2.1142122648015804,22.44881559179339,15.754508558411583,11.161425161474202,0.8381860052746101,50.591494990134336,3.8712084518930454
29,25,46,386.9647770773323,2.0721974053418766,23.414346022335437,15.870991675263777,12.023120847164908,0.9026155322224884,54.46048568173044,4.160886015356044
30,25,45,388.74451978322736,2.0373050163552797,24.797626291572712,16.029060938652513,12.154277184445808,0.9122332685466823,55.067350267830975,4.204803412676443
31,25,44,390.66453840866643,2.01550131820312,26.65235427050132,16.245186503923208,11.509497208148682,0.863519965928842,52.222108694007666,3.9877001211985883
32,25,43,392.6914924551898,2.0131529591733055,29.059540279092573,16.539104743357584,9.93735692298431,0.7453136087975553,45.216571319294566,3.4593245857865473
33,25,42,394.6536970195854,2.0331971767775365,32.10111145500662,16.937973264942592,7.148459563304755,0.5366007024100431,32.672290625064704,2.5276812143959364
34,25,41,395.2205215852084,2.0373929212990762,35.63891625919591,17.597374292886172,6.886463763280879,0.5163937911135723,31.539163534382144,2.4331150127931687
35,25,40,394.19274156608986,2.0251037649099755,39.75724425461699,18.481954398127613,8.382142919643524,0.6274563121695214,38.35495582830334,2.9258859259935144
36,25,39,392.45096108544624,2.0322672698799362,44.766192856949715,19.402048453140686,7.461601471809843,0.558771436911193,34.187908909243156,2.6196868290022275
37,25,38,389.97843747666894,2.0677307552786877,50.857959480780366,20.335375236864987,2.056693581215448,0.16073714619948093,9.693980159086001,0.937115571866991
38,25,37,387.77488195000154,2.2759451988014785,59.68779946107142,21.26009917152849,7.905377895450439,0.5920798439992551,36.18695758752138,2.7713670970478215
39,25,36,384.98972742417624,2.509995452126121,69.71711058522504,22.25170254011375,9.306171405244186,0.696778939981789,42.50799089651717,3.2392788717972416
40,25,35,381.8197010028789,2.7810156363035077,82.2758720284331,23.423588645738803,9.295473422437937,0.696213176672112,42.43151245648001,3.2366344453017892
41,25,34,378.40011760809335,3.134115218218776,101.8012000943576,25.10975294349248,9.221851484258089,0.6906997779662646,42.095818848469584,3.21144940293702
42,25,33,374.8611575686724,3.5718118474945495,128.90288578659235,27.367208203095807,9.557155225396198,0.7153848486990753,43.64127382668429,3.3201390232032644
43,25,32,371.35872638001035,4.017558120041842,157.1036634112288,29.754315854934536,9.201002740145176,0.688383188853485,42.05601608959788,3.1949784162134964
44,25,31,367.86064293230993,4.439537954683793,183.80561646853278,32.16405403329593,7.475279802934543,0.5593125704735934,34.23303212593944,2.608431640563793
45,25,30,363.81378680644053,4.86213157076831,211.91957917087353,34.991235063479294,3.0584211093156592,0.2323483025297168,14.169589314879058,1.1897343980229185
46,25,29,361.75546666701365,5.140975305130114,220.38093842815755,34.72584901344489,7.491992331270274,0.5609653841230036,34.28307831308936,2.619492631426269
47,25,28,360.2694278824062,5.365989827014706,224.09348737243408,34.16587762324671,9.622668860369993,0.7208139552267954,43.85148822934497,3.3380607946272756
48,25,27,359.6848065521733,5.531553075260313,222.50023865501794,33.41722491362469,10.876213449796376,0.8155385013781457,49.400770825977744,3.7633760818408692
49,25,26,360.3388311257273,5.649763413704478,213.8981269757375,32.351077527495725,11.674982687142645,0.8761537151082848,52.90511531734328,4.034339240787571
50,25,25,362.3819035641249,5.740349260852483,197.55840028778493,30.924895730652818,11.986385929047385,0.9000768728022788,54.24428825104947,4.140679789864128
51,25,24,365.68996188442003,5.810265768783131,174.47221695411704,29.20463133826101,11.764689454702438,0.8839263685795753,53.21421106708771,4.067645629758979
52,25,23,369.75757979820054,5.857810975124699,147.5548718091182,27.35292090196777,11.050298873316212,0.8310550128738636,49.96414696656756,3.829326480592987
53,25,22,373.46276350766806,5.890151957166924,121.73714301145296,25.5722381416765,10.372800217761462,0.78196797983948,46.788573499158375,3.6028159930628587
54,25,21,375.28888478363734,5.928251163085637,102.7132525052418,24.03303141124143,10.973890824042774,0.8308909840076388,49.13682050609795,3.799585062199661
55,25,20,375.4307965125982,5.965695151657424,90.62937687241936,22.785145803788968,12.657330796351987,0.9637219629740411,56.05663384937825,4.352306595479509
56,25,19,375.01252045894336,5.982825328917766,82.37608854030326,21.790614468852674,14.440787695621568,1.1065451314330152,63.17686049944422,4.933491685028199
57,25,18,374.5184899701071,5.975865677703023,76.32081774426078,20.998050696586176,16.035642060314053,1.2371669682339597,69.274564248246,5.447014031573181
58,25,17,374.0749113989208,5.948556642621901,71.74725316414188,20.360339195474648,17.426019532188562,1.3539386461803438,74.3383377975056,5.888252068194134
59,25,16,373.7042956759467,5.9057743232022215,68.25487032137585,19.839387611694967,18.640164516680326,1.458631732425592,78.53933490133713,6.267470492801339
60,25,15,373.4024582268285,5.8517395604119855,65.57801098379649,19.40658855794495,19.70682501541308,1.5531332812710732,82.03967173429619,6.595056780679849
61,25,14,373.15977514173704,5.789740791571107,63.52599011610239,19.041146942020724,20.649460188082273,1.6389871895096373,84.9696581991383,6.879530190077647
62,25,13,372.966828872742,5.722253858096469,61.95679096676582,18.728058205464713,21.486672429868324,1.7174119432639052,87.4318458719103,7.127680691553042
63,25,12,372.81562254616347,5.651126131359037,60.76258820554949,18.45642987359204,22.23332624325223,1.7893753717195324,89.50746254443135,7.344952301987421
64,25,11,372.699587663456,5.577737190487442,59.86060248203087,18.218252668589937,22.901480170688895,1.8556584296008694,91.26159237384415,7.535767276347988
65,25,10,372.6133291052218,5.50312155425417,59.18683208529269,18.007542717391384,23.50106858624146,1.9169019883946938,92.74697362335795,7.703766369443378
66,25,9,372.55236829134276,5.428058397854705,58.691543291866225,17.819751759896143,24.040390476460434,1.9736402485698177,94.00675750103264,7.851983210891941
67,25,8,372.5129406664686,5.353136379631822,58.335933177413125,17.65136167835764,24.52646252475735,2.0263247008606307,95.07653665108901,7.982971776988623
68,25,7,372.4918466949955,5.278800598215897,58.08962008822371,17.49960383106911,24.965278300673628,2.0753415544146465,95.9858630590832,8.098901044091756
69,25,6,372.486343578616,5.205386905703559,57.928738953795914,17.362262819875582,25.36200206061456,2.1210246338529344,96.75940465994856,8.201626541056559
70,25,5,372.4940655007958,5.133147267487046,57.83448729784435,17.237537719021518,25.721116360533784,2.16366509513638,97.41784172207878,8.292745410705066
71,25,4,372.51296334568065,5.062268730678022,57.79201064790125,17.12394276028211,26.046536481969536,2.203518872611749,97.97857218710854,8.373639497484007
72,25,3,372.5412577430297,4.992887777492085,57.78954503255936,17.020235387718436,26.34170058384385,2.2408124803156992,98.45627409092548,8.445509585630381
73,25,2,372.57740141111856,4.925101303708298,57.81775494166081,16.925363499205858,26.609641783487994,2.275747599023346,98.86335916180418,8.509402981947304
74,25,1,372.6200481855804,4.858975097368339,57.86922033174804,16.838426281300052,26.85304655670939,2.308504752541036,99.21034220904694,8.56623600969311
75,25,0,372.66802702971563,4.794550443167178,57.93803760281325,16.75864477594116,27.07430261593091,2.339246290195315,99.50614440025366,8.616812550944998
0,26,74,381.58884173399383,1.7725578676503395,51.50602096042168,15.237086931109086,27.512175206238872,2.4037679257239737,100.03018109354657,8.713061966845373
1,26,73,381.81056443524074,1.7590066903209283,50.79579796636506,15.22180802718028,27.33403289627946,2.3771032613939043,99.82475342277499,8.674273298566922
2,26,72,382.03437417841633,1.745977023027168,50.031836452404875,15.207166998101066,27.138256719284232,2.348733888219313,99.58377757987626,8.630714345319104
3,26,71,382.25944373694983,1.7335734002477468,49.210554894682204,15.193338518136036,26.92299391299783,2.3185296251968905,99.30107399838653,8.58178116555264
4,26,70,382.48480214913275,1.721915424261042,48.328246599994316,15.180518253413348,26.68617089024821,2.286346840215422,98.96936973612047,8.526787930983872
5,26,69,382.7093185600473,1.711140271290787,47.381110528869584,15.168924326903076,26.42546034471918,2.2520264222278343,98.58009553736609,8.464954151347676
6,26,68,382.93168588038225,1.7014056904304393,46.36529684806716,15.158798627433859,26.138241749104015,2.2153913196044956,98.12314100856061,8.395389390196266
7,26,67,383.1504050683882,1.692893603902002,45.27697271220481,15.150407846022336,25.821553463906618,2.1762435222913488,97.58655749458785,8.31707482113489
8,26,66,383.3637712545188,1.685814441460984,44.11241592059258,15.144044080111584,25.47203406838694,2.1343603228265815,96.95619496259485,8.22884075770611
9,26,65,383.56986348218226,1.6804123695846052,42.86814712291087,15.140024790619528,25.085849674132653,2.0894896314600038,96.21525464259061,8.129338987872389
10,26,64,383.76654054792624,1.676971605342469,41.54111550864258,15.13869182438445,24.658602778285942,2.041344035981219,95.34373277115183,8.01700831765178
11,26,63,383.9514462694563,1.675824029344533,40.128958871244606,15.140409120771238,24.18521650405426,1.9895931767234176,94.31772171804072,7.890031123796046
12,26,62,384.1220283753802,1.6773583165383918,38.63036714503494,15.145558598356207,23.65978565680874,1.9338538376406662,93.10852192244005,7.746277860032549
13,26,61,384.2755757607902,1.6820307522646574,37.045589531644026,15.15453355200938,23.075382671701302,1.8736769208939814,91.68150008481425,7.583235274422943
14,26,60,384.40927825248025,1.6903777135842097,35.37713946136512,15.167728652626694,22.423802172005473,1.8085301734850165,89.99460506783629,7.3979125440069105
15,26,59,384.52030932125376,1.703029293497719,33.630768276044066,15.185525259050086,21.6952232288891,1.7377752315041044,87.99642530114191,7.186717850840606
16,26,58,384.60592086470206,1.7207223295454104,31.816794926838753,15.208270037371395,20.877767309127133,1.6606375359126302,85.62365565199414,6.945297372199529
17,26,57,384.6635097807405,1.7443082726027774,29.951888286888163,15.236243334521106,19.956946804972915,1.5761690570440707,82.79790040072743,6.6683341022904505
18,26,56,384.690543340739,1.7747448479816192,28.06138854420533,15.26960998515942,18.915084918525263,1.4832103879366323,79.42209831345346,6.3493325520009405
19,26,55,384.68405080299203,1.8130455003586112,26.182213134744927,15.308335337559887,17.731117682536755,1.380383775440942,75.37830446736318,5.980526408733239
20,26,54,384.63893634777094,1.8601255138712722,24.36634935846996,15.35202222136909,16.382355013901325,1.2662363243501478,70.53379397472666,5.553440177014652
21,26,53,384.5432354666243,1.916401507656035,22.685082047820273,15.399551781045403,14.85361038638499,1.1399393609692503,64.77987988374555,5.061934382651106
22,26,52,384.3661738149856,1.9808424777042264,21.234822334843685,15.448258305662119,13.168689193196183,1.0036631093615351,58.17212587352504,4.512831890195994
23,26,51,384.0371556946534,2.0492837554057037,20.143959018733497,15.492517458460355,11.450251276205806,0.8670547333761514,51.2043907952283,3.946433007261482
24,26,50,383.4608748002146,2.1146086629356113,19.554442578691123,15.524815267234374,9.784639899527791,0.7370281191726081,44.21914739173252,3.3929114713012583
25,26,49,382.67689088082244,2.1728731669257484,19.525703116346563,15.545561029018149,7.494186342031272,0.5631866035962924,34.143747289125436,2.6333044521990185
26,26,48,382.5761271479292,2.191186609168387,19.83493243597239,15.57761537450726,6.236750559220662,0.468740837509818,28.552015770917247,2.2286130286485357
27,26,47,383.953897618554,2.140121528890153,20.258069776283435,15.64369112205522,9.376179967497052,0.7028367238791966,42.75359070757284,3.272707750127543
28,26,46,385.54890881789953,2.0887777885410856,21.082873858976427,15.73201071740284,11.118839161533396,0.833387690972169,50.572479871306044,3.857542223451716
29,26,45,387.27996171496426,2.04448067885709,22.326108025181398,15.85296663304678,11.796679551906022,0.8842240018053896,53.603736438638265,4.085229072899562
30,26,44,389.169170129854,2.0106723856360684,24.01683963804561,16.02368994713743,11.602601016017788,0.8695303971429716,52.74977554333906,4.01938251004902
31,26,43,391.24018288300647,1.993907831047018,26.23413562772106,16.268186110774465,10.51460245425506,0.7877223191210981,47.901569200527504,3.652615147243872
32,26,42,393.4877565302614,2.0039512076503643,29.106680192899674,16.615103976101146,8.215606595705603,0.6155170901245289,37.57173998800247,2.880682482984958
33,26,41,395.5435957684588,2.040041960605682,32.7253493246439,17.119604075593493,4.373556094074644,0.3296374104597284,20.152381535219437,1.6153141851279837
34,26,40,395.1546207935502,2.0325389708541275,36.79856748816684,18.031560150985687,7.567407469208033,0.5663782134225749,34.68272962162538,2.650498604463085
35,26,39,393.9714663895067,2.045573336757736,41.817089693313875,19.006529831199565,8.320567304688312,0.6224407425004581,38.105109507999295,2.9002247093238958
36,26,38,391.963584474132,2.091689835248707,48.09087458247065,19.963571895881078,7.237283740070318,0.541862952934193,33.172519229614394,2.540462026164094
37,26,37,389.37689225092896,2.225821353390563,56.35696989024001,20.91266629912126,7.409294761643433,0.5547273488392169,33.957897656987186,2.600085844056309
38,26,36,386.35345139336783,2.446622386108455,66.39425247213732,21.88829606724426,8.694406830071088,0.6505092393792989,39.797162988869346,3.0300221785607095
39,26,35,382.87319191624414,2.6977562590382953,77.13799983874668,22.894512728757043,8.462166767770578,0.6333373432672099,38.73153343305119,2.954097185262688
40,26,34,379.1209779358098,2.989850276000025,90.94425319097013,24.11898720159983,7.032286259995993,0.527040890341251,32.22345707189644,2.4814615760203322
41,26,33,375.1012167795296,3.4616895659109934,120.79759774145737,26.51457075573565,8.047624070735914,0.602480862580518,36.83658368865719,2.8146742675096657
42,26,32,371.03921705621616,3.9800963794853463,155.4650241434099,29.269479337975135,9.13656772206955,0.6834693325264392,41.78234882960446,3.1738501000756227
43,26,31,367.0233842766897,4.449745414161699,186.80881514591212,31.84074118506558,8.864130984911425,0.6630100191972774,40.54588382697012,3.07823491495566
44,26,30,362.94326758212054,4.881114242268375,215.3944553836982,34.3091374084602,7.303356065021359,0.546699521150279,33.46053576366263,2.5571414328183826
45,26,29,359.50955589953446,5.245164038933188,235.344599524042,35.645628275265196,6.7446970656053455,0.5051270599897223,30.94103894694133,2.375668599790479
46,26,28,357.30840209571875,5.512593028265285,243.287759731353,35.41261800384403,8.201245043419187,0.6137536317845046,37.530581030882914,2.8597284632204047
47,26,27,355.9143647097069,5.701389104081505,245.67613165530824,34.85166897905516,9.329005359643624,0.698564454765294,42.570053435497755,3.2417781306523636
48,26,26,355.7452352158969,5.817358016959145,241.12662671966598,33.96117715509181,10.431549497100024,0.7815511147427303,47.484723732553654,3.6147710660069685
49,26,25,357.1892006663825,5.902959467973015,227.25762342191473,32.61325500581634,11.080879666479778,0.830531610681501,50.3679778624544,3.834936461725212
50,26,24,360.3919284139272,5.977867690141849,203.56955474425058,30.795192262608698,11.11490480297344,0.8332677291677287,50.50752834901764,3.847985761101675
51,26,23,365.0893379963754,6.033349742487465,172.37808576372606,28.673237509669462,10.396280136361085,0.7795326690143094,47.28141453084282,3.608346216889668
52,26,22,370.58536365711336,6.055671769079774,138.14666627269665,26.51781806185945,8.764523815004997,0.6577780908350763,39.92005045070734,3.0648936966607385
53,26,21,374.5823818457555,6.07139054435274,109.70424597294671,24.613249867213998,7.82241656241207,0.5891212186508321,35.53021539183428,2.75410509078407
54,26,20,374.81793892625615,6.120298388905935,94.79358605745219,23.133794865653634,10.21594239581749,0.7729077333699408,45.85992933677528,3.545968780193478
55,26,19,374.17956969371403,6.146440519773231,85.41316485069086,21.99973131560121,12.681098631176202,0.9653790403023587,56.173580882858005,4.358833460621649
56,26,18,373.59561266016453,6.139524391093544,78.508405286662,21.126252086428423,14.672414056184133,1.1247687400777517,64.12301502393784,5.008413846840929
57,26,17,373.1433495296614,6.1070035266095575,73.29136216297013,20.443617329830655,16.31836713756185,1.2600422815127141,70.36888360052845,5.537710451526244
58,26,16,372.8018705241692,6.05651654470375,69.32414226026806,19.89802454162565,17.71404341273698,1.3778908547216808,75.39478303310186,5.979421163843825
59,26,15,372.5446937969536,5.993839564998351,66.30108300282143,19.451534479770938,18.91811313391574,1.4823940282895456,79.50456844597024,6.354101839221944
60,26,14,372.3516190562187,5.923069886365446,63.99805853328449,19.078216643508686,19.969171879190668,1.5761971121403904,82.90147958747156,6.675476058677984
61,26,13,372.2084090039908,5.847082243820577,62.247510210478765,18.760320109679615,20.89441371367991,1.6611385447279143,85.7302063660463,6.953320004313949
62,26,12,372.1049920733937,5.7679066258198946,60.922695809962335,18.48549545653875,21.714029050294382,1.7385669747252896,88.09853442026106,7.194946774719869
63,26,11,372.03401190748326,5.686993122346116,59.92700056138801,18.24496282700905,22.443601236421483,1.809513060125282,90.089375655587,7.406026021695433
64,26,10,371.98987473402013,5.605389477791638,59.186366956771664,18.032333708138193,23.095516666051818,1.874789803302302,91.76800820091145,7.591072402867227
65,26,9,371.9681613874073,5.523859547203991,58.64377494843144,17.842851203741635,23.67984827098372,1.9350548612307001,93.18672387440556,7.7537554436531835
66,26,8,371.96526952953917,5.4429632255434175,58.25514585423679,17.672893605053098,24.204937310520055,1.9908511682842245,94.38796621232343,7.897106074652461
67,26,7,371.97819352492314,5.3631113560966845,57.98627340999501,17.519644499792875,24.67779230892733,2.042634488964883,95.40653649967858,8.023659934255875
68,26,6,372.00438503096336,5.284604211259708,57.81051216687089,17.380869695243177,25.104372069864212,2.090792740278958,96.27119651633953,8.135560188598397
69,26,5,372.04166085487,5.207658996709247,57.70703023684527,17.25476379162791,25.489792398896235,2.1356599389184656,97.00586517160363,8.234633445090772
70,26,4,372.08813882536816,5.132429872090656,57.65948456147376,17.139842934510536,25.838480971140303,2.1775265255594634,97.6305324562309,8.322447195776064
71,26,3,372.1421906787359,5.059022764067288,57.65501326119278,17.03486867295271,26.154295936108138,2.216647178182824,98.16197083013516,8.400354215679103
72,26,2,372.20240566470363,4.9875064835951095,57.68346636289775,16.938793082779927,26.440618511198156,2.2532468409462214,98.61429773314399,8.469527511673684
73,26,1,372.26756123793996,4.917921172360297,57.736816110406096,16.850718630460676,26.70042648829828,2.2875254560577085,98.99942623576527,8.530988270250997
74,26,0,372.33659869989987,4.850284787220406,57.808702923610895,16.769868389662918,26.936353447004556,2.319661733704428,99.3274300186391,8.585628512994516
0,27,73,381.7809577876372,1.7520346102566728,51.04177191522817,15.205585009501577,27.404111207598515,2.3872470265182413,99.90950974020139,8.68981034666302
1,27,72,382.00878507197984,1.738020270288875,50.29187272839823,15.189278671109403,27.21468746999216,2.3594436953741837,99.68247344339723,8.64803121301075
2,27,71,382.238490862999,1.724528894970427,49.48474583494955,15.173654224798504,27.00635039723212,2.3298390950484698,99.41595350234044,8.601078387048675
3,27,70,382.4691484022321,1.7116679648854416,48.61648021703486,15.158902623695436,26.77707825423802,2.2982918208828775,99.10302738542501,8.548288182834488
4,27,69,382.69966588401917,1.6995608862584461,47.68300410253656,15.145238559352729,26.524600184971504,2.264645143231821,98.735528279391,8.488904597473262
5,27,68,382.9287664736534,1.6883497613956457,46.68011154703302,15.13290228370322,26.24635696144493,2.2287245428512708,98.30380706983381,8.422064219212908
6,27,67,383.15496771517377,1.6781987426959581,45.60350356421844,15.122161294482698,25.939453212987576,2.190334677022546,97.79644239072292,8.346777947091631
7,27,66,383.3765612629147,1.6692981140486332,44.44884966926618,15.11331175506934,25.600598610243303,2.1492556003383143,97.19988463074337,8.261908612215608
8,27,65,383.5915944369364,1.661869283400332,43.21187820244546,15.106679469307089,25.226034510237717,2.10523799512501,96.49801476544508,8.166143250101301
9,27,64,383.79785591275896,1.6561709218118157,41.88850745184972,15.102620165722454,24.81144114247477,2.0579970645650705,95.67159157598549,8.057958273647548
10,27,63,383.9928689872353,1.6525065497944822,40.475034930124465,15.101518759780426,24.35181827111925,2.0072045879244773,94.69754993690988,7.9355750474216125
11,27,62,384.17389738872834,1.6512339519983983,38.96840993853296,15.103787153164856,23.84132897119145,1.9524784005695903,93.5480962780134,7.796902216733512
12,27,61,384.3379705493385,1.6527768919735237,37.36662579278645,15.109859990611817,23.27309096943998,1.8933681883921394,92.1895214322967,7.639459345870189
13,27,60,384.4819375037907,1.657639680108903,35.66928403071178,15.120187620781401,22.638891647315287,1.8293358847792227,90.5806096211589,7.460273531271274
14,27,59,384.6025605778122,1.666425160447114,33.8784047482971,15.135225283832757,21.92878906950273,1.759727968783732,88.6704544202866,7.255735919147892
15,27,58,384.69666016727814,1.6798564652593964,31.999585117490156,15.15541723321892,21.130538540325542,1.6837353168092866,86.39537964647974,7.021397192815034
16,27,57,384.76131589601874,1.6988020259272356,30.043639076500398,15.181173956266832,20.228746533402884,1.6003335550250608,83.67447645768615,6.751668169061941
17,27,56,384.7941059834312,1.7243007689978618,28.028874182157352,15.212839428963118,19.203596393982938,1.5081927673796751,80.40297868970235,6.439371954162094
18,27,55,384.79329468915586,1.7575774274508,25.984151121290125,15.250641857114292,18.028929393552673,1.4055412587829896,76.4423676396644,6.075073235252039
19,27,54,384.7576632232848,1.8000189233729995,23.952790555793854,15.294610016420997,16.669557584810143,1.289975817679048,71.60640812121342,5.646141501465767
20,27,53,384.6849957565206,1.8530284486537245,21.9972772028338,15.34439648842199,15.07889909841776,1.1583033932446638,65.64759951963528,5.135915889029296
21,27,52,384.5657577687854,1.917497515062741,20.205179796933933,15.398786929923482,13.20612269988763,1.007107504711482,58.28487402077212,4.526074870975336
22,27,51,384.3587796108961,1.9919919857299373,18.70111627330718,15.45400514274755,11.070099353936179,0.8383278055112526,49.53207751461742,3.8215176716605392
23,27,50,383.91904827542197,2.067643216284175,17.679058676297416,15.49874032418235,9.094943362610268,0.6843495293932558,41.22169268189749,3.163300173106827
24,27,49,383.0627314884827,2.130956789737805,17.347487864100884,15.518643627488505,7.717496283393843,0.5783268524783267,35.288754311401526,2.701030562261291
25,27,48,382.0866656898423,2.182633527746496,17.643866475656083,15.526840290351736,5.198271512768286,0.3904612277291322,23.901087443851086,1.8739207858245464
26,27,47,382.7945769234397,2.154058119196757,18.063143023946452,15.56714763540413,7.71093943068941,0.5778599359822665,35.283442480549304,2.710636948524007
27,27,46,384.1949038188624,2.102054281909597,18.800122379805586,15.631745187959407,10.240445953957522,0.767022728126742,46.69000308340674,3.559787728869085
28,27,45,385.74387885191516,2.054903750593455,19.95199930562515,15.721038719086552,11.427979542319074,0.8560736206845493,52.011454688303765,3.9599046318726128
29,27,44,387.4508958519628,2.013310053028559,21.514627259525,15.84989336916231,11.68548487406525,0.8753527974298483,53.16714929131827,4.046458223718883
30,27,43,389.3400247621707,1.981066641505985,23.540207677408404,16.043894506055537,11.143244337586689,0.8345401162069487,50.75473906319683,3.8629761369729385
31,27,42,391.4155296626425,1.9675260189425972,26.156803872685202,16.347316625522865,9.83886418793818,0.7366179179218519,44.91707436623387,3.4221348286466955
32,27,41,393.50226357880655,1.982788794123688,29.54067420950642,16.83696428364814,8.082770545838835,0.6051444965691329,37.002567440036636,2.828780233770187
33,27,40,394.7766088613884,2.0155067942423868,33.76421198963776,17.628927746676347,7.801084630862417,0.5838507881372366,35.73189919099213,2.727160445626029
34,27,39,394.8124251217432,2.0586168654610795,38.90965177709286,18.640693172052877,8.62323181031626,0.6450163734878891,39.46593146858099,2.9986860302999734
35,27,38,393.6849584187118,2.1203193326916554,45.25951520916631,19.640622291534218,8.689201317332135,0.649973071110712,39.760449640329085,3.020811109196804
36,27,37,391.340387273353,2.2290729848633672,53.532604705509854,20.596112598327647,8.516245888607228,0.6371455601657946,38.972916842650974,2.964451322431474
37,27,36,388.06463986330897,2.425673166103163,64.3609215463764,21.612635661127616,8.856627062594914,0.6625155969708256,40.52709982896875,3.0801471951725166
38,27,35,384.1679331520942,2.689957749306284,76.91778585505389,22.717549235461114,8.708296546640094,0.6514388097775662,39.86033506648931,3.0315340581954677
39,27,34,379.9846382658595,2.966606514337358,88.94093669390213,23.774530699667125,6.694675333022679,0.5015493144721364,30.709606837486117,2.363313343634857
40,27,33,375.63044581429136,3.3450132152525733,110.02841661388621,25.471088930282978,4.79974043589111,0.36098077619156843,22.08724257622642,1.7457366778563967
41,27,32,371.0508260389281,3.958058907866257,152.64790844092855,28.69554379548124,8.230631797794565,0.6157954945575879,37.68256998117499,2.869269944889935
42,27,31,366.6491703007691,4.467948834557516,187.57772658667636,31.309115245272448,9.184999495810883,0.6869829688032991,42.00606851525945,3.1874857354039237
43,27,30,362.3899509913749,4.905998310110353,217.4062762472111,33.53049553270689,8.943160730480683,0.6689527620870684,40.90666294404542,3.1058125568834627
44,27,29,358.40356811040573,5.2944812723454175,241.958759565731,35.22336065061904,8.169586105240535,0.6112135448673233,37.40838684322561,2.847537968217287
45,27,28,355.0906921140192,5.628638087832012,257.9104661255858,35.91955314672947,7.653658438957824,0.5726711674457327,35.0775165159722,2.6754023333599153
46,27,27,352.5661826755741,5.886475147439986,266.26850050977134,35.89927347914153,7.263214350915189,0.5439209581564145,33.27844446927413,2.5504855324059275
47,27,26,351.2255527354339,6.006203257835864,268.12090012524277,35.417958837366804,8.685476044017449,0.6502866710237797,39.69069335132496,3.0270115852247357
48,27,25,351.53603795406974,6.073013240797567,260.01708112996494,34.37972837656121,9.911492867775074,0.7420954955350162,45.20750802416579,3.439268965276813
49,27,24,354.01422916479845,6.148516784171926,238.79712520857032,32.63896312524304,10.374346811072911,0.7768498805437403,47.28330555779303,3.596242999672906
50,27,23,358.623170359113,6.227048264422026,205.6275570098258,30.30351329730928,10.135368356032872,0.7589336040308944,46.216805807836,3.5167739657347123
51,27,22,364.7986226640199,6.27283259618658,165.41308047382313,27.738658997369406,8.792775305750306,0.6584636535466484,40.17651535771255,3.0674439003784375
52,27,21,372.0288426791156,6.255699437473312,123.34042120859104,25.33183018973104,5.017320176867388,0.3774489828254324,23.0699256483391,1.824910289127704
53,27,20,373.6697674982528,6.296290189687385,100.87247831965429,23.498730005803193,7.1629615067314045,0.5392354921250129,32.60738460486237,2.5316974392501788
54,27,19,372.7705798467501,6.334725798024226,89.93605342021354,22.186289440157257,10.795726971453885,0.8167738789680602,48.409226139164254,3.7363769782068394
55,27,18,372.20505712929787,6.324947704859466,81.66372618590053,21.220789045422976,13.249122994311577,1.0094086044617099,58.56235775886768,4.545184667601044
56,27,17,371.84463032817314,6.283336039845151,75.46845010464148,20.495388663051816,15.16779396041952,1.1641748625407389,66.10487039693353,5.169310416661967
57,27,16,371.6096252401171,6.221618389355749,70.81858042472962,19.930947755821336,16.75349419359805,1.2955970380289699,72.0205476728583,5.677133718188122
58,27,15,371.45455952874227,6.147415492408477,67.31732803532644,19.476492565114995,18.10074019614969,1.4103639264412275,76.78545078879522,6.101428732031068
59,27,14,371.3538093060366,6.0655990744233526,64.67720412762492,19.09997114827914,19.264564707168716,1.5123052514608382,80.68373734279805,6.46161276126605
60,27,13,371.29253560721435,5.979330147005782,62.68784950351963,18.78083506004748,20.281246041825273,1.6039073739551593,83.90578818850378,6.770649760020902
61,27,12,371.2616372393752,5.890709646846937,61.193265506905135,18.505472711624556,21.176571589283785,1.6869141152120242,86.58805779133422,7.037837479718699
62,27,11,371.2550845899052,5.801167297434602,60.07660619971604,18.26455100427093,21.969821767103404,1.7626145922424672,88.83268132845672,7.270167833948357
63,27,10,371.26854056166036,5.711694835845447,59.249721674271726,18.051457933107496,22.67595111838585,1.831999652733708,90.71844516118101,7.473080491029796
64,27,9,371.29865160990744,5.622989199869967,58.64572390959562,17.861365942605502,23.306887972280975,1.8958543073461296,92.30747694714982,7.650917067469739
65,27,8,371.3426814867223,5.535543183993238,58.213588986088155,17.69065126389107,23.872357247535994,1.9548156938423844,93.64958462945073,7.80721190074147
66,27,7,371.3983185828118,5.449704724147407,57.91419389948632,17.536523435219642,24.38042651548819,2.009411148840627,94.78520723220544,7.944887148593656
67,27,6,371.4635706971746,5.3657168849754875,57.71738883837621,17.3967827701322,24.83788279885372,2.060084192015719,95.74750001167041,8.066388854615253
68,27,5,371.53670370957855,5.2837455962626345,57.599825087422715,17.269657925743264,25.250501344245066,2.1072128524943583,96.56385535033155,8.173785000911561
69,27,4,371.61620234568716,5.20389936716404,57.54333700482043,17.15369486325605,25.623242898769625,2.151122967389703,97.25704174119748,8.268838174859196
70,27,3,371.7007422105887,5.126243592613415,57.533731406621,17.047679493346273,25.96040213298242,2.1920980736577795,97.84607570828706,8.353060731958713
71,27,2,371.7891677873234,5.0508111173214205,57.5598772995685,16.950582818634707,26.265721723125832,2.2303869261323026,98.34690158636859,8.427757543459034
72,27,1,371.8804738452334,4.977610149130925,57.61301774473145,16.86152135649856,26.54248167926901,2.2662093196069164,98.77292960079404,8.494059714792522
73,27,0,371.97378905079273,4.906630256789192,57.68624665135735,16.779728102249063,26.79357042682921,2.2997606720239263,99.13546718170014,8.552951590302962
0,28,72,381.9773998364774,1.7311588705533754,50.566184039129325,15.172497897050224,27.292344498488816,2.370469718938504,99.78004020726786,8.665467945200021
1,28,71,382.2115263432109,1.7166487528213907,49.775830686746545,15.15511340473784,27.09127506255226,2.341512276258969,99.5298640234217,8.62056419801128
2,28,70,382.44731432528346,1.7026576787004788,48.92470081559257,15.138460607846113,26.869973522655123,2.310655780369138,99.23599928916401,8.570066058496725
3,28,69,382.68372967902144,1.6892950159893019,48.00854338461288,15.122748867490955,26.626244016117624,2.277747445055714,98.89073146379849,8.513247608013037
4,28,68,382.9195490816953,1.676686688063051,47.02290702924509,15.108214527305424,26.357612337171492,2.242617251757096,98.48494109204101,8.449279738308022
5,28,67,383.1533353022091,1.664978155156596,45.963160752860404,15.0951231975563,26.061280085655593,2.205075037482292,98.00782839207568,8.377212634916049
6,28,66,383.38341124487886,1.654338056539662,44.82452834093134,15.083771941104889,25.734068290095145,2.1649068730840315,97.44657513317219,8.295954354584419
7,28,65,383.60783375973904,1.64496268941729,43.602142505362494,15.074491221086099,25.372347185336633,2.121870499043893,96.78592566250536,8.20424430860051
8,28,64,383.8243689984542,1.6370815558170224,42.29112758041279,15.067646410661567,24.971947459775528,2.075689488211321,96.00766198239475,8.100619986209459
9,28,63,384.0304722265406,1.6309642845088024,40.88672385061925,15.063638586035989,24.52804621848582,2.026045656342482,95.08993735864786,7.983374531572447
10,28,62,384.22327669518864,1.6269293392294673,39.38447307317581,15.062904220662732,24.035017690131664,1.9725690093843353,94.00641690093359,7.850501671079523
11,28,61,384.3995986683034,1.6253550677910678,37.780494645463136,15.065913267392688,23.486233546004037,1.9148241436473654,92.72514808830468,7.6996227048927866
12,28,60,384.5559692997664,1.6266938412577607,36.0718969111613,15.07316495498582,22.873789138653546,1.852291394895355,91.20704232147074,7.527887329822429
13,28,59,384.6887091142026,1.6314902867113759,34.25739073300663,15.085180440831564,22.188117192164164,1.784339959655017,89.40377685007304,7.331834994288456
14,28,58,384.79406765375205,1.6404049174095259,32.33820567224893,15.102491269950452,21.41742380830712,1.7101882717600083,87.25479788018406,7.107194377226355
15,28,57,384.8684593348023,1.6542447189947898,30.319455366005357,15.125622427499813,20.546831061840955,1.6288432287898407,84.68286338840859,6.8485813705274605
16,28,56,384.90883541895323,1.6740021339849949,28.212156195327736,15.155068690196277,19.5570091663425,1.5390024645557725,81.58708183872166,6.549021625568105
17,28,55,384.91323640247225,1.7009024052138808,26.03615574695391,15.19126298047885,18.421866719582574,1.4388881746880562,77.83138643873106,6.19915139379913
18,28,54,384.88155341253855,1.736453523626801,23.824220275213804,15.234535055458299,17.10438831241512,1.3259459205205228,73.22411998390018,5.785789697522898
19,28,53,384.8164362341681,1.7824747003271426,21.627331951999224,15.285055156299864,15.54859485386508,1.1962603764224287,67.47914265940483,5.289204554450846
20,28,52,384.7238685485673,1.8410204050934587,19.520673009494246,15.342732637115127,13.663106854939484,1.0433586934981194,60.137004183721096,4.677582049784367
21,28,51,384.61048553893045,1.9138802104068562,17.609409184140745,15.406867673242708,11.289837444756358,0.8559444698028834,50.414206421119836,3.896700916919764
22,28,50,384.45057857129564,1.9995864023143688,16.045120527480805,15.47361344384587,8.255930894364111,0.6219801012618851,37.419180706856395,2.888725633363954
23,28,49,383.88408184977976,2.0716591809481146,15.189082710553137,15.514129939291593,6.658026136030527,0.49903346602798787,30.519868206494323,2.3505170383372302
24,28,48,382.86715777650784,2.109568687069612,15.224277174621335,15.516222843017758,7.468005761101971,0.5589674997832812,34.219073531276536,2.613846234065805
25,28,47,382.5102700293054,2.121309165836608,15.718797593752598,15.529839621696569,8.169981032270453,0.6120280820903485,37.34143328978006,2.8533765865369873
26,28,46,383.1861893015494,2.0970852290204354,16.5097425562423,15.569830515573944,9.859330806602697,0.7385451074402228,44.95994981596658,3.4260936378986573
27,28,45,384.3386435394516,2.061773216235376,17.659804513767014,15.633235547495426,11.159381586375774,0.8359436879246714,50.805634735541176,3.866463217573758
28,28,44,385.72861152183964,2.0235014368703466,19.172929943624638,15.726551951466675,11.710665914681123,0.8772406801025298,53.28108049949688,4.053242617155469
29,28,43,387.3069988490216,1.9840060317828847,21.065638790651917,15.868677887538148,11.553023514049206,0.865291161779984,52.58877198011431,3.9999618307269267
30,28,42,389.06404907034397,1.9494854406445308,23.434200988289106,16.099499126185226,10.76339430414684,0.8058903862585778,49.069092979588525,3.732446023932717
31,28,41,390.97288293043295,1.9354798650371379,26.49374131133854,16.501837667058172,9.577698045582524,0.7168496596367863,43.75680184289616,3.329727023335569
32,28,40,392.8755957191959,1.9654458761004943,30.57470265369075,17.21117120232197,8.703369410851057,0.6511935333224929,39.82189772713718,3.0295774134982745
33,28,39,394.3760860855113,2.0487191725706273,35.90331969846254,18.266113316180864,8.66030530098061,0.6477877587963793,39.62850738064005,3.0099292372871975
34,28,38,394.7521158016535,2.150667189134142,42.34780378745002,19.384572680687665,8.80211767700902,0.6583560446170568,40.26816625198233,3.0565038148911943
35,28,37,393.2676552297486,2.250605580565057,50.29959078868198,20.3228741310161,8.891769409931452,0.6650782864491346,40.67303178694501,3.0872243715167613
36,28,36,390.07350616503163,2.4180601126558408,61.47916924586113,21.29524432922207,9.060362807817521,0.677696348575848,41.44100197421489,3.145666482887046
37,28,35,385.7611401959582,2.700407363583773,76.81082888164798,22.5428662377138,9.129906166610327,0.6828779214886194,41.763243580816734,3.1703232242250694
38,28,34,380.95476613721615,3.0603945329046534,95.45203755417452,24.049759016443765,8.370904784789449,0.6262148363121128,38.323104591219014,2.9155516852965593
39,28,33,376.07103265868915,3.475846306332146,118.77765387777278,25.886943099894978,6.675774508013818,0.499869925639302,30.622044826236294,2.348879161816385
40,28,32,371.16628370357785,4.0234733435726815,154.91899769198335,28.577342186838997,7.212959472722273,0.5397948650304958,33.06678412827089,2.525946905386351
41,28,31,366.4270174981537,4.541523366653986,189.99067095711177,31.031435727053058,8.661294102723163,0.6478566438826951,39.63563674197134,3.0112785938655984
42,28,30,361.9608695610239,4.968169436712988,219.48611771432994,32.955098215182865,9.289698408338031,0.6948166702469956,42.480021034424325,3.2227342822665
43,28,29,357.751499217462,5.341211163358498,245.75512340123618,34.54700106318033,9.040227072574748,0.6761790501798068,41.35170598161362,3.1387401896996536
44,28,28,353.81548819223394,5.68785871262625,267.31549449231306,35.688350993846235,8.220473421776566,0.6149292690724681,37.642313685967544,2.8631624732629186
45,28,27,350.1955433905084,6.024469333440545,282.24294986452696,36.312753110109384,6.029629402282579,0.4519773008207152,27.684237219620226,2.1398463222981654
46,28,26,347.4027820703381,6.218880941787398,291.3979309244602,36.45799167986577,5.776315345201617,0.43340009399321744,26.52380179208921,2.06202302472948
47,28,25,346.09956859307636,6.248986902460253,292.6986785809004,36.017171306528816,8.410382723274822,0.6294378903718639,38.4787322764282,2.932503695906543
48,28,24,347.0589471501521,6.306459396401383,278.7478561123014,34.69061786230921,9.220431013842942,0.6900846885761476,42.12968800006454,3.2057900264521724
49,28,23,350.988418728436,6.412498918755156,246.52299764839748,32.305186588854376,9.601829238566996,0.7186090180344337,43.8540737979399,3.334326128122777
50,28,22,356.95840727400184,6.513757481970645,202.42255880512903,29.319302275502096,9.267422697761209,0.6935163714683239,42.35577630220148,3.2210988358360666
51,28,21,363.746945838757,6.5577925601908245,155.59250028980858,26.365763956919405,7.78905705125064,0.583049013781638,35.67668505186445,2.725922842198487
52,28,20,368.93718572864645,6.55845786681053,117.78658148131325,23.9721096681595,6.743871120199398,0.5055041542526942,30.915458746234783,2.383306660166387
53,28,19,369.9116356297667,6.569010442925773,98.33186351153613,22.35490798514866,9.324253542245174,0.7016374372542444,42.25480027570403,3.245875472207057
54,28,18,369.967887917453,6.54246831888969,86.72180002457739,21.27377609529988,11.92240088996299,0.9031759203388818,53.25380309149201,4.109160459106979
55,28,17,369.98095902426746,6.483014380638258,78.73575357831916,20.510193644027513,14.037298253503899,1.0713159179968186,61.79741540125559,4.8036213319076975
56,28,16,370.013013159721,6.404000328025891,72.99450228939327,19.93598604792295,15.790234832266211,1.2143260396027413,68.53458940898646,5.3707813936909385
57,28,15,370.06065291033764,6.314005990334957,68.78331261626593,19.48125815571639,17.27322664493135,1.338590051605178,73.94614113690578,5.842857845888869
58,28,14,370.11913913571556,6.2180981036706156,65.6650486464963,19.107129081497398,18.547524645666982,1.4483337778739986,78.35417726667725,6.241593638970944
59,28,13,370.18642686682927,6.11933169672329,63.34708089123352,18.79066193291364,19.655287525003978,1.546437937683598,81.9822078548505,6.582106347075381
60,28,12,370.2618347671744,6.019619226937881,61.62354798101285,18.517473108234995,20.626745871303697,1.634946492451946,84.99136481520091,6.8753189785526985
61,28,11,370.34503805277774,5.920199418130213,60.34572518761729,18.278052023486254,21.484409841356,1.715366287316304,87.50171451324252,7.129408113956246
62,28,10,370.4356374832078,5.821894717941128,59.404481816122555,18.06582389390535,22.245595914902044,1.7888466126634763,89.60519129837022,7.350682872799542
63,28,9,370.53304518746916,5.725258616161787,58.71887080003984,17.876066907169502,22.92399251769897,1.8562898690611889,91.37373954389597,7.544134901670916
64,28,8,370.63650342686924,5.630663998493208,58.22831701430374,17.70527440779908,23.53066413198882,1.9184220170365007,92.86463667853096,7.713794535317958
65,28,7,370.7451442652069,5.5383586349832035,57.88712757811453,17.550762878219146,24.074718219420035,1.9758389618765286,94.12410315819587,7.862969647671696
66,28,6,370.85805105369235,5.448501517302196,57.66057793163394,17.410422606937576,24.563763325830703,2.029038112065361,95.18983506140161,7.994411282716034
67,28,5,370.97430816923696,5.361187529815055,57.522094262785004,17.282554571470996,25.004233659456506,2.078440516544003,96.09283530682563,8.110432092079778
68,28,4,371.093036480721,5.276464710980466,57.45120878129728,17.165761106136962,25.40162555494491,2.124406828316588,96.85877288436973,8.212993378420132
69,28,3,371.2134161751576,5.194346628324889,57.4320644113503,17.058871006946845,25.76067403111533,2.1672491019290456,97.50901455308501,8.303770622057192
70,28,2,371.3346997113011,5.114821423891109,57.4523127982564,16.960887172492072,26.085487485871077,2.207239702021853,98.06142284447981,8.384203850649252
71,28,1,371.4562175991176,5.037858527208348,57.50229578821383,16.87094927629969,26.379652400731402,2.2446181585081915,98.53098315905504,8.45553706431106
72,28,0,371.5773792387083,4.963413696024918,57.57443264446003,16.788306639573975,26.646316076925434,2.279596529572685,98.93030313844403,8.518849581188274
0,29,71,382.1782272903233,1.7099453383110137,50.08091816580871,15.137752880683445,27.177114633435593,2.353474939946352,99.64175082887873,8.64007539694844
1,29,70,382.4188771011216,1.6949051440192506,49.24960643254731,15.119236130116157,26.964084780234092,2.323353602829082,99.3669431773533,8.591924284890395
2,29,69,382.6609680471223,1.6803738553652852,48.35395570977663,15.101506968508465,26.729475781038097,2.291235233781035,99.0439926746181,8.537743826493468
3,29,68,382.90335108999665,1.6664613921136042,47.38937213211328,15.08479548277252,26.470915364453877,2.2569557499317057,98.66435171801072,8.476744258288358
4,29,67,383.14466059657883,1.6532945395393766,46.35101906908493,15.069362547437212,26.18572368802379,2.2203319696583774,98.21790062379075,8.408021606511657
5,29,66,383.38328381008233,1.6410200529219674,45.233830270835554,15.055502694360573,25.87086100888328,2.1811582713275195,97.69263392103217,8.330537757257806
6,29,65,383.61732803426156,1.6298084721667085,44.03253512494307,15.043546945435534,25.522862907548088,2.139202411018135,97.07427314282661,8.243095924012454
7,29,64,383.84458656724075,1.6198588439338688,42.74170184080532,15.033865457869904,25.137759005387384,2.0942002146775955,96.34578405631648,8.144310062334023
8,29,63,384.06250534075735,1.6114046152396324,41.355807390238155,15.026869759962532,24.71096939294988,2.0458487370031317,95.48676749131815,8.032566179056467
9,29,62,384.268153688978,1.6047210565089443,39.86934778428777,15.023014257295632,24.237170345163204,1.9937972899378684,94.47267962114923,7.905972564433936
10,29,61,384.45820499037944,1.6001347068981158,38.2770098356514,15.022796557819717,23.710116736572708,1.9376354441987045,93.27381679258737,7.762294533745565
11,29,60,384.62893655643825,1.5980355307315772,36.57393770636922,15.026755992739357,23.122401790349063,1.8768766181643755,91.85396651709698,7.598866927101425
12,29,59,384.7762637775002,1.598892761188587,34.756147120599124,15.035469495378894,22.465123318958845,1.8109350384106162,90.1685700494819,7.412473676577991
13,29,58,384.89583221799734,1.6032758268234275,32.82117161364357,15.049543750434854,21.7274052716808,1.739092381217058,88.16214320219308,7.19917679789017
14,29,57,384.98320460938095,1.6118823512468499,30.769075223908075,15.069602276944833,20.895685298088146,1.6604476348143864,85.76451847733652,6.954064202230511
15,29,56,385.0341997454083,1.6255759864163775,28.604043077976428,15.096265958224365,19.952602817249236,1.5738381687612828,82.88510725997415,6.670859924138884
16,29,55,385.0454704146321,1.6454375758635753,26.336871654202753,15.130125714133133,18.87515740873445,1.477707967689334,79.40359953018041,6.3412849045699256
17,29,54,385.01545294190726,1.672832889564324,23.988811849731448,15.17170703966575,17.631418043556152,1.3698704760420084,75.153684539263,5.953926084953987
18,29,53,384.9458921304455,1.709495634854953,21.597287344540618,15.221429091457626,16.174039531728955,1.2470383255632966,69.89158150848442,5.492030710347836
19,29,52,384.8442712388014,1.7576057113786354,19.223726188712064,15.27956807026875,14.425756592779255,1.1037653423808598,63.226799716502995,4.928623848339291
20,29,51,384.7277548660815,1.819783102122004,16.962328625443575,15.346249795163114,12.240696179690573,0.9296129744290464,54.440024908590914,4.213650944999678
21,29,50,384.62997765677505,1.8987520751182072,14.944643815339504,15.421520812977176,9.266388122264484,0.6990234106138119,41.84096403302206,3.229038903394611
22,29,49,384.6061816261213,1.99552850779141,13.332501072249372,15.50500642573901,3.9184924066752145,0.29662927700010977,18.065686874639784,1.4811380579383584
23,29,48,383.5665564461656,2.0302755726280437,12.975436009048593,15.512654569188074,7.121480220067602,0.5334402918171438,32.62119880905032,2.500953674967533
24,29,47,382.74358227728726,2.0525777273816797,13.335611164666744,15.51664895367339,8.940408156326766,0.6695362341766617,40.820218216766676,3.107530655320425
25,29,46,382.66107700023235,2.061603095296359,14.178295493131415,15.540396709214617,10.07988832113767,0.755172749774857,45.92937608157401,3.4949762234053816
26,29,45,383.2235563925951,2.0546002602110485,15.416045222734041,15.585494250651289,11.106003294530215,0.8321448005868827,50.53918877152055,3.8447185168121845
27,29,44,384.17147574450695,2.035478796676044,16.986939873066746,15.654060540900485,11.72862341180421,0.8787816092236173,53.338890627176006,4.057000800776858
28,29,43,385.3564011322125,2.0042343904129005,18.85757027092339,15.755718777112477,11.797043558443573,0.8837768956808373,53.66131000796694,4.081058223157612
29,29,42,386.70954311837113,1.9620025583747762,21.068229209729708,15.913686692524958,11.284922520613158,0.8451612989877133,51.39005554357945,3.9081394046633267
30,29,41,388.2096349800451,1.9184028221835492,23.77653820171433,16.183478895472486,10.255247967051698,0.7677454829065414,46.79159011264933,3.559256952249901
31,29,40,389.94885449703384,1.9058739173797385,27.376616088776217,16.704251594441736,9.038621268949216,0.6763987576561831,41.3283549695189,3.1449233780912724
32,29,39,392.2253612963479,1.9928651607642212,32.61755594559703,17.72201525866155,8.350733474156424,0.6246905562979505,38.223456875359474,2.9062105605182857
33,29,38,394.5834666255223,2.176309553450605,39.575773099183834,19.13855493986283,8.067883779004655,0.6035302520804208,36.93661157418588,2.8090841062331715
34,29,37,394.80001831795175,2.3052635961599055,47.069489837324696,20.194825093349053,8.137422463574211,0.6087314548827132,37.250186917668366,2.83247275435522
35,29,36,392.17426570538476,2.4088131592163626,56.84941312769753,20.921945915331733,8.49985168419497,0.6357860683957849,38.89684385636809,2.954982723195008
36,29,35,387.6452448007934,2.6742611659015565,73.03842205485952,22.100125427170504,8.887873015705717,0.6648175369003952,40.66238901710867,3.0884702728092215
37,29,34,382.1565648980767,3.0996727844429097,95.96339083181047,23.865700171484836,9.007251249468045,0.6737039781328941,41.20852536520522,3.1288958579515813
38,29,33,376.56909556929975,3.6107554299746774,125.45969336868872,26.140261819938527,8.194889406316427,0.6130178649613944,37.524802552848215,2.8546977020129867
39,29,32,371.2094402630301,4.192526584148497,163.47592304753422,28.993849875669333,6.751513688835761,0.5054307025233785,30.970345838132687,2.3725163998339673
40,29,31,366.153354609194,4.711760867244703,197.55454716336789,31.317559071907855,7.221193131425784,0.5405187587031622,33.099433237159545,2.5309753896773635
41,29,30,361.48333467375136,5.095786436456321,222.3782662998798,32.68792213307226,8.8056366969284,0.6586708174745785,40.29061753900745,3.060910681424535
42,29,29,357.2035869664967,5.426823049402693,247.48060300841786,33.92984677451933,9.15097424255154,0.6844483864463582,41.855082751549396,3.176511748981609
43,29,28,353.1519541970149,5.731674027645089,272.2111237349361,35.07212240075179,8.587519446312461,0.6423442188881135,39.30394174207419,2.986529835358138
44,29,27,349.0707326346567,6.046539822562731,293.2103434612567,36.06562475883771,7.559434522246738,0.5656127414643073,34.641567080683295,2.6414536655983367
45,29,26,345.0947745407234,6.330503046661714,309.0421118776528,36.82702421269681,6.127748289693119,0.4591674180892386,28.129502005315945,2.169137603887116
46,29,25,341.95195134790134,6.425364283424557,320.0046834259025,37.15803984027178,7.335611289028591,0.5489773153650715,33.62935156696451,2.569058203533451
47,29,24,340.3697780411254,6.449610456271783,319.6534847736047,36.73259799255147,7.635456438972959,0.5715218857013705,34.97922651730343,2.6726943133757954
48,29,23,342.7528670645207,6.56149657487374,294.1658856614773,34.71880046298464,8.197764127353425,0.6136138892498386,37.51809197018436,2.86269609007509
49,29,22,348.5267607393536,6.736209372237554,246.71113885945738,31.359551726861433,9.008295408257938,0.6740243721943949,41.19473900953292,3.131754609869613
50,29,21,355.078322424943,6.8590605136764,193.0737066273982,27.7189939934059,8.718033720500658,0.6522389790865233,39.889767777828844,3.032704906026582
51,29,20,360.96870653502543,6.900351380416783,145.2189887902786,24.588315725536756,8.01366746539444,0.5996002923574184,36.71382426041443,2.7991647620959372
52,29,19,364.6895131344428,6.87320980055387,113.06624236984128,22.503954259400064,8.785965170077318,0.6587803239763492,40.06930208615384,3.063000064970875
53,29,18,366.4209475154817,6.805044668674334,94.81832906926036,21.27509609752001,10.864548801877767,0.8191868079786729,48.95192414653508,3.758497744645594
54,29,17,367.31802710032895,6.712217443724066,83.66586448987312,20.485790749745014,12.996737485669952,0.9869038428786774,57.73691457096881,4.4639667344852825
55,29,16,367.88288738737674,6.606497680843098,76.1761863015611,19.915589012874626,14.860795959602887,1.1369873596661637,65.08016100975074,5.072367021934409
56,29,15,368.28579504349216,6.494823305530521,70.89647037252138,19.469733172773374,16.45765590408341,1.2688714336736573,71.06815168637634,5.585516727042235
57,29,14,368.5981494813444,6.380979478598299,67.08854832872979,19.103594555167415,17.832513524153562,1.385488974238612,75.96284466760187,6.019997752946457
58,29,13,368.85645773012317,6.267099581046922,64.31091699998623,18.79322071410044,19.02650927646394,1.489583257996283,79.99163409107771,6.390782507762909
59,29,12,369.08157663236943,6.154448141148215,62.27403150603514,18.52433724675389,20.07169188305937,1.5832916955680798,83.3297991252765,6.709557421149349
60,29,11,369.2860353268533,6.043805263726596,60.77872368765321,18.28776875625728,20.99263177744266,1.6682445173951346,86.11097262054112,6.985307357442097
61,29,10,369.477485471568,5.9356622638046765,59.6842438924853,18.077276146185188,21.80842832749395,1.7457014522822394,88.4382682922354,7.225029076909714
62,29,9,369.6605825967544,5.830327536836553,58.88930944692842,17.88842173428971,22.534223241860737,1.8166560355756012,90.39252852796564,7.434270866693093
63,29,8,369.83810219284527,5.727987857946266,58.319996939816335,17.717925729988938,23.182250601045965,1.8819079366866647,92.03807809980952,7.617509374697598
64,29,7,370.0116323550742,5.6287462302867235,57.92168906173296,17.563280720969708,23.762560668778516,1.9421125742286929,93.42674173952716,7.778411325385426
65,29,6,370.1820139562688,5.532646586287997,57.65358851979771,17.4225113065199,24.283526836782194,1.9978156319596987,94.6007019631002,7.920018249352884
66,29,5,370.34962380784975,5.4396906402515794,57.48491752529786,17.29401951041629,24.752208698138105,2.0494775900524984,95.594578729981,8.044879804016137
67,29,4,370.51455777863157,5.349849779302224,57.392248631636235,17.176482744334386,25.17461812956877,2.097491556913381,96.43697683402452,8.155152201930699
68,29,3,370.67674922672916,5.26307366156852,57.35760685019196,17.0687848657724,25.555918541997023,2.142196510000523,97.15166057851961,8.2526724329023
69,29,2,370.8360452156087,5.179296542102984,57.36710436803668,16.969968553176052,25.900577018794024,2.183887319326849,97.75846124741896,8.33901530712849
70,29,1,370.9922550218334,5.098441982616097,57.40994736694583,16.879201683804602,26.21248251206315,2.2228224673131534,98.27398876547308,8.415538039480003
71,29,0,371.1451804054194,5.020426384975942,57.47770571376856,16.79575307601047,26.495039091366245,2.259230086196077,98.7121969953915,8.483415616406202
0,30,70,382.38349394301576,1.68841545758744,49.58797353084519,15.10127196626383,27.058716603642246,2.3363065740740394,99.49473832063192,8.613688932724175
1,30,69,382.63092546452714,1.672810005093711,48.71553516146162,15.081564527028203,26.83347165353281,2.3050180308102246,99.19387975733467,8.56218241879686
2,30,68,382.8795812438146,1.6576963601190737,47.77524098882486,15.062706795164415,26.58528564872384,2.271635483852263,98.84020415594424,8.504201194528184
3,30,67,383.1281902615473,1.6431833903371214,46.76216257044395,15.044952061951992,26.311611177161858,2.2359839296792043,98.42430086551869,8.438891150449656
4,30,66,383.3752339786891,1.6293967237944393,45.67108541637565,15.028588832858127,26.009565187106155,2.197867532622097,97.93501781481376,8.365273177758999
5,30,65,383.6189085298503,1.616481851642571,44.49651318849021,15.013944424829067,25.675870780690456,2.157065909903787,97.3591105568542,8.282220995156905
6,30,64,383.8570830566266,1.604607945081297,43.23268153164922,15.001388614402023,25.30678496722696,2.113329472004058,96.6808080326944,8.188433778392634
7,30,63,384.0872550144894,1.5939725857960712,41.873586711128695,14.991337175805187,24.89800778293316,2.0663734986830917,95.88126983941231,8.082401946876518
8,30,62,384.3065043066763,1.5848076769092172,40.41303723538189,14.984255059061804,24.44456625486761,2.015870494361555,94.93789979792514,7.962363785230769
9,30,61,384.5114498097281,1.5773868979807428,38.84474162021708,14.980658830351388,23.94066376146142,1.9614401587244106,93.82346561221615,7.8262495565237105
10,30,60,384.69821468147074,1.5720352080946633,37.162453813476446,14.981117815786911,23.37948080089869,1.9026359850229795,92.5049513163136,7.6716081863139065
11,30,59,384.8624114560859,1.569141109928362,35.36021203654735,14.986253136193282,22.752905941624324,1.8389269822399148,90.94203266448262,7.495509094567937
12,30,58,384.99916538694913,1.569172703470974,33.43273130838112,14.996733470489966,22.051163840925984,1.769672168102324,89.08500595847335,7.2944076630781085
13,30,57,385.1032064067722,1.5726990380151604,31.376052453947977,15.01326591037623,21.262286978633657,1.6940840333728786,86.8718997547647,7.063955902277679
14,30,56,385.16907876366764,1.5804189842272356,29.188624429695025,15.036579635330423,20.371341805655632,1.6111746083285572,84.22432018568314,6.798727660102625
15,30,55,385.19154577340726,1.5932008086303915,26.873124750086163,15.067399291904234,19.35925292598211,1.5196729693327642,81.04124834558307,6.491805076416633
16,30,54,385.16630709595955,1.612136483445406,24.439538237517837,15.106403744527228,18.20093699327558,1.417893606928069,77.1893563274279,6.134128862892065
17,30,53,385.09119010517503,1.6386134667325267,21.9103534330294,15.154163519629577,16.862188345778453,1.3035158921582508,72.4870755078937,5.713425931312252
18,30,52,384.9679676584902,1.6743941848393935,19.329185976864878,15.211042792371233,15.29423347438472,1.1731979809154351,66.67702122099135,5.212358561987174
19,30,51,384.80455181148943,1.7216302407462605,16.77448649297989,15.277016084762373,13.424425359406976,1.021921599854667,59.37871669860198,4.60541986866578
20,30,50,384.6141988900639,1.7824249103146088,14.379995501082348,15.351125846935414,11.149851965654456,0.8426056151134306,50.049288801328075,3.857018949143193
21,30,49,384.3812377322693,1.8555363612822449,12.371685394688555,15.428411224263536,8.507780308681562,0.6390692855384114,38.732013909010725,2.979348786993551
22,30,48,383.83325658329005,1.9191559651326582,11.189373009228603,15.483130399296464,7.589374792461766,0.5684969574225386,34.75396451268581,2.6660678350484077
23,30,47,382.9623910927669,1.9592872073573777,11.104317151630823,15.504777844908372,9.139340947793562,0.6843623214652922,41.73146594265299,3.1769139049167183
24,30,46,382.4262897526698,1.995429657429988,11.849676944476244,15.528984538835623,10.311366188660301,0.772464407212175,46.97327989613288,3.5712045848306753
25,30,45,382.42358798580835,2.024188318147395,13.193953957808844,15.567577473929589,11.164279456488615,0.8366202854915176,50.785025334729085,3.8615772832027306
26,30,44,382.869574497701,2.0392313623682634,14.926856248786521,15.624581222709942,11.74735793299494,0.8803726132164006,53.39994037993724,4.0610339322249205
27,30,43,383.6171932064799,2.034811874029988,16.911320672060384,15.705181940262115,11.936275438454256,0.8944261654280681,54.261037620826684,4.1266335884524565
28,30,42,384.5484338247757,2.0066416919199335,19.1203792918935,15.819424940283877,11.630122307455087,0.8712523323718644,52.91500138911614,4.024279037186773
29,30,41,385.5797615938117,1.9552106480906701,21.635205649441488,15.988121513251096,10.742741920569406,0.8044848257232862,48.96252517096195,3.725063005489076
30,30,40,386.7009717589552,1.8925750172306448,24.66484267229147,16.267100322553,9.183999219826806,0.6875768612616694,41.96578822792664,3.198940650934191
31,30,39,388.3539569700528,1.8871603284237497,28.946254706077752,16.90023324763986,7.329810592362105,0.5488152059185412,33.583791922616676,2.571068069885517
32,30,38,391.9662614405522,2.127849511697142,36.359091322225254,18.51979889495289,6.9260498182637535,0.5183240115905235,31.752836855861705,2.42557652759875
33,30,37,395.49230934268013,2.4360680545976945,45.206013263448895,20.355046425619015,5.750005988861455,0.4311541434333817,26.3990213006777,2.043745629790623
34,30,36,393.80699334055976,2.44719463097015,52.035587855270265,20.68666325179617,6.994032347074001,0.5234005079844356,32.060283684608876,2.448341386532598
35,30,35,389.67713286884316,2.5898332810768205,65.18385876081322,21.355902694584735,7.3643734351306955,0.551243166669204,33.745087924485134,2.579376184474347
36,30,34,383.49881751156386,3.0618926750440814,89.72377597613738,23.16463240235512,8.6126633392304,0.6443423652712396,39.42113764256133,2.9992736916074314
37,30,33,377.0989864348684,3.6472100892330355,121.43444923072737,25.572062574120054,8.874003514991617,0.6637903185437589,40.60705145626375,3.08567041003944
38,30,32,371.12045232504113,4.287833448722171,161.37209475540232,28.566510373620822,7.512570149504318,0.5622966763257712,34.425006896572455,2.6305256392809935
39,30,31,365.697167383967,4.9784856576812695,210.98735657236364,32.21223366055709,1.9546474654931059,0.1533461354489674,9.236273680882993,0.9061496155312379
40,30,30,360.7674691379826,5.285912896791071,225.29551209991092,32.65610451011489,7.642223071655833,0.5719924096928888,35.01493098948255,2.674819614306103
41,30,29,356.43539124417475,5.5759886774789855,246.1490091865188,33.417106559696606,8.842486798301067,0.6613995472084512,40.462653183960164,3.073590417085975
42,30,28,352.56715667200683,5.823400485698084,271.7074762056693,34.31831102780295,8.343867611282263,0.6242107829917087,38.1982023826437,2.906244556564423
43,30,27,348.67963460001647,6.066409645138799,297.85317668896323,35.32403883564772,7.32739646248034,0.5484152292695728,33.586687630195996,2.5665237631072118
44,30,26,344.2282703044161,6.367038538107279,319.2665889244148,36.497630744678034,7.506387012069132,0.5616002748522358,34.40452234222185,2.6228456505651856
45,30,25,339.8967376975444,6.582711924701228,337.1001878548866,37.486936125394486,7.780446030586642,0.5819978290325767,35.649816693397796,2.713805489443475
46,30,24,336.08664116819733,6.644916752507561,350.0735287241374,38.030174599956524,7.101806296411217,0.5315657933063409,32.566068963869526,2.4911208612577855
47,30,23,334.2311121461476,6.653235540670264,347.2243241388451,37.5037133128922,4.6589720627682905,0.3506590559269296,21.446776915884186,1.7028662052171286
48,30,22,340.2621503083182,6.928220235951335,297.0380430832405,33.887142086997414,7.858218154800331,0.5881661929525085,35.98849791200409,2.7467623121172866
49,30,21,346.9119678811308,7.134165796613436,236.14735162990684,29.609899928135533,8.62483845113884,0.6452672629966545,39.46530385395664,3.0000829058787524
50,30,20,352.95455167514416,7.249288598403664,176.3732195736735,25.456455451469463,7.929331413774982,0.5933122749774412,36.322492359406326,2.768602995835188
51,30,19,357.9378767058571,7.237433907310589,131.63546608888615,22.578594658694353,7.979168233113459,0.5975275786117361,36.51554773721096,2.7913759073185425
52,30,18,361.5088941292982,7.117860961060998,105.93424707633994,21.203894172070047,9.8619816581263,0.741271074386752,44.71732395865833,3.4239009208593476
53,30,17,363.7337914322957,6.973877007299135,90.61746076947048,20.429866033956408,12.03116747670911,0.9098490566292936,53.85320174990834,4.146055973172223
54,30,16,365.1315105053899,6.829985095966588,80.6620596858031,19.883094944602544,13.981900956576778,1.0649198008216012,61.72177363485271,4.787644146497934
55,30,15,366.0719175748169,6.689772417327803,73.8616964745067,19.45386473123923,15.671723235171811,1.2026311119745443,68.2186374056725,5.335268434859388
56,30,14,366.7515044530828,6.55375228416375,69.08560433728758,19.098753145848743,17.133534112360945,1.3249151812015754,73.56060899406127,5.801367161567343
57,30,13,367.27482015527266,6.422005344971672,65.67456809602146,18.795632694557657,18.405412006739244,1.4342192092925143,77.97017390486108,6.200017596132529
58,30,12,367.7003750084287,6.294542385059822,63.21292955720665,18.531437082320863,19.51926246726022,1.5326201502497614,81.6287176456778,6.5429997001703635
59,30,11,368.0624518447276,6.171352278572908,61.42624323547781,18.297767476462496,20.50042703260769,1.6217693509369702,84.67835253151219,6.8396770945221155
60,30,10,368.3818400070846,6.052404597681315,60.12773261164453,18.08891052162145,21.36900548615963,1.702974090684318,87.23042077716298,7.097478189903524
61,30,9,368.6714639367334,5.937648262588562,59.187338509816556,17.9008008149044,22.141125043519725,1.7772808316319615,89.37299885028565,7.322357644034484
62,30,8,368.9395053755537,5.827012168978105,58.51274615603053,17.73042870001903,22.82990771471773,1.8455394796483922,91.1765318994011,7.5191498056638695
63,30,7,369.19121341283306,5.72040762638348,58.037323158397584,17.575484553793927,23.446174174095127,1.9084502426907912,92.69793840399878,7.6918273770071055
64,30,6,369.4299900258502,5.617731671445576,57.7122498506734,17.43413777633951,23.998955041283125,1.9665976096141704,93.98361208088869,7.843690397970642
65,30,5,369.6580584117371,5.518870541895697,57.501276280211385,17.304895824531663,24.49586672474721,2.020475238337423,95.071648121922,7.977505955189822
66,30,4,369.87688295962135,5.423702905627874,57.37716435635937,17.18651217988059,24.943392095158043,2.070504454438179,95.99352114745246,8.095613082909916
67,30,3,370.087437391044,5.332102662092426,57.31923252536282,17.07792489124384,25.34709350399987,2.117048213866712,96.77536997459983,8.200002794720183
68,30,2,370.290378049349,5.2439412661473455,57.31163446819785,16.97821458223906,25.711776960365018,2.1604217989374654,97.43899558586548,8.292380073818114
69,30,1,370.48615687282313,5.159089594236884,57.3421344294039,16.886575068454587,26.041620477371474,2.2009011253216815,98.00264631129721,8.37421256406214
70,30,0,370.67509544944517,5.077419404086023,57.4012236971422,16.802292284605997,26.34027572379646,2.2387292757556927,98.48164258929161,8.446769304590076
0,31,69,382.59324372726724,1.6665990682635923,49.08971334257967,15.062971178665785,26.937501852794945,2.3190133381293787,99.33923063439187,8.586381095592436
1,31,68,382.8477548471366,1.6503934655225962,48.176384671246964,15.04200912914845,26.69985747279123,2.286561505131621,99.01100865405436,8.531429214655743
2,31,67,383.1032855051666,1.6346550667812614,47.191803772654694,15.021965034241262,26.43791087786561,2.2519210559185856,98.62511478898298,8.469551468030774
3,31,66,383.35843667332523,1.6194898542838487,46.13073103743446,15.003117985566384,26.14894490901961,2.2149067716379913,98.17125938758618,8.399830219352056
4,31,65,383.6115270428953,1.6050199645985237,44.987599979404195,14.985787391341054,25.829881210882245,2.1753111052955654,97.63724526098441,8.321212723810882
5,31,64,383.8605461557035,1.591386629595287,43.75651176067336,14.970337462139613,25.477217303696605,2.132900190780387,97.00858289566861,8.232487067719456
6,31,63,384.1031013082586,1.5787537738707496,42.431236053613844,14.957181866662285,25.08694863049079,2.0874088525057473,96.26801485900486,8.13225251278198
7,31,62,384.3363584965427,1.5673124406755514,41.00522222970153,14.946788385533944,24.654470831736273,2.038534290531562,95.3949225650385,8.018882529384546
8,31,61,384.5569786135726,1.5572862709282744,39.47162754603028,14.939683276656094,24.174455648958908,1.9859279876758005,94.36457857778403,7.8904781474627645
9,31,60,384.7610517935101,1.5489383319874865,37.823373727559186,14.93645489146042,23.640691188466143,1.9291852000106582,93.14719325405758,7.744808311124854
10,31,59,384.9440356962357,1.5425796939259628,36.053251827109236,14.937755816570126,23.045873430120153,1.8678311262989264,91.70668377754136,7.5792325707130965
11,31,58,385.10070840411964,1.538580296063461,34.15411073677656,14.944302410646872,22.381330416958157,1.8013024781592308,89.99906393266707,7.390599535863782
12,31,57,385.22515459789685,1.5373828584690412,32.1191935028659,14.95686997974778,21.63665322621265,1.7289226786127254,87.97031188013108,7.175111947807646
13,31,56,385.310816313214,1.5395209023338134,29.942739975902285,14.976280839964321,20.799199354770845,1.6498683754781052,85.55352199946694,6.928146267950758
14,31,55,385.350658224861,1.5456423638432528,27.62107876854496,15.003380861926281,19.853429656662716,1.563124784148282,82.6651044947744,6.644013073171201
15,31,54,385.3375206043993,1.5565406840309022,25.154634907352303,15.038997108979203,18.780061132673694,1.4674292676853982,79.19985255713122,6.315651710343485
16,31,53,385.2647457409889,1.5731947271969324,22.55167902454619,15.083863067613393,17.555150382818436,1.3612130969109224,75.02522107934338,5.934297785936646
17,31,52,385.1270944800756,1.5968129712117514,19.835424724345472,15.138483045817807,16.14981629250226,1.2425970677856841,69.97769671541877,5.489363850873874
18,31,51,384.921519189062,1.6288457878674705,17.057557053836717,15.20286307230236,14.533920864744392,1.1096947826010228,63.87564010868542,4.969657017451009
19,31,50,384.6452913390981,1.670782657796701,14.323798701079355,15.275881373362662,12.699261999410888,0.9623979743827055,56.617774342481106,4.371173889597156
20,31,49,384.28102514084173,1.7229624161883277,11.839953837088302,15.353535120279533,10.775157056112826,0.8111004699525615,48.696247929024786,3.7358645243544983
21,31,48,383.7518846756777,1.7809027628427851,9.972798115499586,15.425007930086608,9.416670439317638,0.7056244176802767,42.961668456254884,3.2814414980810107
22,31,47,382.9973065643577,1.8376313989053332,9.168665748394858,15.477694767412135,9.507458567283122,0.7116657230090756,43.43382646197005,3.3061548999395476
23,31,46,382.2655012809977,1.8982954164727808,9.578611723249537,15.51947365182639,10.328580357704734,0.7735060580776086,47.08396928461632,3.578804873939759
24,31,45,381.8480982678685,1.9639019432842648,10.973135592841146,15.5651491401134,11.10936253341669,0.8324053116495733,50.54949874460679,3.84227763399698
25,31,44,381.8254537246222,2.023298439908286,12.951659207777766,15.62341194683893,11.6813902818075,0.8754648388797478,53.09845044800169,4.03719691034758
26,31,43,382.1344776940008,2.0626521007186045,15.189000442549826,15.700816776635744,11.953091029649984,0.8958045101238858,54.321965327896066,4.13092452199796
27,31,42,382.66241468698223,2.0710388370235195,17.556302546218262,15.804138309838638,11.834217115942646,0.886708034018948,53.81218797364852,4.0923834058931305
28,31,41,383.293191231536,2.0435074224374885,20.103558964616212,15.94098077613491,11.213525815036451,0.8399221411485998,51.060403551012975,3.8840624983778813
29,31,40,383.9256211615367,1.9813898316865495,22.977645064626003,16.119950996728672,9.866533851998494,0.7388250001572415,45.03118966093992,3.431093665811486
30,31,39,384.4927917291104,1.8897155268404058,26.333975185345764,16.350895187201605,7.14179202519814,0.5352697496197553,32.722871827758844,2.5200486490555987
31,31,38,386.3810346913302,1.9463161848523174,31.918764244499883,17.228367889222568,4.508767094719789,0.3391317252269326,20.75841341803933,1.6426739820908305
32,31,37,391.8073770021552,2.426362015649661,42.3879277154778,19.665660688681825,5.604771230464091,0.42009792904486115,25.74223399106295,1.989650144838902
33,31,36,393.2317499710392,2.6100131935005653,50.26759715641904,20.74947492693229,5.645026937506361,0.4230848608697009,25.926069488524103,2.002903332019938
34,31,35,390.83938281700625,2.5138513051304017,56.228839557057825,20.54594792188501,4.488946900592096,0.33768263400445375,20.668358278210157,1.6367036625397486
35,31,34,384.61995418617244,2.9707182332276094,79.35099393789383,22.14319182386329,6.997553037669122,0.5241993652479373,32.08684708523777,2.4666049946036632
36,31,33,377.41151482185694,3.6287541829166923,111.17032308781815,24.548553409875506,8.926140307623577,0.6678276721227537,40.84293229025548,3.1073210686750032
37,31,32,370.7984395897035,4.2896603134393585,147.7579673571581,27.244986868388807,8.870619820679355,0.6636656496853358,40.587945416785224,3.087699481278652
38,31,31,364.8731723148428,4.939813054789774,188.60486792848405,30.15665329065474,7.372757277008037,0.5521014479996207,33.78770690904485,2.589865332059623
39,31,30,359.67330074752954,5.4371809805370965,219.41195254477702,32.03892806227869,7.287849429963985,0.5457142206927399,33.40791627850571,2.5607399046289077
40,31,29,355.2165386444637,5.760868563769594,239.69543971981955,32.805150358931826,8.56188548217742,0.640462391204552,39.19506709102986,2.9805207921356724
41,31,28,351.4616722837528,6.007940772788153,263.77163088931275,33.5534338447779,8.325382480594019,0.622767375734549,38.11834035088875,2.89909375183183
42,31,27,348.25120676735975,6.158266045542588,294.0036453457444,34.34476575694218,5.985010964118656,0.4487266914528405,27.4765244465824,2.1261109383567596
43,31,26,344.12795435458474,6.4117875878468364,321.1895973364147,35.60365236931691,6.208468986839032,0.465250295350817,28.49758024587176,2.1981162003384385
44,31,25,339.3126629559176,6.730416931033975,343.1937209093355,37.092909189509434,8.157782484939178,0.610179171221786,37.360042395646126,2.8408549625699004
45,31,24,335.0429770824662,6.917944867152581,362.75472451127916,38.17466368289817,8.164336427763587,0.6106795676666318,37.389754996589645,2.843420702568462
46,31,23,331.7301501745191,6.987472894121758,372.722925046138,38.50087591559913,6.326234417120567,0.4740104804612998,29.031617658589493,2.2369980925504604
47,31,22,333.8123756906976,7.161178620931233,345.17042935430675,36.36533552389331,6.716661185325574,0.5030742234388758,30.80894321849474,2.3666081970666664
48,31,21,339.9504237810543,7.395215163033084,284.28967076356764,32.08072471524472,8.291365085712252,0.6203134179441209,37.95915237269678,2.887686292155733
49,31,20,345.90620928807596,7.553566207498324,214.9716448923483,27.172607637985042,7.742665024941015,0.5794668150897213,35.46351829896668,2.705224068217564
50,31,19,350.9389764538401,7.638699596278257,151.17532119195835,22.60146208878959,5.394843326102079,0.40506904716364145,24.797815031973155,1.938906168875971
51,31,18,355.818405469579,7.469991740683369,118.6416438979339,21.067180810867107,8.233991990551077,0.6181118166318821,37.518438043826954,2.8813900061997044
52,31,17,359.41268966828017,7.260512077507415,99.51843095052844,20.39189127331735,10.994136174831718,0.8289730527717469,49.507084044399,3.8022284773805177
53,31,16,361.803473839181,7.069857597686333,86.61879642700997,19.87790574015598,13.131634555918284,0.9964209913243381,58.365260651303934,4.509844906600494
54,31,15,363.42187866184537,6.895760599502822,77.83869218732352,19.460533977503147,14.92074294503848,1.1402798791846205,65.41800335528524,5.094087547254176
55,31,14,364.5703345644173,6.734166562598466,71.77782677023907,19.110739288282222,16.46040798043039,1.267393235113078,71.18476149851328,5.589002978246375
56,31,13,365.4300658375888,6.582318800308153,67.52838393229136,18.810377139415348,17.80116143059514,1.3810906723146505,75.95100877817498,6.0128039283852
57,31,12,366.10705187962617,6.438518399015667,64.5085562414603,18.547574605829162,18.977039939716658,1.4835622660175949,79.91407544162875,6.378065945911536
58,31,11,366.66422319718396,6.301701575947049,62.341142143314244,18.314395298394945,20.0138696543823,1.576458015231533,83.22341059927368,6.694415090235207
59,31,10,367.1399193477538,6.171163283658432,60.776641385816006,18.105387040674195,20.932160606549417,1.6610865144041769,85.99622227712355,6.96950836911045
60,31,9,367.5581287818001,6.046400292443459,59.64631673575758,17.916674073165595,21.74855083956781,1.7385095510680992,88.32598746577628,7.209548143447956
61,31,8,367.9342403684958,5.927025060924111,58.83353101922934,17.745395203927412,22.476721451694548,1.8096008430703656,90.28806243316059,7.419618698535007
62,31,7,368.27835594614527,5.812718660863751,58.255994399032176,17.589356535296496,23.128044083178306,1.8750874460031628,91.94370228503526,7.603928181608269
63,31,6,368.5972508015215,5.703204901379917,57.85455624305335,17.446815314602034,23.71206055198469,1.9355804683696949,93.34304756953355,7.765989202448448
64,31,5,368.89556428318144,5.59823596592361,57.58598077624494,17.316343632965616,24.23684593055153,1.991598359629722,94.52738749364269,7.908756155366164
65,31,4,369.1765399077738,5.497584335701115,57.41819292000267,17.196740957035832,24.709287148634832,2.0435847866994012,95.53089888926668,8.034730943362458
66,31,3,369.4424949751134,5.401038166503739,57.32708627652059,17.08697680235136,25.135299144689842,2.0919224881756433,96.38199796224653,8.14604525257507
67,31,2,369.6951239342808,5.308398571447555,57.29433870285379,16.98615224347701,25.51999428334272,2.1369441068144397,97.10440209812454,8.24452523318776
68,31,1,369.9356974098561,5.219477957936187,57.30589036974243,16.893473369533176,25.867816457416826,2.1789407334743336,97.71797198059183,8.331742853956412
69,31,0,370.16519451749264,5.134098947408782,57.35086546416427,16.80823244041286,26.18264825698176,2.218168704531379,98.23938540618263,8.409057067606941
0,32,68,382.80750495729467,1.6445362768818383,48.58888560721178,15.02275985291281,26.813877666811155,2.301648506693958,99.17559673685763,8.558241017053016
1,32,67,383.0694383390498,1.6276975407422216,47.63538162960626,15.000472374015652,26.563729445163688,2.2680451842023954,98.81884144666795,8.499775109558637
2,32,66,383.33220972163525,1.6112936798797906,46.607441453244036,14.979176830434147,26.287936027118032,2.232162454534262,98.39942722845929,8.433931682678168
3,32,65,383.59428775899636,1.5954258117189428,45.49955780603403,14.959180766543541,25.983620396274407,2.19380593757135,97.90618597633049,8.359731861973643
4,32,64,383.8538201044514,1.58021004248913,44.30586311209747,14.940837866602905,25.647522716184202,2.1527577730746685,97.32588520698,8.276052715631963
5,32,63,384.1085753597364,1.5657800626507767,43.02011491162823,14.924553509781031,25.27593438826288,2.1087724922039355,96.64281537443361,8.181601851547128
6,32,62,384.3558753665875,1.552290267970002,41.63568380363826,14.910790652708991,24.864616967239648,2.0615719028238986,95.8382823161728,8.074886306362616
7,32,61,384.59251699156084,1.5399195155217917,40.14554617016533,14.90007585702068,24.40870155283226,2.0108386979349335,94.88997859723737,7.954174114684986
8,32,60,384.81468311564333,1.5288756403964756,38.54228587847685,14.8930051306279,23.902562875530695,1.956208404611364,93.77119916855526,7.817446436964693
9,32,59,385.0178436935877,1.5194008715618068,36.81811292178125,14.890249011313044,23.33966056926826,1.8972591803876337,92.44985608503,7.662337493857508
10,32,58,385.1966498977082,1.5117782871720435,34.96491436818505,14.892555931458233,22.712338307631008,1.8334988558437355,90.88723462818419,7.486058878940891
11,32,57,385.3448281051056,1.5063394271767123,32.974367791338324,14.900752262022486,22.011570527788535,1.7643485932699037,89.03642258889298,7.2853044202386705
12,32,56,385.4550865761883,1.5034731090291782,30.83817744864531,14.915736357191571,21.226649474585134,1.6891228234713782,86.84034835923391,7.056132680233219
13,32,55,385.5190565917746,1.5036353221684906,28.54855588486612,14.93846205043451,20.34482168336057,1.6070064590599824,84.2294220885858,6.793829613436607
14,32,54,385.52730004950877,1.5073597101379415,26.099206090044987,14.969903646428518,19.350941188118373,1.5170349232385467,81.11901169867666,6.492773464321685
15,32,53,385.4694175249341,1.5152673580052816,23.487347549860218,15.010987859057934,18.227394012586583,1.4180968785498846,77.4077894396744,6.146387249766556
16,32,52,385.334247913772,1.5280727707358124,20.717971907785824,15.062464434470266,16.955141789619557,1.3090245283577675,72.9805954915682,5.747464726874083
17,32,51,385.10994509772985,1.5465782695151642,17.812965708221512,15.124656816261624,15.518630367184477,1.1889793639431732,67.72793968128943,5.289796633697418
18,32,50,384.7830475268927,1.5716379894073822,14.830935110484887,15.196967191573487,13.923312551899848,1.058791188031181,61.62134741953659,4.774046468466071
19,32,49,384.3343559745531,1.6040727227997835,11.90941611479576,15.27690790332105,12.250624712570794,0.9251051318874833,54.95733098364638,4.226231941334551
20,32,48,383.7326675105051,1.6448146259605907,9.34231508275279,15.358715443824533,10.783434744931428,0.8097325123328741,48.927416344246794,3.739980652159078
21,32,47,382.96116246039,1.697129575499226,7.648364977079211,15.434311719108525,10.02957992021468,0.7509460807775976,45.77627619872585,3.4857748379053963
22,32,46,382.118829270663,1.7700615780253748,7.403665607848765,15.500949087484797,10.174261109529715,0.7616134671506635,46.43640307285724,3.530403349037735
23,32,45,381.41348649769077,1.867781298889144,8.709221476647272,15.564679676031027,10.791810948970978,0.8083232134169569,49.158397154733755,3.7362641550961957
24,32,44,380.99617634418297,1.976192306247364,11.007378890515028,15.634456009078765,11.406996037479317,0.8547458226265068,51.884199422376085,3.944029366138555
25,32,43,380.89611101163695,2.0723190914859915,13.651681892716027,15.720141355820974,11.777530379964782,0.8826045307057354,53.53795293495835,4.070560592950536
26,32,42,381.04801342637774,2.1360063344267797,16.322348157443173,15.832065128828635,11.825054293512707,0.886061204565954,53.76522889200634,4.088294355723502
27,32,41,381.33866874961774,2.1561660511847727,19.033485351019237,15.979803093610567,11.501251742422284,0.8615612606414423,52.34229711071012,3.980439366522846
28,32,40,381.6583336796932,2.135133556554285,22.021446635027317,16.17438734512962,10.680220103535799,0.7997938632198008,48.68768630286419,3.7047364963884406
29,32,39,381.96321861756104,2.0887949616015415,25.617084197777487,16.43972806378955,9.096936013487461,0.6811727797691258,41.5745139457629,3.1732042260420164
30,32,38,382.617304959516,2.080012144942955,30.49483114400816,16.94839006563103,6.792651967136262,0.5091389553381476,31.141253058058414,2.401593646214257
31,32,37,385.4902275856384,2.358596239429846,39.00096516358326,18.49586527138647,7.220968541996908,0.5404815494905918,33.08342797795433,2.5280508079768116
32,32,36,388.0984095492591,2.688411756221831,48.76653012680491,20.118701839683094,7.460607902523855,0.5582852931393958,34.16550783968422,2.6053488201216983
33,32,35,387.3436536349344,2.8135412396186696,57.55681583333066,20.73524065571997,7.189819476601342,0.5381856177294398,32.94036059636194,2.51809771789462
34,32,34,383.61657447095246,3.0387985596759703,72.4335811445562,21.52863171702248,6.711230487764414,0.5030308466250052,30.77050325688873,2.3732703283010443
35,32,33,376.9050037068941,3.6403962646695263,100.21984594276705,23.545491939249253,8.739499973268707,0.6540989636692888,39.98551417529551,3.048614250725269
36,32,32,370.02949370699855,4.297744583230503,132.7946514776096,25.891339347892725,9.559263605890258,0.7152159428129927,43.699655389577586,3.321560121690307
37,32,31,363.69318338550056,4.932953772162714,167.90732135749562,28.321501713175042,9.241026133063261,0.6914235461862718,42.25951566141945,3.2140277133796085
38,32,30,358.13498602520184,5.488274219635403,200.8276301266651,30.421124277161738,8.675253907133586,0.649132464860897,39.70182482289966,3.02345306046548
39,32,29,353.48044236573566,5.909950151600917,226.30136709501335,31.74136233996226,8.757753842833385,0.6551177867592787,40.08218213790898,3.047242792469809
40,32,28,349.69322552531315,6.231793001954007,249.22952603350421,32.65045174359091,8.530412364898394,0.6380199265047991,39.05053982039155,2.9670282701814346
41,32,27,346.5478480612119,6.45333981125745,276.742642967198,33.53053307236581,7.245832752711025,0.5422194486997477,33.21617654897503,2.536222970330611
42,32,26,343.4277680135359,6.596484969037161,310.1780032010312,34.60915604436287,5.549521762940158,0.4162869551042426,25.49705159118753,1.9809144994621148
43,32,25,339.0446491607987,6.897240080860474,338.3093064802042,36.25871040109103,7.880103257687284,0.5895968672855237,36.09232503399707,2.750261573251528
44,32,24,334.91351198530464,7.170614057856223,363.80573219225374,37.72937161540895,8.814735167074527,0.6592605668104051,40.33675377213601,3.0625085374470595
45,32,23,331.8266274349506,7.376635690098356,381.9279265529938,38.55023450927105,8.301223409772405,0.6209584838234959,38.00965046050654,2.8909766221353546
46,32,22,331.38545402725686,7.549651282680413,376.9021202829613,37.834276520696775,7.537441106690763,0.5640131122331938,34.546162037340935,2.636003155090395
47,32,21,335.015230818449,7.7107899763249055,332.11888213103043,34.67474668440281,8.079957310931887,0.6044437143759167,37.00679863473608,2.815930680163264
48,32,20,340.4285025494734,7.812639016307038,261.8961273133389,29.910630774559877,8.260705156512273,0.6179784201995662,37.82347046937786,2.877060934307288
49,32,19,345.5299531132952,7.881836479709563,187.97433483285903,24.716603742644214,6.459590795256734,0.48404279765282776,29.640264004582082,2.2846740117919646
50,32,18,350.3556560076692,7.798340120896911,135.70585709382792,21.425111971974918,6.38912749698831,0.4798587567918572,29.24380502923805,2.2720983024665906
51,32,17,354.8752780360953,7.543858037354882,110.85369525739087,20.578394986278216,9.903040501384982,0.7451887897734337,44.81057443501926,3.4395930334732525
52,32,16,358.13643861679753,7.311694886997287,94.1889130125251,19.996175330174374,12.302318419081713,0.9306993054385804,54.99423978115989,4.237149719351393
53,32,15,360.4392077723679,7.104688385229352,82.91501000298348,19.541165413297108,14.205122401912702,1.0817550697270575,62.674673903523015,4.862510225332528
54,32,14,362.0984660069784,6.917223003791367,75.23907703629426,19.16994624994591,15.818381830550557,1.213293177172667,68.85871421606916,5.384834604807217
55,32,13,363.3393273220933,6.74468992591099,69.93753297285264,18.85677440541214,17.220336480142663,1.3307048888449842,73.95998952778407,5.831381508749679
56,32,12,364.3066151648677,6.5839757076685625,66.2177066074244,18.58569487328458,18.451370925037185,1.4366270931979146,78.2090069251457,6.2168411381617545
57,32,11,365.0908559548456,6.433039491118822,63.57207807664142,18.34666057235845,19.5385432134011,1.5327716760628571,81.76522630912741,6.5513087213159675
58,32,10,365.74883806120687,6.290510443669691,61.672106657215494,18.133149149288087,20.502615742283144,1.6204391596985872,84.75082596716254,6.8425973501975115
59,32,9,366.3167913355536,6.155423286762573,60.30071180935906,17.940744422613378,21.360423096790083,1.7006835016216,87.263302204227,7.097043645068403
60,32,8,366.8183390931459,6.027060375193756,59.31107239108941,17.766309959807007,22.12592466533179,1.774380757500383,89.38177716885313,7.319885080151331
61,32,7,367.26924665709674,5.904859621790216,58.60156255628887,17.607508276835254,22.81082764485778,1.8422679597402276,91.17101733797759,7.515493003510884
62,32,6,367.6802836674639,5.788360587958379,58.100303717497,17.46251803489214,23.42502743682786,1.904970228919383,92.68434478338953,7.687540903701807
63,32,5,368.0589790649988,5.677172364818243,57.75545401242884,17.329864657914896,23.97694396582745,1.9630215087666456,93.9658638826174,7.839133961600615
64,32,4,368.4107183032934,5.570953955242374,57.528968823779465,17.208316550961374,24.47378602439422,2.0168809434455555,95.0522028916663,7.972911168875926
65,32,3,368.73944288783423,5.4694019280895825,57.392501677131335,17.096819820352877,24.921761438130723,2.066945949808841,95.97389118648216,8.091126620157874
66,32,2,369.04810477060295,5.372242382129554,57.32465288538597,16.99445598591749,25.326245232877298,2.113562698492715,96.75645656606855,8.195714630097044
67,32,1,369.338966664282,5.279225518723905,57.30908495165414,16.900413687003585,25.69191494284984,2.1570345479451296,97.42130519454098,8.288342193793953
68,32,0,369.61380370303795,5.1901218305175,57.33320695415699,16.813969081053926,26.02286011160634,2.1976288595294555,97.98643160308563,8.37045150632624
0,33,67,383.0262826401678,1.6222795331333741,48.08863669985945,14.980539955539596,26.688304667733647,2.284269459683838,99.00435222294657,8.529374161112006
1,33,66,383.2960309245264,1.6047787256523227,47.09622881904697,14.95684767420447,26.425636323423223,2.249534832312291,98.61807101352687,8.4673497903052
2,33,65,383.56647266993195,1.5876729990305787,46.02652409703397,14.934226273253296,26.136016581377742,2.2124353398237955,98.1640679654364,8.397501535175554
3,33,64,383.8359426232597,1.5710566187826789,44.87381686499131,14.913014377993122,25.816422998946948,2.1727688350160204,97.6303150608073,8.318793092741018
4,33,63,384.102412059412,1.5550371068515014,43.63202213897833,14.893603330044844,25.463433927707147,2.1303089762256584,97.00257840660926,8.230036767707318
5,33,62,384.3634171951069,1.5397373075287435,42.29465466764724,14.876444014482601,25.0731616927485,2.084801129578239,96.2639857781961,8.129867423923116
6,33,61,384.6159732107332,1.5252977771525775,40.85480686653048,14.862054221971686,24.64117152036543,2.0359573753910256,95.39449950472383,8.016710952040615
7,33,60,384.85647118067084,1.5118795106228693,39.30512580194804,14.851026359240553,24.16238274352432,1.983450403420484,94.3702714967027,7.8887459296926785
8,33,59,385.08055495461474,1.4996669792148771,37.637790136488434,14.844035132670738,23.630948189863492,1.9269060501807354,93.16285202466378,7.743856898279986
9,33,58,385.28297494968024,1.4888713758898562,35.84448987075764,14.841844509794655,23.040107409287156,1.8658942347565424,91.73821941527734,7.5795775441580675
10,33,57,385.45741605941356,1.4797338139978367,33.91641633132322,14.845312718928307,22.38201046867619,1.79991816099147,90.05559793771145,7.39302236835804
11,33,56,385.5962976340858,1.472527946891062,31.84428060118269,14.855393110878085,21.64751389498486,1.728402062937603,88.0660462714396,7.180806992836351
12,33,55,385.6905447567663,1.4675609770318276,29.618403371116017,14.873127069618427,20.825965388679922,1.6506789633619228,85.71085704073064,6.9389622577368915
13,33,54,385.72933111412465,1.4651711710019941,27.22897658753,14.899622233838144,19.905035908251513,1.5659831551272836,82.91998343036548,6.662861409669273
14,33,53,385.6997915731363,1.4657186893648357,24.66673220931203,14.936003945499492,18.870770987597627,1.4734607296384443,79.61120135930028,6.347218048581009
15,33,52,385.58668834741076,1.4695651604184503,21.92457807142135,14.983317940561747,17.708335684243135,1.372234282249843,75.69206081739313,5.986315215689219
16,33,51,385.37197246303145,1.477039085778689,19.00156493862528,15.042344391244038,16.4047256887858,1.261617710783349,71.07028101142427,5.574897222836576
17,33,50,385.03413018666816,1.4884050884521849,15.912599139179434,15.113255759622351,14.956717313197151,1.1417259509091007,65.68738169783694,5.110836013244612
18,33,49,384.5475208240384,1.503969718184257,12.71263819868551,15.195038014489816,13.391503050883234,1.0150320323957287,59.6097736819833,4.602107240388327
19,33,48,383.8847826532058,1.52495122256407,9.557569528951547,15.284755371061163,11.811510331640116,0.8897050876635194,53.23222858912508,4.082026061671045
20,33,47,383.03595580655326,1.5571417479189367,6.849814740126021,15.377486797661629,10.463543740733126,0.7846404070997681,47.60510903637835,3.6329941665086785
21,33,46,382.0610520089787,1.6185541060097703,5.458898404442053,15.468485222249035,9.780036844583583,0.7320768182206725,44.67326838193402,3.4014694197629893
22,33,45,381.1151369494792,1.7319725862346744,6.3223486590374876,15.556449806878692,10.059288879717464,0.7531397862677386,45.90431093301276,3.491775918436659
23,33,44,380.356544027009,1.8871821695145372,9.009097207567095,15.645002233931375,10.791814849958863,0.8083661126033224,49.15345535823779,3.736811503023645
24,33,43,379.8751460286552,2.0480816125066483,12.271973610633992,15.744150107713294,11.335854258980747,0.8493036409351441,51.57681145889168,3.920668785353196
25,33,42,379.6729328526098,2.1823770641429423,15.420751177831278,15.870385890950967,11.530913580709088,0.863913382313525,52.45492373254682,3.987934474713497
26,33,41,379.6580720673083,2.267386542328656,18.365464483438927,16.04050655175272,11.434276944388566,0.8565189901282522,52.041939141753325,3.9568478001507508
27,33,40,379.7049149789144,2.3003670000702723,21.41994359150874,16.272166386480713,11.06269045763437,0.8284420212833981,50.404074264968344,3.8325452501504156
28,33,39,379.7561628132176,2.306357082790704,25.154309146200788,16.601320123612002,10.33425480659174,0.7736741677273364,47.155487007402115,3.587608848419847
29,33,38,379.9711026214668,2.338442811064395,30.248557650345305,17.129033882622174,9.329107234451781,0.6983361897917575,42.63417786704427,3.248452227544247
30,33,37,380.8982498533581,2.4922016230229436,37.60268925957662,18.103538232117696,8.863295674068615,0.6633357989311502,40.523338475483406,3.0862069393767353
31,33,36,382.27788130276946,2.7787511697071556,47.269266776958645,19.46812594543514,9.100689656296348,0.6809130323716807,41.590106088898864,3.160425038453956
32,33,35,382.22863169600384,3.0525877960641594,58.12070794947827,20.606244232351763,9.116554125833026,0.6821246732248173,41.65842027072357,3.165950949589201
33,33,34,379.75427102553715,3.3267235596098335,71.83293181397951,21.5416243614859,8.897154333094003,0.6659162095406198,40.66718288666788,3.097610523400824
34,33,33,374.81885585722114,3.772947916644103,92.77840284672786,22.939090512344844,9.297510192624836,0.6959036779316464,42.48945970448659,3.23621683317922
35,33,32,368.5033100003168,4.363538069523844,120.1389129973336,24.819726647519442,9.963905319179936,0.7456167000012547,45.513038340587066,3.4596527531153307
36,33,31,362.0733652766523,4.974616637735043,150.49400464767268,26.842629519510112,10.036866569847284,0.7509817336896223,45.84958273866142,3.482801679550099
37,33,30,356.175546298539,5.536789329928899,181.00836797415081,28.747344341954154,9.632321909351596,0.7206419622684157,44.02888831091571,3.345003163463024
38,33,29,351.2243978693545,6.006370793386366,208.57462156615244,30.289549080315027,9.222157488627792,0.689839445932117,42.180767364136535,3.2037430657795882
39,33,28,347.37103249805244,6.394916538952524,232.27033117622977,31.467669283802422,8.690966634305754,0.6500365633302044,39.77541305330312,3.0213753197538624
40,33,27,344.32665501097483,6.743416126267761,254.60185401238158,32.50679110386307,7.377710706282292,0.5520684111907314,33.81240386393504,2.580346702612909
41,33,26,341.47319035684603,6.966710700150246,285.06909661367115,33.71382922579198,6.724463269170355,0.5033620336351854,30.849041183981846,2.362218851568391
42,33,25,338.16243439004876,7.137299699952353,321.4835072231692,35.26892794655804,7.930110745549651,0.5932955719172686,36.31862484111867,2.766070054444732
43,33,24,334.62409807937877,7.388268707993712,353.8235997193607,36.91007746984984,9.05305746783639,0.6771408895645301,41.41062882335509,3.144056456925523
44,33,23,331.71681088757305,7.661668940008441,380.97803033711045,38.217863300545574,9.02407790122061,0.6749849206663102,41.28313908679123,3.135140617186363
45,33,22,330.38321427635634,7.931136257972543,396.2480498905294,38.66311661464057,7.990471159948472,0.597843761528237,36.60154260187903,2.788982195499276
46,33,21,331.92990478603787,8.114385654076239,376.9007698800725,37.064207583421094,7.416129419774486,0.5549911734287165,33.993796198505514,2.595751961010888
47,33,20,336.3537806339076,8.115201892431333,310.47881952379953,32.8607830508344,8.228853571960235,0.6155378793750458,37.6827671887379,2.865798419167829
48,33,19,341.55320499681864,8.059254700998158,232.2057394637954,27.860234631285255,8.292185043696726,0.6203273786141921,37.97395537539729,2.8901413883374025
49,33,18,346.3837500507897,7.9670731091441,167.01388279053066,23.663377933044767,7.924692313583559,0.5935091591745354,36.26886090833749,2.7754149529700505
50,33,17,350.83334208090986,7.769071798596252,126.83317193036588,21.44498275371643,9.425854582146696,0.7079310554903832,42.821344854636585,3.280780429472046
51,33,16,354.52325378407704,7.529777939471113,103.68920040461768,20.40674078284538,11.611104516535514,0.8762128515830546,52.16210041956618,4.009245210221553
52,33,15,357.33138597548157,7.302609354549848,89.09780437344389,19.774180548425797,13.545885172139942,1.0284502499783794,60.097513630456994,4.648013228131227
53,33,14,359.4422806855216,7.094646121850553,79.46336241258585,19.31917851308804,15.213215755013001,1.162955339486526,66.6144987081188,5.191065930654246
54,33,13,361.0563344003032,6.903827214951553,72.91851343115619,18.960848252128258,16.667330344560156,1.2833563436066917,72.01777883959352,5.657357102449577
55,33,12,362.32568338174156,6.727300460145003,68.37161470218193,18.66277761448875,17.946887911608968,1.3921607989760876,76.53218413321012,6.06091529921118
56,33,11,363.3549456816905,6.562754786197377,65.15554736409985,18.40617330104935,19.07904212989975,1.4910731435843612,80.32064716534626,6.411873508456497
57,33,10,364.2138924861127,6.408469452637382,62.850218108852474,18.180393985549507,20.08461014063439,1.5813790724292613,83.50870518030202,6.718104611214624
58,33,9,364.9489526053957,6.263164057296553,61.18352921316266,17.978933046325857,20.980479530121077,1.6641177852298115,86.19690997880234,6.986014897506342
59,33,8,365.5913630669354,6.125861073887604,59.97433571340879,17.79752276605816,21.780727159923522,1.74015725526499,88.46732470891091,7.22093267967347
60,33,7,366.16250324642493,5.995789262111831,59.09886879328069,17.633176211122713,22.497240665521208,1.8102333825619341,90.38753820922075,7.427336615511859
61,33,6,366.6772998664129,5.872320316664288,58.47051872231735,17.48367763981202,23.140135093600648,1.8749752245603928,92.01351279085469,7.609014802157539
62,33,5,367.1463961524465,5.754927863396225,58.02736273381467,17.34729967993028,23.718066297833822,1.9349237566171689,93.39176102000965,7.769186689493183
63,33,4,367.5775453458517,5.643160666591773,57.72427805157699,17.222640215468793,24.238479090097016,1.9905467555113934,94.56106522499051,7.910600291672556
64,33,3,367.97651771543093,5.5366247619537186,57.52783198630708,17.108524798229045,24.70780759313353,2.042250880335339,95.5538549653873,8.035610846000248
65,33,2,368.3476998081121,5.434971229439717,57.41289368113385,17.003946091471594,25.13163821201031,2.0903915455239863,96.39731827415075,8.146244836190112
66,33,1,368.69449651349646,5.337887583492859,57.360337959131556,16.90802486551284,25.51484272436415,2.1352810071085075,97.1143024741285,8.244252295423797
67,33,0,369.01960495059393,5.245091529529805,57.355457364900815,16.819983889951814,25.861687351018052,2.177194996520409,97.72404758677688,8.3311496913559
0,34,66,383.24954831954886,1.5998958622834194,47.59251465871053,14.936205488259835,26.56129223248416,2.2669370424041038,98.82615982663839,8.499901467706762
1,34,65,383.5275588432643,1.581710799115927,46.56310932486792,14.911018573328866,26.286181799126513,2.23109997013274,98.40956889488054,8.434300813539693
2,34,64,383.80617236938195,1.5638744698458713,45.45400019507041,14.886985227059052,25.982869429590078,2.192819388330787,97.92017921976522,8.360441219399576
3,34,63,384.0835922463584,1.5464724953565114,44.25938439424456,14.864477656987383,25.648205843149462,2.15188707227883,97.34513948344316,8.27723420095774
4,34,62,384.35761289722853,1.5296015256415463,42.973084564699775,14.843928131730015,25.27863235840417,2.1080703877030866,96.6692715280285,8.183434512154246
5,34,61,384.6255323574626,1.5133706307122727,41.588527558899614,14.825837308408877,24.870115485467142,2.0611083989982184,95.87462752591382,8.077614214844827
6,34,60,384.88404426395266,1.4979027668655127,40.09871984639123,14.81078337140169,24.41806908483858,2.010707240649013,94.93995692450808,7.958131805590351
7,34,59,385.1291039046969,1.4833362191377675,38.496217860885224,14.799431811467723,23.91726189541874,1.956534637691502,93.84006480650812,7.823095490850929
8,34,58,385.3557613593447,1.4698258219306806,36.77309080424364,14.792545450934497,23.361708448627358,1.8982134934286377,92.54504174177184,7.670319732540023
9,34,57,385.55795264679944,1.4575435848670404,34.920872783622244,14.790993927816729,22.744542508590893,1.835314568724148,91.0193468777712,7.497274516154293
10,34,56,385.7282369222879,1.4466780452239005,32.930501209365204,14.7957611654992,22.057875405917517,1.7673485480742028,89.22073608283792,7.301027832786637
11,34,55,385.857463799922,1.437431143051576,30.792240867527568,14.807948156560636,21.2926495537639,1.693758417741574,87.09905696212176,7.078184506332005
12,34,54,385.93434939907087,1.430010542418486,28.495602612708282,14.828766295109315,20.43851553323718,1.6139144777543764,84.595007589765,6.82483063983966
13,34,53,385.94493262171636,1.4246139843651804,26.029294231086737,14.859512842624772,19.483800455498585,1.5271172830144422,81.63912762940024,6.536506464030905
14,34,52,385.8718769838924,1.4214006555554142,23.38132048210916,14.90151388015582,18.41571528421325,1.4326197575945385,78.15165366574278,6.208258168408513
15,34,51,385.6935938996297,1.4204446056172322,20.539567012175908,14.95601017063351,17.22108995778932,1.329690012336074,74.04453838031915,5.83486929694576
16,34,50,385.3832641614185,1.4216762464597976,17.49381832014204,15.02394879521918,15.888081472309334,1.2177470678694067,69.22775572742046,5.4114317254577085
17,34,49,384.90831496638265,1.4248783233084437,14.242058174302102,15.105641025493801,14.409094514307293,1.096583213922332,63.62142943971731,4.934365363597137
18,34,48,384.23268065745043,1.4300579613405127,10.810782157017513,15.200303583222556,12.783845259787794,0.9665814204512967,57.17019774414218,4.402600340340192
19,34,47,383.3289618604145,1.4394999012050596,7.32988861365979,15.305695429882233,11.02743619187177,0.8292713351590054,49.88399281876376,3.820702896435463
20,34,46,382.2151941955298,1.4665572490280834,4.3541351910605925,15.418207738167986,9.302397328261218,0.6970986499710604,42.44525964989445,3.243814657111182
21,34,45,381.02226994078876,1.558760143243029,3.7770407568622204,15.533219824952031,8.633846771862608,0.6464208123743175,39.49354464380838,3.0163955133538307
22,34,44,379.9395283149356,1.7485111800898046,6.826570669489044,15.646843382862947,9.623032597698609,0.7205899554656335,43.92337075016985,3.344192558961895
23,34,43,379.07331053512496,1.9755772833084588,11.042558872545598,15.762089208944438,10.566410745888925,0.791361988487858,48.15025573421196,3.6603974240737447
24,34,42,378.5080703160019,2.1907810275172634,14.91767419367632,15.898201609518742,10.937754412636485,0.8192340258934953,49.81354758400618,3.786349567012385
25,34,41,378.20933347855197,2.358686895886071,18.21267482150847,16.086132184094794,10.942923919906871,0.8195763099484342,49.845625217073206,3.789863833755286
26,34,40,378.0143359679987,2.4554557892539663,21.214013975056204,16.346945086017943,10.84256919088191,0.8118989493523818,49.4169918423414,3.757194938182014
27,34,39,377.78759966531663,2.503146093556277,24.70403445068058,16.712593654995857,10.657872770597928,0.7978638892787542,48.61182579409154,3.6952154144882146
28,34,38,377.54593267409615,2.5618128751973197,29.65682678695697,17.250332258795748,10.344261719689577,0.7742430121835947,47.214923062118075,3.589301312337546
29,34,37,377.4730548789177,2.6945237724635263,36.734054349674864,18.056981689892865,10.114999077472769,0.7570139178758354,46.1785642810978,3.5102452388616414
30,34,36,377.58627408141416,2.9338437978637373,46.104016898727906,19.159970754193008,10.194347254724743,0.7629061879079668,46.52339865886201,3.533844931020591
31,34,35,377.16448463949234,3.2400620924796453,57.43141521121436,20.350258598088484,10.329635150890876,0.7730370311668862,47.123461193507744,3.578082321743006
32,34,34,375.25351148805015,3.575608006706332,71.00480572651756,21.45681000187339,10.30855120644975,0.771525309928691,47.02630656555453,3.5725268901423646
33,34,33,371.4693449044384,3.984790154840191,88.54103667996586,22.654005322538882,10.307131897559676,0.7714738608817894,47.027367297764,3.574847316480072
34,34,32,366.11401181998843,4.500719525531677,110.95973364922376,24.123209290610134,10.471174899823318,0.7836990252112468,47.78152955887565,3.6311261975951314
35,34,31,360.00116471678575,5.0697587132298505,136.74150812995003,25.757377095427046,10.460688245727031,0.7828095207548442,47.74806933237017,3.6268764539176543
36,34,30,353.9080986027021,5.620344560825358,163.73285245783308,27.361016060560917,10.04364887822817,0.7514974383298909,45.877852052363,3.484908454093851
37,34,29,348.51890418992315,6.097803096078151,190.38510487725483,28.801884954859446,9.39642291356163,0.7029537135239493,42.962210717189635,3.263871077464673
38,34,28,344.46382757206544,6.483868216138884,215.9881601358113,30.09028048272412,8.770279069888291,0.6559745763850434,40.1313435394133,3.0479018774825266
39,34,27,341.662922013238,6.858318105145065,238.0538725007408,31.297028390400513,7.492017481709211,0.5605884162747262,34.32831741065358,2.6179565969041096
40,34,26,339.32895804623166,7.311912654508911,254.88841753865202,32.478164464363736,3.526505331683766,0.2670524878831628,16.30386776038812,1.3445147628019731
41,34,25,336.64187579228036,7.394035610020011,297.13057456124295,34.14566242719716,7.479761150350738,0.5598163234939377,34.26992996520257,2.617469665465744
42,34,24,333.822680683409,7.574078474848902,334.73891706701806,35.839780543237424,9.136262455108598,0.6834331409733532,41.780711277193554,3.173103806102204
43,34,23,331.32454332559456,7.840991288682049,366.75246757048114,37.364417673458725,9.495228658678863,0.7102979699650923,43.407300801250585,3.295473708628374
44,34,22,329.7609595271822,8.158240126724,393.78161060023666,38.500628606582836,8.529203530300064,0.6382119350300539,39.03535742375936,2.972901851390528
45,34,21,329.75654041428584,8.506222143636453,411.78760209901213,38.914837106478316,5.753915939901672,0.431684890486534,26.429912035066877,2.054667662419351
46,34,20,333.14606818073645,8.489066647502561,359.0346883186277,35.70553326344854,6.750138185062675,0.5055114967665724,30.960256384994462,2.376410587787611
47,34,19,338.37203753323854,8.281385836345557,271.03259448237213,30.602873835181498,8.408911943220716,0.6289707734147627,38.5033699912988,2.92739814595307
48,34,18,343.36940866285045,8.103679623623306,196.91643699944382,26.10794709080077,8.820112019690878,0.6599394648936601,40.352930128828234,3.07027673865881
49,34,17,347.6897323111723,7.9169472151771725,145.58939712680075,22.981469117277637,9.581848543203284,0.7184198284658523,43.64429146799231,3.3314078093801918
50,34,16,351.35252395454336,7.699057905095984,114.66848292319753,21.219023795798506,11.171106678491538,0.841157939618846,50.40092528814254,3.863959782626805
51,34,15,354.3539948344793,7.472863734467871,96.10598768964371,20.23097563360852,12.974793611558924,0.9825373954399197,57.84611062189711,4.4615333047417565
52,34,14,356.7534317676079,7.255835388516925,84.2986272300212,19.60239830889329,14.651891586182648,1.116768656294319,64.49354173299433,5.010320472775097
53,34,13,358.66747327467806,7.0527945860247865,76.41110906777465,19.1509344915524,16.14483440903802,1.2391712088436568,70.14114065783126,5.491823641123559
54,34,12,360.2126484862245,6.863749617981359,70.96201512048097,18.797908594479107,17.466451402975906,1.3503434526060376,74.89738098472233,5.911347166299666
55,34,11,361.4833394582852,6.6874520277043015,67.10832645164153,18.506215112019284,18.638731260742734,1.4516073709712318,78.90332568206304,6.277267942012452
56,34,10,362.549770487816,6.522505755321051,64.33767306334975,18.256587112159572,19.681651524062996,1.5441790273622304,82.28275233856296,6.597188897283215
57,34,9,363.46241468602756,6.367661662066908,62.32369173034948,18.038108320190947,20.612068411054345,1.6290836821390755,85.13824863327515,6.87753657672694
58,34,8,364.257198226227,6.221864399631672,60.85088267620981,17.844087870465398,21.44416055344004,1.7071839876967412,87.55441100609167,7.12371163511643
59,34,7,364.95978353753327,6.084231806826962,59.77265901830401,17.670121485512063,22.18994383357999,1.7792128450164595,89.60126372022222,7.340274854506324
60,34,6,365.58869939500244,5.954022131055816,58.98673115607829,17.513118328451796,22.85967603940702,1.8457984447621156,91.33701812766472,7.531099032204058
61,34,5,366.15752092153025,5.8306044520532385,58.42011222504067,17.370784692563266,23.462166956463232,1.9074829987067106,92.81023981035425,7.699488465581484
62,34,4,366.6763608031719,5.713435284119104,58.01969822406623,17.24133657756875,24.005021581823325,1.964737246844409,94.06156819560856,7.848274151048774
63,34,3,367.1528860375249,5.602040830435835,57.74618841760774,17.12333262538891,24.494835081411306,2.0179720347942967,95.12509759891411,7.979890741743178
64,34,2,367.59301424425104,5.496003653208399,57.57006483299908,17.015573032906804,24.93735125459547,2.0675477200654218,96.0294960971301,8.096439370137622
65,34,1,368.00139457180813,5.394952612155919,57.46887356172299,16.917035979851516,25.3375924374629,2.113781889010221,96.79891764866393,8.199739262560524
66,34,0,368.3817433502675,5.298555180061086,57.42534829120794,16.826836106222267,25.69996661529532,2.1569557236742973,97.45374928271131,8.291370352518456
0,35,65,383.4772267725367,1.5774691712740934,47.10445870337388,14.889642040518225,26.433391797636393,2.249714741808498,98.64182421297987,8.469957866483396
1,35,64,383.76400517746157,1.5585877290621455,46.0406729287765,14.862858068847794,26.14601517032747,2.212812793334403,98.1943747451926,8.400791398664404
2,35,63,384.0513709673292,1.5400038707157893,44.895379273234994,14.83731234448581,25.82925981184046,2.1733968597104516,97.66909987703022,8.322948171503059
3,35,62,384.3374044926867,1.5217932421331044,43.66281694589868,14.813412904089217,25.4798714726316,2.1312545387000488,97.05237799686539,8.23529396514422
4,35,61,384.6197303573494,1.5040399757162914,42.33689136285609,14.79163595024659,25.094182852562874,2.0861493127663313,96.3281635552635,8.136534562806228
5,35,60,384.8954121829799,1.4868373524671163,40.91116309995674,14.77253593565962,24.668051648298867,2.0378170124967445,95.47754303842984,8.025190639974387
6,35,59,385.16081937539224,1.4702883005306928,39.3788349166187,14.756756831525871,24.19678853678515,1.9859617391277697,94.4782081324229,7.899568451582845
7,35,58,385.41145702760167,1.4545055420481754,37.73273434855686,14.745044467537342,23.67507411479506,1.930251225615248,93.30383273585471,7.757725814692164
8,35,57,385.6417467464696,1.4396110666730255,35.96528751299374,14.738259597344081,23.09686446253281,1.8703116788911172,91.92334104644371,7.597433068479239
9,35,56,385.84474138742934,1.4257343905023205,34.06847675698401,14.737390922996893,22.455286355929374,1.8057222649400553,90.3000572172713,7.416129120611005
10,35,55,386.0117498187263,1.4130087042514137,32.03376990293043,14.743566573791535,21.74252549415756,1.7360095915923388,88.3907345177812,7.210873471295962
11,35,54,386.13183830798636,1.4015634609594452,29.85200093261078,14.75806126544971,20.94971408012335,1.660642777230956,86.14447277097852,6.978296171144487
12,35,53,386.1911630882911,1.391511156762558,27.51316896307091,14.782294237607724,20.066824177689117,1.5790296825362111,83.50153361251354,6.714547949532831
13,35,52,386.17207786278544,1.382925138492416,25.00610055542701,14.817809656405748,19.082554619713925,1.49051338521509,80.39198846922831,6.415247195031498
14,35,51,386.051967010195,1.3758050336772376,22.317882753807297,14.866226191787819,17.98410249968418,1.3943604168284165,76.73373083780557,6.075389799018781
15,35,50,385.80183666440934,1.3700299655696178,19.43291048991796,14.929136765598976,16.75633419308077,1.2897032954462293,72.42777493572615,5.6890660826157955
16,35,49,385.38501610586223,1.3653170384586777,16.331316185855144,15.007937527120157,15.37859995436873,1.1753029198645941,67.343215808437,5.248413257132553
17,35,48,384.75726271042095,1.3612609529162363,12.986759509473586,15.103577744528248,13.813685866781121,1.048712967222396,61.26756409716832,4.739999818355116
18,35,47,383.87166091726016,1.3577049547008841,9.36665020076363,15.216250090138685,11.974351299392435,0.9037541532949293,53.75706934880605,4.13388149455635
19,35,46,382.6950216392458,1.3564457783951616,5.467569406726696,15.344982214441416,9.640519706327193,0.7243245068191756,43.76213474114029,3.3568379599706173
20,35,45,381.2567757076136,1.375865910981049,1.8780705559398996,15.486571804584543,6.577925893488394,0.4935076168225423,30.151897331529323,2.337065841709347
21,35,44,379.84333433249236,1.559590439339905,4.3175426237763475,15.632098050843394,7.416255088331126,0.5556496072929056,33.96157354067615,2.607383388412649
22,35,43,378.56608687421453,1.8486380324281386,10.068470148198116,15.771753887785467,9.423176548941997,0.7054877486221509,43.03204400870288,3.2748398391874067
23,35,42,377.55681975318305,2.1410006100962153,14.953833378405704,15.909589357041407,10.121827485833338,0.7577990890005221,46.17338881220884,3.5090031768361594
24,35,41,376.95016077738876,2.4074949385924187,18.771189547434602,16.095274031191018,10.081541763786937,0.754841000718174,45.98813607996654,3.4971637411753083
25,35,40,376.57099603192205,2.5935054069318992,21.751827700488107,16.37655159374798,9.960681668773159,0.7457773493294556,45.45376772009942,3.4589320484056865
26,35,39,376.12692562528474,2.6784985321058157,24.559856133275474,16.757233182126985,10.137235376799195,0.7588263974131806,46.269163052608704,3.518414927639969
27,35,38,375.5057043058343,2.7463905082869386,28.78535253185916,17.297797466554403,10.337582503200801,0.7737018714783026,47.185324940124495,3.585867860325723
28,35,37,374.75700215778016,2.877291295574657,35.53017841525332,18.05812185264068,10.521017919972616,0.7874168158195558,48.010426643709046,3.6477569856856245
29,35,36,373.94662734209976,3.10152456280648,44.79849286122054,19.043643165039935,10.774640720860589,0.8064462685287106,49.137504898579635,3.732328763683075
30,35,35,372.85162522415243,3.409479643756758,56.18519863653094,20.172722463109995,11.026054161231094,0.8253285768179216,50.25217727239952,3.81604879370602
31,35,34,370.92749526049744,3.7744357973653706,69.57189638051193,21.323319369436966,11.139428299394424,0.8338702079605117,50.75368174046604,3.8543561747465724
32,35,33,367.7170961626462,4.192410325408632,85.51214707588728,22.481666863818106,11.11052326579358,0.8317263679939844,50.62681856424794,3.8457493087507792
33,35,32,363.15757202676,4.675896966483062,104.66432311394091,23.727264241526417,11.020514867575168,0.8249415725325151,50.23529207691051,3.8163742889505454
34,35,31,357.59693199861783,5.207918601639026,126.64371916075017,25.05999230998294,10.80774719504374,0.8089060551705443,49.295279435020646,3.7445798714907945
35,35,30,351.5790112007161,5.740174182260001,150.07037203637117,26.370022679384185,10.2650942512462,0.768177160491556,46.86567853821665,3.560926168164429
36,35,29,345.70284832142755,6.220704382023435,173.78014705626146,27.552117194943634,9.25993952004384,0.6929187893801649,42.33605576222579,3.2211156125822744
37,35,28,340.9685605898323,6.590105254165005,199.0356094016053,28.68043307862028,8.203907111752507,0.6138399403254775,37.557498780743344,2.8605873846075642
38,35,27,338.3858828291257,6.8396491721067765,227.3009777019352,29.99110384240388,7.683409885020791,0.5746833423263221,35.19767456903053,2.6771112651981817
39,35,26,336.70123258844256,7.172946144518535,250.4476480716101,31.387269880157426,6.436531056836242,0.48193299988631133,29.53475577123529,2.2656815045700807
40,35,25,334.7252451471729,7.485987127657664,277.560739825876,32.94473698528272,6.885672555593506,0.5156733252780941,31.567574416774114,2.4220433768722125
41,35,24,332.5082621623919,7.684323086501033,313.08785989410757,34.64314081390736,9.011919900253982,0.6742516959865794,41.20990453074434,3.1329170646273976
42,35,23,330.5038797642087,7.934740198703176,344.7779098765484,36.194613100278026,9.850335180857282,0.7369523702498388,45.00211819367699,3.4163154423541346
43,35,22,329.1773679949317,8.229718603591621,371.5278729803443,37.43255699245505,9.497301044574677,0.7106218444318319,43.40777229684406,3.299318245395923
44,35,21,328.99423768197624,8.55204166753986,392.1368446726426,38.17552646495535,7.684510962645225,0.5754261009861162,35.1948552544842,2.6947904699668905
45,35,20,330.83338079193425,8.747599134489892,383.2447352517529,37.2841372175062,5.471389238049871,0.410774293204199,25.14383854084359,1.9637565092528573
46,35,19,335.80512553695735,8.49660012622358,298.9837189396573,32.66234822852597,7.711081274633322,0.5769768199867954,35.33512107949131,2.694787182426258
47,35,18,341.0715111765684,8.234640211744543,217.3066819570923,28.0237584342799,8.466821943125526,0.6333831407654343,38.764403846217164,2.9493995384953893
48,35,17,345.4026003455071,8.017530757318958,159.341116565481,24.507592027264565,9.255201760812946,0.6932345078893638,42.24613957101128,3.2200973549152616
49,35,16,348.82311138848917,7.8145227310203245,124.1572882528095,22.259767233347056,10.711262276688824,0.805128472659313,48.50037779042954,3.7107915529482978
50,35,15,351.7118420826138,7.60380969270842,102.872561635009,20.89749570161217,12.440805195517134,0.9400371155284226,55.70385164808434,4.286184450130117
51,35,14,354.1821313895047,7.3909149029849885,89.3258082380205,20.03756470307018,14.123385041762162,1.073772892122554,62.456600798713346,4.839145470017338
52,35,13,356.2713794796971,7.184279580337305,80.24886984942248,19.447257432943765,15.650429235622054,1.197873101361532,68.32568100930034,5.334170453996766
53,35,12,358.0293459177836,6.988001304545255,73.93267081062649,19.007794908277486,17.010688092390033,1.3111636843149357,73.31048698830207,5.768480976719674
54,35,11,359.5140368036792,6.80319778759309,69.42391892953944,18.6595998048407,18.219686807965175,1.4145003005685095,77.52310798941895,6.148259451369573
55,35,10,360.7796269755743,6.629638967306878,66.14957134539944,18.37134853848223,19.29645062063767,1.5090330897864013,81.08392460421,6.48078054853991
56,35,9,361.8712168849544,6.466598459951685,63.74439635431719,18.12546240327317,20.258054904367945,1.5958008853763308,84.09787761353667,6.772554741285856
57,35,8,362.8242990319135,6.313224472369306,61.965592562945616,17.911394002162716,21.11897968900933,1.6756816406518225,86.6524795903503,7.029106563874402
58,35,7,363.6661109489311,6.168686106916614,60.64658808799841,17.722399696222812,21.891454051789484,1.7494150728711366,88.82027379622367,7.255097009278622
59,35,6,364.4173895999768,6.0322233465030335,59.670203672946016,17.55390782497139,22.585882309964408,1.8176307872219593,90.6615832237369,7.454478319779472
60,35,5,365.0939522979816,5.903157884951778,58.95225247878116,17.402651423048344,23.21119000847295,1.8808704568232737,92.22679079744258,7.630623018831748
61,35,4,365.707955146045,5.7808891846204,58.43114171984453,17.266185447036033,23.775088148920304,1.9396042512593772,93.55813970756267,7.786424888999395
62,35,3,366.2688417958446,5.664885855814454,58.06108829909299,17.142606453728575,24.28427678431552,1.994243184517751,94.6911579189705,7.924378292145855
63,35,2,366.7840413808571,5.55467636179958,57.807585506796585,17.0303833826271,24.744605479806584,2.0451486797430505,95.65579939192106,8.04664154008601
64,35,1,367.2594770600173,5.449840497439952,57.64430980644917,16.928251624512246,25.16120240831712,2.092640180136278,96.47736929326864,8.155088334472785
65,35,0,367.6999360824419,5.350002043726127,57.55096990913144,16.835144372399263,25.538579837330715,2.1370013258800222,97.17728110452845,8.251350035752147
0,36,64,383.7091787190515,1.5551025084123586,46.62877112424269,14.840726573450205,26.305188197593175,2.2326676995688284,98.45228092892445,8.43969018631554
1,36,63,384.0052904808185,1.5355265146380321,45.53399942540135,14.812228204103494,26.00581957817084,2.194746894561373,97.97367802078574,8.366997458235264
2,36,62,384.30207347620797,1.5161949088888296,44.356684019318735,14.785052388949671,25.675985285911512,2.154250928822632,97.41233618752442,8.28523286031322
3,36,61,384.5975015283714,1.497172819595268,43.09128897292382,14.759644829964092,25.31234990612771,2.110965210577973,96.75392944889127,8.193223689998451
4,36,60,384.88904727632985,1.4785313131083075,41.73203550654907,14.736528217834074,24.9111674334085,2.0646517803748137,95.9816353070311,8.08963606892677
5,36,59,385.1735583423583,1.4603474275261639,40.272917746420575,14.716314356726036,24.4682241039442,2.015046215734681,95.07569668508175,7.972951140765361
6,36,58,385.4470972709304,1.4427039054412902,38.70772438153476,14.69971797731596,23.97877343685422,1.9618541746360787,94.01290908111402,7.841437801509796
7,36,57,385.7047324226848,1.4256884346430758,37.03006594071803,14.68757225692041,23.43746311119664,1.9047475995113028,92.76602253296558,7.693121675539972
8,36,56,385.94026166547224,1.4093921116543586,35.233405925559424,14.680845872104504,22.838253505315738,1.8433606277147798,91.30304714847985,7.525750101317781
9,36,55,386.14584295671835,1.3939067199991593,33.31109104457123,14.680661054255042,22.174327320987796,1.777285230627651,89.58644754064707,7.3367527590690855
10,36,54,386.31149489320956,1.379320284053025,31.256369831133853,14.688311506072308,21.43798670416189,1.7060663741337911,87.57219730120038,7.123196620397197
11,36,53,386.42441550551854,1.3657103088787363,29.06237694101371,14.705278041226434,20.620522453159698,1.6291955756262813,85.20861358847881,6.881730118287797
12,36,52,386.4680505704894,1.3531344242017127,26.72203582210713,14.733238316183106,19.71200107676873,1.5460987242495807,82.4347261245533,6.608498880393273
13,36,51,386.42083237401664,1.3416195790306022,24.227780690367524,14.774065076509535,18.700798241509965,1.4561050000633964,79.17743105495184,6.298977145901603
14,36,50,386.25453599168424,1.3311553716000049,21.570888134580684,14.829805497660299,17.57237213914419,1.358358084425684,75.34522375406348,5.947549074540887
15,36,49,385.93234348546594,1.3217086164488947,18.739975612015712,14.902633944554866,16.30585981223708,1.2515616412570598,70.81229498257332,5.546374127356946
16,36,48,385.40714420916413,1.3133014820497753,15.717774458619672,14.994772672107752,14.86473510748218,1.1332743193966648,65.37629533806485,5.082296342513176
17,36,47,384.62161438014635,1.3062391792425379,12.4746732339689,15.10836742685263,13.171894227313754,0.9980318565939239,58.64633409921945,4.528621384481367
18,36,46,383.51347167430526,1.3016394554030222,8.958499752744814,15.24521766734183,11.042483512374355,0.8323197173643743,49.73882466727302,3.8230476322705633
19,36,45,382.0328131043935,1.3029803860365186,5.107908521135542,15.405881865348558,7.9667653433598185,0.5985034325101789,36.28415785490901,2.7979156548807054
20,36,44,380.25967166859573,1.3732545025060197,3.1883692259089713,15.585933095454735,4.662553462436776,0.3510622527800286,21.467632102908617,1.7094935614643934
21,36,43,378.55210579329287,1.6871534072070498,9.990533579370279,15.767805244951173,8.13169082636083,0.6087110033678149,37.22566137526084,2.841800980919503
22,36,42,376.9280336581913,2.0260316734211856,15.8997188709278,15.922500622577171,9.257831189288556,0.6927979786849995,42.31058765478515,3.215772928015416
23,36,41,375.8340875897689,2.3728242421795724,20.197131007291333,16.05933435391939,9.128712861994698,0.6831990260611033,41.71260565041412,3.171330013247175
24,36,40,375.3190704641988,2.694506685998629,23.424245309300005,16.33689295828192,8.423656145559727,0.6307146098074901,38.51929437838965,2.9396925056579537
25,36,39,374.7922498230241,2.84367562228718,25.41821372301311,16.735988632339456,8.679387110760942,0.6497625781088858,39.689964908660365,3.0271279508665354
26,36,38,373.9273282322618,2.8921866228577295,27.94702231917887,17.25666320833973,9.426275779598132,0.7054376635291991,43.076684199751654,3.2768431890410152
27,36,37,372.68605968892786,3.0110249758345167,33.7660420284096,18.008245137975898,10.041281918218894,0.7514837960041901,45.85070794747448,3.4856111130640013
28,36,36,371.15576638819647,3.2357606365523477,42.987976250164124,18.970977001282993,10.697640495734595,0.8007069876011041,48.79455452635518,3.707676413327624
29,36,35,369.38363622936043,3.54997128214384,54.52186163430788,20.06975535381499,11.23586562493909,0.8411194051290612,51.19561579350284,3.8889091491188994
30,36,34,367.147483919802,3.9314011343500614,67.80303009028506,21.21990784816675,11.53831130567447,0.8638571374243129,52.53940522790883,3.990645010376351
31,36,33,364.1035184230237,4.365409009429133,82.90107692323208,22.369372991286284,11.59150275360494,0.8678675766587991,52.77521385751427,4.00879591400864
32,36,32,360.04969284148905,4.846985719026778,100.13912968292911,23.52079684330542,11.437990662633506,0.8563207004565568,52.09544184450704,3.957414715931272
33,36,31,355.05194877472263,5.363716354930592,119.48516071829992,24.67671614391021,11.09363370349832,0.8304167444960675,50.56585601958167,3.8412756365132403
34,36,30,349.390457411753,5.882169892584223,140.1901534294422,25.782118482282332,10.47702687347674,0.7841141081563805,47.810371195447395,3.6328321776756893
35,36,29,343.412401039434,6.360323254269942,161.09299469896058,26.74269392322153,9.345653508284736,0.699405434156745,42.71867331651627,3.251479549111061
36,36,28,337.5561586998141,6.762665731087904,181.8063069912299,27.51395199802383,7.176642214926971,0.5375798146799907,32.89145769368172,2.52575167687395
37,36,27,334.244148419911,6.930396519946774,211.5885548947488,28.595023067122177,6.175015265999992,0.4624602945197646,28.333395104264486,2.176560261690333
38,36,26,333.81341666709505,6.954521883721611,248.54630307518735,30.196448355441067,6.386228906232688,0.4779973701527754,29.298282262727984,2.2423134447136133
39,36,25,332.53826985316607,7.299881269732932,271.83735436018833,31.814171877628752,7.309013403775752,0.5470181719073713,33.50006486628896,2.559185609446933
40,36,24,330.80826111587237,7.654427234928219,296.3763119886682,33.448040119967885,8.932998607330976,0.668404884255103,40.85041864666431,3.1072786391978915
41,36,23,329.21628162062973,7.9490657577551564,322.749380482538,34.963209961762175,10.02987560036153,0.7504787463087872,45.80347326622022,3.4779101186031074
42,36,22,328.18521188126897,8.231580957219723,345.3528803253583,36.15940347713402,10.2222883611293,0.7649198088134481,46.67180012454657,3.5439805485972657
43,36,21,328.17797941121086,8.49491743127968,359.5044057940743,36.7786741104089,9.517808749927491,0.712269128553908,43.492753423577014,3.3079391046566795
44,36,20,329.7720634594591,8.669259246026567,353.8606685900885,36.25495690617768,8.269298312143052,0.618983993107515,37.84805984814054,2.8886424608740464
45,36,19,333.66627592024486,8.59558111089254,304.87126068382815,33.51357360162428,7.878910122824557,0.5896130111729362,36.09287183891054,2.7534141225028645
46,36,18,339.13845871777676,8.331762807632852,226.36929836256652,29.264500176707916,7.600835248816311,0.5687902062764895,34.83600241216546,2.659337378489907
47,36,17,343.9206202453755,8.074204876632917,161.5908006717235,25.527779901952872,7.742844410988848,0.5798823214285727,35.44746957973476,2.713839596391346
48,36,16,346.9542671028872,7.88250971468831,127.81654155755223,23.18650099231249,9.713938575517199,0.7293600136749637,44.13126007904784,3.3775519971376404
49,36,15,349.47872812350636,7.693635844785167,107.61850282325614,21.64783554502469,11.768516538977963,0.8877316534110467,52.88825905216612,4.063602927316501
50,36,14,351.81781437202756,7.494487408178962,93.874610973566,20.593877581769284,13.578722631583497,1.030198979845011,60.29089812364165,4.661364900688506
51,36,13,353.9456448488111,7.292616264271343,84.17872455666335,19.85009669461082,15.171454851657035,1.158423449203494,66.5204895729758,5.180340739676852
52,36,12,355.8341666610495,7.095176100633267,77.19329615520218,19.300848274964842,16.577269835100704,1.2743791645751976,71.76487440086679,5.631677630267832
53,36,11,357.4880837468798,6.906034454629957,72.07982212894387,18.875590335649647,17.822845041432334,1.3797775004799435,76.18595884868061,6.02525530306652
54,36,10,358.9313697671838,6.726705182978805,68.29239214003766,18.53275370060582,18.931088016485045,1.4760724730160302,79.92165261204246,6.36962659557568
55,36,9,360.19404301974606,6.5574367420816575,65.46387352782153,18.24752396845998,19.920887211551495,1.5644435624564992,83.08566255649235,6.6719038343545405
56,36,8,361.30509603560364,6.3978849338253125,63.34043405320223,18.00456390425492,20.807657343198837,1.64583749566338,85.77069546213087,6.93793307706212
57,36,7,362.2897400163874,6.247464979531054,61.742630965818634,17.793981463190566,21.604105309071105,1.7210248719126857,88.05261884086288,7.172552929965789
58,36,6,363.168849274129,6.105522168089861,60.54127143884719,17.6091098709483,22.320875915345557,1.7906465438447396,89.99405174173044,7.37981859197218
59,36,5,363.95932285588776,5.971409672027253,59.64186600908401,17.445261505954562,22.967021198194583,1.8552462014103979,91.64710921922295,7.563169123065734
60,36,4,364.67472903261006,5.844520977084807,58.974331216070496,17.299008170507413,23.550330379579297,1.9152924048571576,93.05545003600018,7.725548487856398
61,36,3,365.3259602634848,5.724300804974035,58.486023027642034,17.167752286822566,24.077565628138764,1.9711937078834922,94.25582526781643,7.869494530843568
62,36,2,365.92180131015556,5.610246225716292,58.13694163919696,17.04946338497701,24.554636510242666,2.023309445311709,95.27927842223534,7.997206464974624
63,36,1,366.46938951284915,5.501903596088908,57.89638028610284,16.942511226537004,24.9867339508216,2.0719577734241263,96.15209764634633,8.11059771512494
64,36,0,366.9745756066461,5.3988639929724265,57.74054993514106,16.84555701814039,25.378436394430757,2.117421901815039,96.89658553176267,8.211338388603455
0,37,63,383.9451785433785,1.5329201161818822,46.17006757454128,14.789327535002286,26.17728939964849,2.2158616015713144,98.2585800225312,8.409254550727798
1,37,62,384.25124698642384,1.5126697454826745,45.04853336973086,14.758980054778124,25.866298427850506,2.176975851739747,97.74879304350853,8.333104028303532
2,37,61,384.5581982070666,1.4926124194069277,43.84436420066568,14.730036021715172,25.523857743820848,2.13546388358074,97.15152451244639,8.247513907593914
3,37,60,384.8639264435767,1.4728033541302867,42.55247864165233,14.702980038851047,25.146574818587094,2.091110843521812,96.45181799161631,8.151280557110852
4,37,59,385.16578480765435,1.4533015941393668,41.16770959105416,14.678383145728132,24.73065382120757,2.043679585857833,95.63217006457786,8.04303970066932
5,37,58,385.4604438900419,1.4341697324604366,39.684870261222656,14.65691728398626,24.271843465936538,1.9929080108458987,94.67210181101592,7.921244073882197
6,37,57,385.7437061162703,1.4154734153269923,38.098844069817616,14.639372120311236,23.765378490215596,1.9385061440494664,93.5476612441739,7.784138098369609
7,37,56,386.0102592097152,1.3972806024691873,36.404705708837966,14.62667448034641,23.20591394700366,1.8801529348880246,92.23084533220259,7.629729167730819
8,37,55,386.2533449459095,1.3796606302136585,34.597882971392366,14.619910566604737,22.587450256374357,1.8174926595841125,90.68892389799575,7.4557547313512815
9,37,54,386.46430902747534,1.3626833408070524,32.67437205247066,14.620350972529767,21.903243045593918,1.7501305103523825,88.88363018911143,7.259643093768095
10,37,53,386.6319833644331,1.3464190901761657,30.631023500246897,14.629478244176957,21.145680739366572,1.6776260908938498,86.77013530921906,7.038462261481253
11,37,52,386.74183287938115,1.330941766153531,28.465923072493226,14.649016406017788,20.306083610830083,1.5994812666451306,84.2955986684874,6.788841653219232
12,37,51,386.7747772998504,1.3163400297543633,26.17890578511941,14.68096161682348,19.374304577930776,1.5151131439839283,81.39677109611954,6.506827497838925
13,37,50,386.7055839586337,1.302749046653246,23.772278985221575,14.727613392208749,18.337837482839387,1.4237895390492896,77.99537013333519,6.187575502857708
14,37,49,386.5007486572722,1.2904309585370566,21.251958659442494,14.791607352799117,17.179754914244796,1.3244749936997395,73.98826334900441,5.824658264099395
15,37,48,386.11590640122495,1.2799689870717232,18.62972927601325,14.875953115412683,15.874069034179026,1.2154801931031134,69.2262491629119,5.408525579996254
16,37,47,385.49320025419775,1.2727319722678914,15.929532128864892,14.984077895818507,14.376208526328044,1.0937405983695583,63.47108176958134,4.923365283201576
17,37,46,384.5601590684063,1.2720680738499976,13.211399754392232,15.119834255127396,12.608108607242915,0.9536899895482528,56.32803349404638,4.3422554505385245
18,37,45,383.2357870010808,1.2872207871321848,10.6900127380041,15.287230895196785,10.469891816747944,0.7881371990939453,47.297272125261784,3.631553924102782
19,37,44,381.4698993107454,1.3519004097702347,9.443015415032022,15.488856399236123,8.271264776188607,0.6204822815988792,37.72972760470794,2.8961540764842706
20,37,43,379.33766335919483,1.553903790041114,12.568300904934844,15.71977128074865,8.06060154245414,0.603379292382228,36.91102980327877,2.8197083679712507
21,37,42,376.9681116040261,1.8732912384714209,18.39231374383617,15.94756124387723,8.674284129259128,0.6489396356626638,39.700292135091985,3.0193564765158447
22,37,41,374.93173266140195,2.2355914294750514,23.001411521559433,16.063385308296628,8.376089729288962,0.6266380144222231,38.32973033306283,2.9139390228019852
23,37,40,374.0678029816595,2.6387727144332573,25.75109357078756,16.121950171544132,7.05823991106876,0.5283176954993234,32.33471926922532,2.469682388035226
24,37,39,373.7501520069737,3.0177501907567756,28.359960946001536,16.656031400340975,5.511531173425151,0.4138554633552744,25.31853081276488,1.9766087965777883
25,37,38,372.7838613125927,2.9982963309809714,27.99758753483252,17.11203202045855,7.718674060039379,0.5777072088666266,35.353253188101704,2.6988576786667386
26,37,37,371.2798393091986,3.0753309196338305,31.41297114867625,17.853924170800575,8.579734345863406,0.6421626743010213,39.249181234156666,2.9924431492904717
27,37,36,369.1358638950115,3.307227284828538,40.46358428961007,18.854637221404143,9.819650187407506,0.7350019216755667,44.84233567996858,3.412658343320282
28,37,35,366.6969177292052,3.641129498430846,52.44194571935887,19.983948233004615,10.911179322403953,0.8168105236825011,49.74190431936862,3.7807869547981072
29,37,34,364.0180158747845,4.0418212801347035,65.85084130614416,21.15201808664608,11.546153730264132,0.8644794441334576,52.57675665538386,3.9946211424011695
30,37,33,360.88926571052417,4.493687087429694,80.51185353191916,22.308977975986117,11.771177046738488,0.8813926865411003,53.577240663274516,4.070300118363407
31,37,32,357.08779793593027,4.986905956287406,96.61435118366192,23.43190835041796,11.6597068872594,0.8730098867484548,53.08094787546843,4.032600311537722
32,37,31,352.5368759504295,5.508367044168201,114.25837671912656,24.5088897397833,11.256973668216474,0.8427327970142727,51.28760679807321,3.8965597125187834
33,37,30,347.3459424696048,6.029801788157396,133.14972515808603,25.508901755140155,10.57656403093433,0.7916297492439776,48.24844266824651,3.6665526966725888
34,37,29,341.7483449396852,6.505150571978138,152.58223931309908,26.37142584640215,9.60244971834836,0.7185835013493733,43.87780149292685,3.33727128739347
35,37,28,335.9890110415485,6.894748809207921,171.8466169551358,27.03386934435273,7.962187892171924,0.596011376248918,36.4650454237559,2.7860720292606644
36,37,27,330.57204446966165,7.1680907317410245,192.3303859562193,27.5470859537012,4.262879695268105,0.32120258644444105,19.643918182645393,1.5709305714259219
37,37,26,330.58413487415993,6.9520802247243445,237.45129545247823,29.071284063390173,5.249026767576709,0.3934998250984043,24.117164742183622,1.8670387674578148
38,37,25,330.39516282267294,7.031246285629242,269.9900909583291,30.71326264342797,5.702675977296364,0.4279083513859901,26.191877781446706,2.037222234496063
39,37,24,328.88933188081074,7.515967015773578,285.36445247542974,32.32401582544736,8.715576812500444,0.6522628267762804,39.864368951081076,3.036512118378455
40,37,23,327.56877026999155,7.8899308729846345,304.5716374732318,33.79817853759121,10.062969230541853,0.7530414582515079,45.9466869897555,3.4903447597406663
41,37,22,326.72097249216023,8.19595684064001,322.5012426978792,34.980778770109026,10.572982956316226,0.7912515653676642,48.24395667652083,3.6629857565062514
42,37,21,326.7591256206198,8.445948388672353,333.12432464580047,35.61570441500051,10.409730185314922,0.7790287372825309,47.51188143664182,3.608398153373465
43,37,20,328.1669015283627,8.605030304136537,328.39474553056965,35.31290678363288,9.782885074490965,0.7320675558699546,44.69214921030706,3.3967973888367484
44,37,19,331.4031293244231,8.601814863538708,296.6366350213807,33.54416750370825,9.034886655665593,0.6760172713921966,41.32262073854423,3.143183820156192
45,37,18,336.529662941323,8.404839753300857,233.4541909662941,30.18018913453464,7.901175549198084,0.5913207094746897,36.19120858037057,2.7620530083699095
46,37,17,342.8276017998374,8.088157171141624,153.3281259245017,25.992309385765672,4.607989362614771,0.34683990737879483,21.218788830475297,1.6867551249393897
47,37,16,345.5833918033378,7.9087710159285525,123.70406021272647,23.787875901459458,7.7570265812539505,0.5825087375776202,35.37029926372641,2.7269540067439437
48,37,15,347.5425279590892,7.748885954424365,109.54414772395306,22.354359476219187,10.826743201040355,0.8157864910873276,48.80746494726473,3.7505684588076402
49,37,14,349.6374920311566,7.56757892837396,97.5701001288732,21.212612487574944,12.970422330260678,0.9824316367973238,57.785611361431876,4.4613436831680255
50,37,13,351.71158949405,7.375606424902434,88.04449339938299,20.339474335236684,14.693738902932829,1.1196905181208983,64.6655447047033,5.02575630819158
51,37,12,353.66110186237887,7.182003722470321,80.68872165511519,19.673939690001557,16.163538326364268,1.2397264340273866,70.25180375631719,5.500177365577238
52,37,11,355.43798416832954,6.9926565431162295,75.06577156417917,19.15721052302258,17.449162725059168,1.3474600273516926,74.89827250041252,5.908674282093878
53,37,10,357.0315384421137,6.810738872474381,70.7757032775167,18.74550109850508,18.58760213984789,1.4454148151141248,78.80596154275538,6.264475280706456
54,37,9,358.4511060567485,6.637634702974111,67.49995556026329,18.408961832311352,19.60287965684539,1.5351642468166102,82.11178529737363,6.576393880124765
55,37,8,359.71447819625735,6.473702750351132,64.99590220694358,18.127674801238655,20.512498930228308,1.6178151399332281,84.9183585164847,6.85097222455972
56,37,7,360.84146933036584,6.318767536899602,63.08118596759216,17.888238638738116,21.330075843850203,1.6942053802898562,87.30643172844921,7.093360574375575
57,37,6,361.8508646363682,6.1724008538592745,61.61892784181346,17.681440191793882,22.066654752123394,1.7650020794729326,89.3413638857244,7.3077621835738755
58,37,5,362.75924414529106,6.0340734059251435,60.50600113307196,17.50077225038348,22.731457486447887,1.8307563672085703,91.0770193641243,7.49769115055875
59,37,4,363.58073699405713,5.903232911324087,59.66423620964282,17.341505559878843,23.332342447196563,1.8919359748193507,92.55832629750854,7.666134438159326
60,37,3,364.3271830999257,5.77934233346156,59.03395695438948,17.200105129926186,23.876102061266725,1.9489455391075865,93.82306157258843,7.81565998723255
61,37,2,365.0084386553539,5.661897061640722,58.56926296939679,17.073857858361322,24.36866600780392,2.0021398774791823,94.90315986835084,7.948492899230187
62,37,1,365.63270331440043,5.550431223149661,58.23458676465053,16.960630537615877,24.815247480346805,2.0518331318908625,95.82571405620584,8.066571868095128
63,37,0,366.20681878225304,5.444518546344073,58.00217254517881,16.858709358204997,25.220453549401437,2.0983054034921578,96.61376485705541,8.171592800433297
0,38,62,384.1848859064904,1.5110690783933838,45.73320207295154,14.735305424208589,26.050315216167633,2.199361501996253,98.06186552785829,8.378813415884617
1,38,61,384.5015846955864,1.4901876059504033,44.58998512743845,14.702954260202667,25.728160916242604,2.1595717714908456,97.5211296083668,8.299301356653674
2,38,60,384.8195363143677,1.4694547886289535,43.36516511130202,14.672080244065807,25.373684938896616,2.117115324492781,96.8883899159747,8.210012958352698
3,38,59,385.1365951133227,1.4489180369754857,42.054391426346555,14.643207287664413,24.983460153439708,2.0717787600306408,96.14813582508057,8.109720968652958
4,38,58,385.45004537157615,1.4286274793307996,40.653467001686266,14.616955643838313,24.553666255335994,2.0233276060832517,95.28227627475937,7.997039156525136
5,38,57,385.75644605144856,1.4086359347088981,39.158494876386186,14.594059000739453,24.080041598879173,1.9715039776321763,94.26971999847446,7.870401183482776
6,38,56,386.0514249584694,1.3889991081094384,37.56608065947633,14.57538478595846,23.55782864579338,1.9160239536953076,93.08588788808736,7.72803653896093
7,38,55,386.3294028307158,1.3697763792380169,35.87361364041513,14.561958288353916,22.981710708396687,1.8565745204144526,91.70214112124826,7.567942674467228
8,38,54,386.5832195300324,1.3510329746423149,34.079660964182935,14.554991315534012,22.345734582112556,1.7928096843702783,90.08509519188408,7.387851471165021
9,38,53,386.8036225503701,1.332845176261614,32.18452892476351,14.555916261115877,21.643206421080205,1.724344789330727,88.19575916475429,7.1851858313396075
10,38,52,386.97856127079376,1.31531200242528,30.19108070743799,14.566426728061705,20.866532136986525,1.6507468060081503,85.98837143497892,6.956996972234526
11,38,51,387.09220760303174,1.298580505526667,28.105968445922088,14.588526403116427,20.00694034134432,1.5715157595397384,83.4086620160773,6.699862197134579
12,38,50,387.123594367927,1.2828996224731362,25.941583670715673,14.624589013491338,19.053964648343932,1.4860476787023666,80.39100988764916,6.409703044893523
13,38,49,387.0447277295681,1.2687341801939471,23.719376231192854,14.677434360597877,17.994477153013722,1.3935627923967235,76.85359933522263,6.081456369164876
14,38,48,386.8179930722322,1.25700758551428,21.476102049627244,14.750428726695562,16.811062478037936,1.2929822144186665,72.69067877234382,5.7085320915699365
15,38,47,386.39265380238385,1.2496295402835607,19.27720783954213,14.847620350855415,15.480175645384977,1.182785361780517,67.76394172155605,5.282214369798332
16,38,46,385.7003694666441,1.2506996851476084,17.249951751020703,14.973913329564438,13.97436622965279,1.0611688061211229,61.912265161545626,4.79245893670314
17,38,45,384.6506638686395,1.2694706528115787,15.676148745252434,15.135241774100248,12.2903733923021,0.9281393372088851,55.0782863941007,4.2374339300708925
18,38,44,383.1315119007194,1.327673177643708,15.245789924175924,15.338573625754687,10.58421223031196,0.795594415241642,47.921169807808326,3.669010369175957
19,38,43,381.02252207740554,1.4675559830853389,17.305718984031103,15.591200835533488,9.401203323099905,0.7043792540153971,42.87769161292803,3.2700631867782426
20,38,42,378.2134180135224,1.7185322731235164,22.303433089156698,15.895906811675799,8.839569498482918,0.6613859815987732,40.43785099378463,3.076047163989834
21,38,41,374.8730218548889,2.0565130178123114,27.860927729309836,16.200582864086357,7.805239025051481,0.5840306221245998,35.752692224316924,2.7247818141893854
22,38,40,372.64964979863544,2.3955311090776945,29.980931148579288,16.057936940462806,6.339098405680124,0.4744824484597044,29.071489901276838,2.22329381822079
23,38,39,372.5311383448135,2.7736339968257906,29.502970910574803,15.857070058541028,4.226710521371652,0.317401912094346,19.44513321592292,1.5227198396828079
24,38,38,371.83701506481265,3.002277040461344,30.218741736403345,16.785731065345416,6.222843624151292,0.4658091165653359,28.553782797767365,2.186766795544129
25,38,37,370.48179087619076,3.046947459360956,29.17727019578915,17.563644339391928,6.168084990405562,0.46223586456594534,28.309054228776827,2.18384802102413
26,38,36,367.89356103038233,3.2906256262717766,37.093798987685204,18.638698007291932,7.827131405368412,0.586226344103313,35.833265616817094,2.746081900707329
27,38,35,364.72571363198097,3.6673281802710784,50.090154591904835,19.867437645140466,10.014712486711659,0.7496951518851241,45.71418274822875,3.4800321806142316
28,38,34,361.52207473536083,4.097504647250913,63.895846877636416,21.094269080884285,11.183767410779929,0.8372983690884801,50.95909732925181,3.873345133713078
29,38,33,358.1635063720587,4.57076918150621,78.36239410434092,22.283587930311224,11.678800647072949,0.874461135413435,53.16804468725154,4.03983045428425
30,38,32,354.4332317659443,5.080570708080829,93.7251999518175,23.415540606351666,11.687553382155038,0.8751162959428103,53.20484282985427,4.042355448452946
31,38,31,350.18208077781753,5.616607916554588,110.19004705267574,24.4736953115596,11.295595167700062,0.8456644757095972,51.45503465146707,3.909647707571249
32,38,30,345.4100839551278,6.157713410204857,127.76638455223365,25.436185684139577,10.521581078591241,0.7875707397005104,47.991783950389696,3.648142505984073
33,38,29,340.2841376226923,6.65842422702351,146.21055317401098,26.271316568621405,9.456194328100496,0.7077052002694052,43.20974720372678,3.288453562459766
34,38,28,335.1321912518771,7.042706357304839,165.29636582750277,26.951098000715213,8.508695091240806,0.6366713486469573,38.94858399480842,2.9670099483819135
35,38,27,330.52472939887326,7.261351948816343,186.50605265101171,27.550682558569665,7.617838719158849,0.570030243556946,34.91001189738738,2.663606146165996
36,38,26,328.06357028875385,7.251419768796762,216.87755906361923,28.466307965858928,7.142571518602108,0.534473434808626,32.7340548336576,2.49813350370538
37,38,25,327.7272803651253,7.14814444986055,253.01829581421788,29.831039860148472,6.760432755166264,0.5064865104392969,30.991140590645475,2.3828509081617457
38,38,24,326.8251651419374,7.427488245184564,273.46647618587554,31.314668223668974,8.495286611125584,0.6360030933377565,38.85793113366372,2.966270928736252
39,38,23,325.723901232097,7.805230151383437,289.1305523570136,32.7319171385841,10.012207431835845,0.749351897234544,45.71133822050412,3.475062818696845
40,38,22,324.94979966417475,8.134769069737445,303.6738438384554,33.92963059637072,10.670494124918672,0.7986387248570676,48.675992530894426,3.6969209973748525
41,38,21,324.88465059275774,8.400137968771116,312.8505046149155,34.67832438879562,10.721783570679788,0.8024637243936389,48.91088692241497,3.7144152133740684
42,38,20,325.9920031555858,8.571446642835728,310.24486897145255,34.64613191225377,10.407360220332913,0.7788415027701623,47.50583946306288,3.608148360707242
43,38,19,328.6741812497391,8.603665923290547,288.47233213627715,33.47591070276058,9.928605282336575,0.7428913911548435,45.359830168270214,3.4458411796697055
44,38,18,333.0263103986515,8.473092601807613,243.06112966240232,31.016128276535163,9.1606977914485,0.6854242464451669,41.89596300836422,3.187166425654764
45,38,17,338.630881099603,8.211982623366357,179.0766815260508,27.599675118790746,7.419299345205963,0.5557219064216689,33.99274922154177,2.6089381960897287
46,38,16,343.3041319322676,7.952461929233219,127.81410076334294,24.61098811379993,6.747881831434365,0.5069946756019313,30.839124333925913,2.395441628011212
47,38,15,345.45162865734494,7.789031726177944,112.35632094933074,23.077813527387892,9.941626467948232,0.7486148630051505,44.924121022248556,3.4567560710881917
48,38,14,347.46396330066955,7.618058022203076,101.45299665517304,21.873463548967656,12.370969291259906,0.9358667589025178,55.26483319895932,4.2635847084574685
49,38,13,349.5099415964374,7.435239678060542,92.16883569623485,20.894143341251425,14.23611493211605,1.0830347495146608,62.84623105380627,4.876867806753008
50,38,12,351.50288473897,7.247584859540222,84.53652114251717,20.116078709798128,15.776810868118053,1.207698818731835,68.80591249841332,5.37654283328829
51,38,11,353.37666768537605,7.0609921350634455,78.43659361150489,19.5008118762683,17.103031796905277,1.3178268111987528,73.68150503538038,5.800079209995251
52,38,10,355.09856245947077,6.87936319656191,73.63336570333252,19.009722476365578,18.2692964051346,1.4172672261718586,77.75283836327208,6.166503503933912
53,38,9,356.6602371965956,6.704895510326568,69.8785542889051,18.611504248191086,19.306769292004912,1.508138884775425,81.1889315060709,6.4869891484835245
54,38,8,358.0676174519324,6.538604673092964,66.95411415068628,18.28293823292136,20.235883801088853,1.5917744498595914,84.10582088917633,6.769046324656401
55,38,7,359.33348207385677,6.380777633030623,64.68186275050743,18.00735619088698,21.071482082626254,1.6691060092862173,86.59028210401446,7.018234735993954
56,38,6,360.4729466539341,6.23128832573307,62.920656253465665,17.772852177289018,21.8251155173648,1.7408378133145828,88.71065315940093,7.238934382759042
57,38,5,361.50104358094893,6.089795202823381,61.560153361961966,17.570845340601366,22.50619694435212,1.8075322816560886,90.52245815565884,7.434735606211009
58,38,4,362.4315968522627,5.955857470012445,60.51447253193986,17.395052070913156,23.122637415684473,1.8696567611158244,92.07169285103441,7.608658353608458
59,38,3,363.2768175631,5.829000605265403,59.716757686998804,17.24078239069002,23.68122654656691,1.927610682708953,93.3969317039809,7.7632863695272665
60,38,2,364.0472656361041,5.708751805410394,59.11482488981191,17.104464803706804,24.187875013628954,1.9817422180809752,94.53078170600448,7.9008553572379805
61,38,1,364.7519775004188,5.594658127639088,58.667781018741536,16.983325136231112,24.647778678476477,2.0323590423799187,95.50094572741222,8.023314627347684
62,38,0,365.3986539958151,5.486294881216927,58.3434350789331,16.87516764064779,25.065536050987188,2.0797356691786186,96.33103678054115,8.132372634236978
0,39,61,384.4278101046253,1.4897203330057476,45.32316387077239,14.678513941284294,25.92488575102636,2.1832306547015548,97.86335263144602,8.348532463724451
1,39,60,384.7558475529875,1.4682790141888944,44.16419432207901,14.643982277536972,25.592107813351763,2.1426038945049983,97.29216214267129,8.265780979284475
2,39,59,385.0856976368378,1.4469551768928923,42.92594506545129,14.610989726441584,25.226253250082866,2.099280522648582,96.62470547495761,8.172949809000572
3,39,58,385.4152288665693,1.4257923251728717,41.60511358973683,14.580098822513326,24.823879738688706,2.0530499609267427,95.84499119081173,8.0687946539722
4,39,57,385.74172832775355,1.4048371894596285,40.198884924760435,14.551978527319633,24.381162385621373,2.003681716060872,94.93442420114948,7.951914335634273
5,39,56,386.0617395965269,1.3841407610769445,38.705194343474005,14.527424174975378,23.893847414860836,1.9509231527558946,93.87139003196745,7.820730290508986
6,39,55,386.370847186754,1.3637604367047889,37.12309454389977,14.507381646189659,23.357197856844486,1.8944968254666512,92.63076712022155,7.673462682205677
7,39,54,386.66338721842106,1.3437643106665123,35.45327515316937,14.492976838256103,22.76592689307191,1.8340970404147396,91.18334392368098,7.508101642090145
8,39,53,386.93205563427205,1.3242395784901806,33.69881006560783,14.485551851036544,22.11411032871509,1.7693849825307204,89.49510013591276,7.322370803816173
9,39,52,387.1673733921869,1.3053087851882967,31.86625653738419,14.486709838285433,21.39506212795001,1.6999811343773268,87.52628006785697,7.113677876575249
10,39,51,387.3569509608724,1.2871610733876704,29.967319202744477,14.498371296127292,20.601145385478098,1.6254527755726944,85.23013873444654,6.8790433136777835
11,39,50,387.4844689902681,1.2701122864728411,28.02146666648939,14.522845845243332,19.723480333034296,1.5452934339514852,82.55119883309618,6.61499482954019
12,39,49,387.5282508631052,1.2547211156101463,26.06025143848005,14.562925471631141,18.751529116623377,1.4588923795035142,79.42294385728653,6.3174220715506575
13,39,48,387.4592269796286,1.2420155968254942,24.134885731112277,14.622007607680946,17.672693276047227,1.365503848792202,75.76557317550974,5.98143879688451
14,39,47,387.2379323886212,1.233940865241574,22.330474606515907,14.70425827438663,16.47271294193918,1.2642747114270283,71.48736242237051,5.601519838340487
15,39,46,386.80983298573466,1.2342581842508817,20.794558865462463,14.814823745496808,15.139836574446244,1.154553081280729,66.50295402066092,5.172912711237933
16,39,45,386.09754424643955,1.2503466394075633,19.795902866770405,14.960090395472012,13.681629177922195,1.0371424520992536,60.80860637335277,4.697305362799561
17,39,44,384.9870118356878,1.296442041824001,19.831498431017238,15.147990558158304,12.17116398027603,0.9177500917428156,54.69112199452563,4.198382540658254
18,39,43,383.301664981195,1.3965411097769214,21.700631302468878,15.388478669947222,10.795752968233963,0.810581013178984,48.95571083070367,3.7383783976638436
19,39,42,380.76284451909555,1.5768498265287172,26.10651810411541,15.695102878131827,9.649629279540925,0.7226222811240746,44.01993894907504,3.349472099820692
20,39,41,377.0178997411701,1.8477693760515264,32.670838159276386,16.09286820009949,8.157775509427418,0.6104076204700879,37.33610996428868,2.842457881900019
21,39,40,372.03047471525673,2.2162297236274147,38.860310195690815,16.654626919326915,4.421162999573658,0.332772730180647,20.356517583847854,1.6140965667871097
22,39,39,371.2451426332997,2.4063556935464705,36.75091485735817,15.797223905242497,4.937241869334419,0.3700599974393546,22.683185128578412,1.75289025714372
23,39,38,370.96279096422387,2.7448248922220646,34.66936600402926,16.24010025622979,6.466576333196635,0.48385140539549265,29.652523070784174,2.2628766259155175
24,39,37,369.61107882462164,2.973792244684355,32.99081031042313,17.276490225514113,6.474252835092485,0.4846933714547209,29.700212435541662,2.2758969761866763
25,39,36,367.2900620483858,3.189681109263737,34.501797208041594,18.337132755989515,4.791009732806825,0.3606093290968816,22.050916281478923,1.7509705277218715
26,39,35,363.3768086176964,3.6280360597993817,48.30001282436294,19.706381073855404,8.755819319951172,0.6555634046698974,40.04113337671437,3.058187650416141
27,39,34,359.59456075702855,4.096002311467685,62.37681173537037,21.025331225990136,10.545129038123694,0.7893946886157166,48.10253627878047,3.6586109947589875
28,39,33,355.9220468690283,4.593797718806616,76.65008843395108,22.27096528189652,11.360646580185632,0.8505482165180318,51.753501605542795,3.932892973108388
29,39,32,352.15106473252297,5.1212292949980345,91.4030981703431,23.43647691679446,11.540763253894653,0.8640745307998835,52.554167167408714,3.9930947360832305
30,39,31,348.07973812456305,5.672635517594813,106.9061546261594,24.511689640383885,11.221170486371706,0.8400741383836563,51.122817012018615,3.8845140990281926
31,39,30,343.6269063740604,6.234492665069438,123.32422030986423,25.476408791950924,10.441122180359878,0.7815442845565815,47.62722877955769,3.6205557896729785
32,39,29,338.87197135907644,6.7805755628910696,140.72958681378944,26.312500469136843,9.08333984950174,0.6799055182794008,41.51548322288458,3.1634431561860943
33,39,28,334.1136252640371,7.233036973986831,159.09674913540033,27.012124068212476,7.54143156305956,0.5646977385262296,34.55139848836757,2.6465287701365554
34,39,27,329.93498223944454,7.448625560055676,178.73030164650388,27.596554803829715,7.8620039165271765,0.588250291858498,36.022074092500816,2.7463959290508706
35,39,26,326.9227755939718,7.487125421476292,202.367449167419,28.280097280051297,8.43643874780418,0.6310236993424544,38.61676022923044,2.934726415438595
36,39,25,325.46329875217197,7.44556743035705,230.59540272634308,29.26772911711951,8.699711915536177,0.6508914866452717,39.792014525704516,3.026042835031204
37,39,24,324.67815973385245,7.517877024587394,255.40026174398528,30.48878106034238,9.201888724266656,0.688739813451717,42.050086145909376,3.2015717960316574
38,39,23,323.8309429409443,7.767544475103523,272.97794250409174,31.770608362971817,10.130950645989097,0.7583218778551644,46.238659579204544,3.515988157117841
39,39,22,323.1020312027255,8.068186318502297,286.79580886678275,32.95683908072478,10.701298251045323,0.8010319105328743,48.806744325685074,3.7082108160134943
40,39,21,322.8364349124035,8.346129109628434,296.27321768529083,33.85310496416444,10.725750687713141,0.8028461567730034,48.92100374788626,3.7166191178568573
41,39,20,323.49671599400403,8.550501990233455,296.9564021042899,34.152459095682765,10.412542359674879,0.7793135084890124,47.523607505815114,3.611208830715332
42,39,19,325.5914364630426,8.62194862562232,282.8700481393697,33.483292415226195,10.11369546006954,0.7568030461195384,46.194542708691706,3.5101548032418406
43,39,18,329.2676548081767,8.5347507266194,250.57052937639855,31.68858045538959,9.88549823359417,0.7396613588318086,45.1717753204477,3.4330268677589264
44,39,17,334.0791031960955,8.3238740998034,203.35993768420198,29.029740746357685,9.400894914966617,0.703686963216836,42.957386582741584,3.2719898958111875
45,39,16,338.9499813991282,8.065564271438799,154.78261207455364,26.200851514882476,8.945084890637911,0.6707301510757548,40.78657903582363,3.1235556160043383
46,39,15,342.47942147401216,7.845404783491752,124.27246907320983,24.084719831964733,10.056262532745938,0.7565985436302238,45.4969794734015,3.4960033797406034
47,39,14,344.98737504124256,7.659040595807797,108.4123202558745,22.633801271840127,12.049887780197633,0.9106332305002757,53.93987184918645,4.158239726927066
48,39,13,347.207331514902,7.476805965972831,97.60292404916217,21.51314286747899,13.883304650662119,1.0547567504422788,61.44271879285649,4.762115217989491
49,39,12,349.3089008380364,7.293250220309813,89.14313376573979,20.61665037869403,15.447091936215404,1.180495440562284,67.56264954158938,5.270906284911407
50,39,11,351.2927984794874,7.110374915389289,82.36254917796188,19.898207240254695,16.79698254707621,1.2917686648748588,72.59316802851745,5.703746706688591
51,39,10,353.1383704046322,6.931020984752967,76.94484587843903,19.320928725062586,17.982526817689045,1.3920632610683157,76.79201267345026,6.077909624652728
52,39,9,354.8336315655958,6.757366234951872,72.64239125197051,18.853294896852674,19.03644105616472,1.4836239708493115,80.3353252915358,6.405045406277021
53,39,8,356.37781559025245,6.590736468083881,69.24203008804045,18.470017691780978,19.9805743995414,1.5678967992639306,83.34572171305844,6.6931180733554525
54,39,7,357.77801924747774,6.431769740511664,66.56428758703345,18.151764656106245,20.830507528153312,1.6458733744008218,85.91366970184856,6.9479272259337
55,39,6,359.04555885443335,6.280633689639861,64.46221267134908,17.884102337739247,21.598097996425114,1.7182822002846276,88.10941299440039,7.173956577922282
56,39,5,360.19334207066487,6.137204520700813,62.817663758003974,17.656325008476465,22.292842272041458,1.7856909616808754,89.98949518985161,7.374831621557477
57,39,4,361.2342791199487,6.001192652626867,61.53660660105628,17.460460419571785,22.922631912868958,1.8485629021608223,91.60052920085755,7.553576852517023
58,39,3,362.18044984955077,5.872224024589946,60.54453191100842,17.290512171993253,23.494196774628417,1.9072892918852449,92.9815400786249,7.712769396142725
59,39,2,363.0427453555381,5.74989006105216,59.78246347248263,17.14190984991472,24.013379567217875,1.9622089567879917,94.16552785570022,7.854636671837801
60,39,1,363.83077957773327,5.633777116577559,59.203670446684654,17.011118166609474,24.4853153860535,2.01362053539576,95.1805768348363,7.981122312028076
61,39,0,364.5529404402624,5.523483046203057,58.77103972533287,16.89536083064507,24.914555537960958,2.06179052052486,96.05068488252007,8.093933224570092
0,40,60,384.6732661855253,1.4690688081822918,44.9449449348794,14.61880187796098,25.80161042942776,2.167529431382928,97.66430473748062,8.318577594260677
1,40,59,385.0133580862894,1.4471715743963287,43.77695414821535,14.581888565484594,25.45881871790279,2.1261373742438074,97.06340083846987,8.23273214311014
2,40,58,385.3560402039586,1.4253811114543407,42.53344003659181,14.546559303120322,25.082313407784856,2.082029090212623,96.36225744110853,8.136538307990433
3,40,57,385.6992637238101,1.403742871197144,41.212493144098914,14.513413171763949,24.66865227389172,2.0349977685563183,95.54446902739419,8.028740255669717
4,40,56,386.0404115571233,1.3823082479177358,39.813126071996834,14.483165533062971,24.214019313873038,1.9848175743920746,94.59100656238768,7.907927117884928
5,40,55,386.37613986365943,1.3611376499579677,38.33568864194717,14.456670904062706,23.71417749367433,1.9312412773855336,93.47979854916173,7.772512303610765
6,40,54,386.7021684769217,1.34030603042629,36.782452238611185,14.434951174792578,23.164410567724683,1.8739971651245741,92.18523172282951,7.620708578599196
7,40,53,387.01300199772055,1.3199127917913889,35.15844464351372,14.419230745058082,22.55944788080689,1.812784755976962,90.67754261010616,7.450496893058105
8,40,52,387.3015565513113,1.3000994755501925,33.472665164875394,14.41098074571632,21.893362412973982,1.7472685220276372,88.92205653300744,7.259585782460933
9,40,51,387.55865766908795,1.28108134922062,31.739894216876834,14.411975347160576,21.15942876328222,1.6770685184873086,86.87821708921794,7.045357073985972
10,40,50,387.7723603788604,1.2632039064513179,29.983463621542214,14.424364305243303,20.349930298695828,1.601746942596618,84.49836317518024,6.804794623405229
11,40,49,387.92701781848433,1.247044228903611,28.239637519979553,14.450767307133587,19.455933988853868,1.5207917750222075,81.72634317036287,6.534402799286169
12,40,48,388.0019738981294,1.2335933865838675,26.564793987943816,14.494396926433145,18.467167437330986,1.4336073286548354,78.49657194405154,6.230160459217748
13,40,47,387.9696349052922,1.224584874717269,25.047615406392552,14.559216601553576,17.37248569718631,1.3395481189800587,74.73570571645438,5.887674524791867
14,40,46,387.79236283668945,1.2230806881178409,23.830228515785535,14.650134157124208,16.162305143339765,1.2380995540362925,70.37308231641764,5.50299522266373
15,40,45,387.4167873900216,1.234474764882767,23.144016349750743,14.773211383186048,14.836038029220864,1.1294335748043944,65.37354801221056,5.075109876960519
16,40,44,386.76177727115834,1.2679745598334957,23.361297640732516,14.93581761655856,13.418023734473309,1.0156005948668672,59.8087431983528,4.6112895267922
17,40,43,385.6901003996241,1.3377867386428348,25.028223186544494,15.146518418616797,11.972365197923047,0.9016262898201313,53.92573242386147,4.132106430415397
18,40,42,383.9439641447681,1.4610953419465345,28.75654535438261,15.414011007000209,10.559804221619807,0.7922018471300852,47.9635511604348,3.6572513483119358
19,40,41,381.058650318211,1.6500592728853833,34.91141784696774,15.741630569386054,9.062812870785093,0.6783997059255202,41.39031554981613,3.147815530470203
20,40,40,376.5830256380597,1.8942731170972862,43.45781417833264,16.083168506798067,6.826635085590575,0.5108758554779282,31.286287489942264,2.388539671562653
21,40,39,372.24622810384705,2.1023253959596664,51.51123197937737,15.980200555175298,3.2413604357387915,0.2454120095529587,14.985149459234933,1.2323375092579054
22,40,38,371.1727601102652,2.4727285940611363,43.88379413212098,16.1989747825522,7.080259931719503,0.5297290118124143,32.44516540063086,2.4723762385984798
23,40,37,369.276102889463,2.829275897333804,40.99614441097032,17.06072062503415,7.99314172895323,0.5978843886240391,36.59966924943668,2.7826553087062234
24,40,36,366.39130385897846,3.1509814532545954,41.637332274180935,18.209829303375116,7.532537991799926,0.5638765236394927,34.51206750991054,2.639098885435471
25,40,35,362.44131322142465,3.5583297126074553,49.539890918520484,19.549044779997224,8.328825890992341,0.6235105313224428,38.1248431342002,2.9128124438378022
26,40,34,358.14952645506156,4.046868392321106,62.16875156405024,20.94356328851325,9.912219147240291,0.741898616776484,45.27069134459179,3.445013410294385
27,40,33,354.11602251899654,4.566001796150784,75.76464265183458,22.25517780905378,10.9012696785294,0.8160161608915815,49.7081059353989,3.7778624476358704
28,40,32,350.2476782936852,5.1088486968935705,89.77473027825798,23.465052025184235,11.256398173350593,0.842675697437255,51.29254027748734,3.897239086388187
29,40,31,346.2848232237863,5.672692455821485,104.33698363301815,24.576799037263797,11.027733944157466,0.8255323292716329,50.26279337397899,3.8194267108617437
30,40,30,342.06921123282274,6.24719158176433,119.61402327322556,25.572971337315114,10.306403455422721,0.7714182020837308,47.024995694145474,3.5747283838098767
31,40,29,337.6104315102054,6.814220596484867,135.73125541883184,26.420712875089546,9.089902733279043,0.6802929490621932,41.54892190153138,3.1633455627241527
32,40,28,333.0659935953485,7.3571060733938225,152.97631617512764,27.129776404829844,6.5501388054860845,0.49094597330975787,30.040239596785895,2.3174765988453094
33,40,27,329.0047566711771,7.682162423598318,171.03180604032394,27.699263558556417,5.557964598334657,0.41707862048495437,25.537331544484573,1.988652729876774
34,40,26,325.9923811055315,7.694201220314449,190.50511250739635,28.217191297197623,8.29942138020496,0.6208712299378358,37.99440496171481,2.8906503374802686
35,40,25,323.9993172272801,7.668654362411801,213.09074679814103,28.927934145989095,9.365853134212404,0.7006458301578555,42.809951875382275,3.250383371527422
36,40,24,322.86511867323065,7.6769218978035045,235.89382161554445,29.857150277455368,9.96718487882914,0.7458838418665096,45.506456036788286,3.4570565524548655
37,40,23,322.07059457264666,7.796867708321643,254.92890495745354,30.923273647137393,10.500805521296664,0.7860232773152082,47.89798404660372,3.6399235660840623
38,40,22,321.3924021908207,8.01448946682578,269.6628297745103,32.01385064099207,10.837587069868901,0.8113117963807547,49.409663809841035,3.7543212885324824
39,40,21,320.94289065728117,8.271758206039003,280.50199864804534,32.99810448838475,10.70253539001597,0.801193693848682,48.805632898387856,3.7090932536528634
40,40,20,321.04959182117517,8.512345698773558,285.36730954195696,33.652366158768515,10.093975134785794,0.7555817986823473,46.0768039156537,3.5047896818184006
41,40,19,322.3569992208238,8.649257793214247,278.9325434050892,33.542640681135694,9.52047492374407,0.7125491945167192,43.5109021011826,3.3125094767826946
42,40,18,325.4290333611401,8.600066806589012,256.1445992092868,32.2695174597379,9.643503826376795,0.7216440207596927,44.07743151112225,3.3535500231098068
43,40,17,329.80843699285333,8.406734529285174,219.7188635664993,30.082354501068217,10.030706390589566,0.7508801190391395,45.78930031519855,3.48408043877523
44,40,16,334.54857034223795,8.15616502051543,178.41201129561685,27.56208769121919,10.296037553804961,0.7718029967595905,46.86405668385364,3.5749254168577207
45,40,15,338.7456051052589,7.9110683159224315,143.4179138481194,25.27995697273316,10.906693774230801,0.8199589457901577,49.34114259950145,3.7801461990284526
46,40,14,342.01852586777045,7.6976239277662515,120.2983889069245,23.525951364968826,12.192427856643866,0.9205232145878027,54.648922272424834,4.207033616005418
47,40,13,344.66995888962873,7.505240983563834,105.52978608612872,22.203148548060312,13.741447469681965,1.0427488782632603,60.93384150903274,4.717014643372425
48,40,12,347.00984965255446,7.3211587803893785,95.07988551812228,21.16698883668041,15.221587884714445,1.1616011818701262,66.73538841079639,5.199128518579558
49,40,11,349.1582525196897,7.141073598864419,87.1057386954308,20.338434439115076,16.551938715583812,1.270804299661036,71.72867415668271,5.626753550786138
50,40,10,351.1455766195525,6.964892312854534,80.83166032386737,19.670532836686846,17.73729935947427,1.3705077874846359,75.96984474932702,6.002113241099628
51,40,9,352.9770321633233,6.793694741813384,75.85056009733566,19.128703313712222,18.797278659194447,1.4619841952802397,79.57630918499534,6.332425528060443
52,40,8,354.6553257462893,6.628553754555133,71.89099040829869,18.685592843010095,19.74988815043759,1.5463994659749094,82.65370483035107,6.624345628537385
53,40,7,356.18637758506463,6.4701948944315415,68.74730186852219,18.319684419635756,20.609478245396577,1.6246581926515757,85.28731143994774,6.8832499223524
54,40,6,357.5794016256319,6.318976385506679,66.25664267397828,18.014356742961493,21.387409811279277,1.6974544248789654,87.54557821513998,7.113452941372378
55,40,5,358.84559093244536,6.174968043946753,64.28871232748853,17.756923852660023,22.0928986749252,1.7653354268655153,89.48431753079264,7.318489323981861
56,40,4,359.99683059773673,6.038042288704343,62.73921914502996,17.537739833299398,22.73363033519257,1.828747878660567,91.14981255690464,7.501321937814152
57,40,3,361.04479512989,5.9079491070039065,61.5248017534949,17.349450451621415,23.316165832545945,1.8880680193762358,92.58095906049934,7.664481599041082
58,40,2,362.00042281131766,5.784370222328319,60.57887531168305,17.186408989008207,23.846207252512627,1.9436209294647007,93.81075674489276,7.810160558111895
59,40,1,362.8736660557173,5.666955513318113,59.84823565073583,17.044237444300776,24.32877496333476,1.995692965944874,94.86738399881668,7.940276750157131
60,40,0,363.67341745718534,5.5553462997963905,59.29031572175403,16.919503361876977,24.76832993124987,2.0445399541953906,95.77500357153347,8.056519680837415
0,41,59,384.92032226618767,1.4493324492150337,44.60337928704777,14.55601591669223,25.681078428450103,2.152314401665657,97.46601269737411,8.289112255886042
1,41,58,385.2731494884777,1.4271200468899603,43.43379877747809,14.516493930359047,25.328941878072005,2.110232327023931,96.83636798528926,8.200338899665015
2,41,57,385.6295816358475,1.4050320785512223,42.19397931343552,14.47857795824337,24.94257057854459,2.0654240865545113,96.10282063456815,8.100983451770126
3,41,56,385.98773323449836,1.383123725511279,40.88375492960601,14.442899859267115,24.51853334768801,2.0176871456249903,95.24860977099624,7.989782904786983
4,41,55,386.3451940962517,1.3614614747747709,39.504410477238935,14.410216819905584,24.053030460931044,1.9668004210568628,94.2543289888785,7.865320273351799
5,41,54,386.69888762811553,1.3401292189392389,38.059278950463465,14.381436995800284,23.541842503332365,1.912521497209225,93.09749606732916,7.726002861455301
6,41,53,387.04488685810026,1.3192385058814198,36.55458278253842,14.357651574904866,22.980264512764805,1.8545827790325395,91.75203107378725,7.570035181438265
7,41,52,387.3781753961143,1.2989457679263152,35.00063636562521,14.34017530413785,22.36301817655494,1.7926859889472402,90.18761085703412,7.3953841674107865
8,41,51,387.6923371712815,1.2794812911174018,33.41359444553039,14.330598267236564,21.68413282732042,1.726494231711304,88.36886043345127,7.199733710204572
9,41,50,387.97915442246045,1.2611979107268723,31.818043109271585,14.330852654567192,20.93678762347712,1.6556209362902383,86.25435052307513,6.9804261616352505
10,41,49,388.22808640640386,1.2446527114186359,30.25091757899473,14.343299304190232,20.1131219296551,1.5796160475270282,83.7954360902345,6.734393417776194
11,41,48,388.42558585305676,1.2307433438402349,28.767539086377283,14.370839407742121,19.204070238461888,1.4979535419647931,80.93518802747583,6.4580967098907625
12,41,47,388.55416828455384,1.22093241631952,27.451030414805174,14.417055448601422,18.199401218792623,1.410033684863691,77.60821148891682,6.147535333825621
13,41,46,388.5910269184978,1.217605445478536,26.426899543803856,14.486378185328855,17.08836949417399,1.3152309003857208,73.7431516357755,5.798460722685862
14,41,45,388.50562003995844,1.2246006807512524,25.884415994225023,14.584253117565954,15.86157560078753,1.2130325826145019,69.27051105531538,5.406993769434371
15,41,44,388.25453657438555,1.2478532082403313,26.102567488551642,14.717212556250104,14.513840000228232,1.1032549965338976,64.1349141582088,4.970577657545358
16,41,43,387.7684022339021,1.295758279197048,27.463669127952784,14.89255914587727,13.04374408775249,0.986008332633553,58.29262487375736,4.487811357674974
17,41,42,386.914095816022,1.378335331125161,30.410209662366242,15.11668965039142,11.441063053995972,0.8607410467479588,51.656228987067834,3.954261534764924
18,41,41,385.3810476509348,1.5050840434039867,35.30840545940043,15.388438970018933,9.695122780572202,0.7268064422243026,44.139449047354596,3.365553374733573
19,41,40,382.47067029003006,1.6835322195996945,42.25414272959502,15.673650151733295,7.976780367967749,0.5969028697152303,36.50939211059011,2.780615448836216
20,41,39,377.9368877379122,1.9062838193368679,50.05622008097798,15.85871446064772,6.51939448117802,0.48814763658776567,29.91177917097972,2.293854879007037
21,41,38,373.98622042892936,2.2295150963999544,50.99717624383902,16.160498450373908,7.2948356757509325,0.5460858674920017,33.42588116203738,2.555070221914099
22,41,37,370.673018600952,2.630193448400629,48.295827186439965,16.8983583405527,8.718844059972513,0.652213944372659,39.88758808798438,3.0303433508557793
23,41,36,366.7710217580039,3.0354157927175516,48.83177685951404,18.023136310395987,9.016018699679362,0.6744744052222978,41.23939294696498,3.1336565995170402
24,41,35,362.12773941962956,3.4703171378028124,54.05316138403742,19.3904029261692,9.01411654340819,0.6744663597796603,41.23745434312981,3.13827256917399
25,41,34,357.20276244062893,3.9644757179258545,63.9703215217138,20.847508482499634,9.58263424469265,0.7170759905844089,43.80252814613587,3.332297604290518
26,41,33,352.70102662679665,4.4959693263591385,76.12807561573482,22.228428431752388,10.37181601578379,0.77623152779117,47.34513340706754,3.5986851352187204
27,41,32,348.70146346734947,5.048362046290453,89.0422213532361,23.47940287789135,10.862525569730318,0.8130496642842852,49.540685161756365,3.7641180578812024
28,41,31,344.83023881389994,5.619479053899565,102.53266256670011,24.626239266360194,10.765848044024457,0.8058364347480047,49.10004184087472,3.7313378892587363
29,41,30,340.80278815187955,6.202418960735625,116.67400301671077,25.674942282622684,10.013389475119576,0.7494764381696999,45.71162309872008,3.476823713513256
30,41,29,336.57442279073564,6.773711181260831,131.44961596260197,26.571331327144343,8.909536750724556,0.6667620012563577,40.73821714840043,3.1020228766377107
31,41,28,332.28495021836784,7.299055772836785,146.86341624806983,27.251413572836608,7.696373402317997,0.5759425025900193,35.25675463013428,2.6899688090962965
32,41,27,328.2293792890898,7.723903493075866,163.0966607546403,27.77369743320584,5.819217948837814,0.43616760460323406,26.72480690317661,2.0654239679434983
33,41,26,325.0719386680593,7.839293658417704,179.92263954618235,28.192592645999298,7.352894512025782,0.5502646412868865,33.696642514345136,2.5729316620116265
34,41,25,322.8765313469701,7.82729218632713,198.7652539663597,28.70378166041458,9.075223290810978,0.678948252995822,41.49601299083056,3.1533118379352585
35,41,24,321.48377733527656,7.81142092973948,218.56186290398267,29.380039775405983,10.164020702749356,0.7606028167219173,46.39475891403966,3.5233122719820344
36,41,23,320.60224723747456,7.8513275204202895,236.7730337793231,30.19683161466825,10.805013133581088,0.8088086756581546,49.26259534118111,3.7419163625283183
37,41,22,319.9594562698422,7.974521498441886,251.8293377630039,31.098117137594137,11.072422215756422,0.8289578996108313,50.45495007404159,3.8331770916982317
38,41,21,319.4542987520381,8.169175019235327,263.61907302096665,32.022505544984675,10.849394900180576,0.8122670723085552,49.45283513961396,3.758180215126469
39,41,20,319.1458564056126,8.409768631215606,271.87473726370126,32.888459043457644,9.956528449280277,0.745390838696086,45.44127662942545,3.4580385754454492
40,41,19,319.3969419271139,8.641379455301223,273.99924762934575,33.44772217470207,8.451283393064003,0.6328318652225908,38.65950674927138,2.9548511859406297
41,41,18,321.521699980085,8.677904732961666,260.95043548479157,32.84328609824185,8.136604263045077,0.6092303904361863,37.253640634680394,2.850560450653716
42,41,17,325.7343740935885,8.472545204149604,231.05917829969886,30.899261480369795,9.537719247064162,0.7141198346911324,43.552667837992594,3.3188878989874033
43,41,16,330.45799673034,8.209783246224097,195.4206753491212,28.573664293712078,10.664173589559102,0.7994558597277568,48.5022573982784,3.6975691985398744
44,41,15,334.9179815989639,7.953771876901852,161.61923162807128,26.335327717736792,11.539207435995895,0.8672506858923447,52.17766548176947,3.9911929925593514
45,41,14,338.73366300995247,7.723646698622559,134.83736273829123,24.43482016992058,12.560919589176454,0.9476587603047443,56.334976245061846,4.330564528344887
46,41,13,341.88607539301427,7.519437372925486,115.89657538636494,22.92965837711728,13.809794478006303,1.0468795744554134,61.32376267904895,4.7413293202665825
47,41,12,344.56919421002465,7.3317763267050555,102.61007856264794,21.74728376368588,15.126808725923983,1.1529388178013376,66.44767940723806,5.170138975818843
48,41,11,346.94950434359987,7.153186286440118,92.85959045774099,20.80516191244915,16.38642183514371,1.2562661166161384,71.17425021809689,5.57537412632692
49,41,10,349.1119425163385,6.980451454426358,85.40057044656754,20.0455110889956,17.544137003575518,1.3533400511886997,75.33593765802834,5.942712352367159
50,41,9,351.0926374955741,6.8128920065704115,79.55673455288529,19.42819546819577,18.5951996027658,1.4436198994548581,78.94030219017124,6.2711788600968355
51,41,8,352.9080012502394,6.650814374442703,74.9272964242744,18.923123001344784,19.547370040162964,1.5275117515154024,82.04705148013986,6.5639732405684725
52,41,7,354.56875210305174,6.494720414448503,71.24421827390925,18.506824536502773,20.410734917396443,1.605606580118436,84.72259193148413,6.825031194815955
53,41,6,356.08505223600764,6.344996984808623,68.31147485673627,18.16089044141375,21.194764457123526,1.6784605454602366,87.02724848545498,7.058028732386774
54,41,5,357.4677329417371,6.201837324044327,65.97842096906032,17.870957577392396,21.90773435844198,1.746552310440977,89.01305423568247,7.266185845399868
55,41,4,358.7281194964962,6.0652561011552315,64.1265054362451,17.625876840427992,22.55679326172431,1.8102884912830866,90.724386012821,7.452289987005797
56,41,3,359.8775285553227,5.935132558403323,62.66142085597225,17.417006394966467,23.14815401255158,1.8700180573649674,92.1991211787053,7.618762784166385
57,41,2,360.9268247023622,5.811254574308609,61.507758345467536,17.2376321490777,23.687271341712357,1.9260453875951868,93.46971079193422,7.767723132387584
58,41,1,361.8861316175095,5.693354611269808,60.605042501073896,17.082510049342503,24.178980763008163,1.9786401559472764,94.5640603778887,7.901037779769242
59,41,0,362.7646867413864,5.5811361557255195,59.904666426768955,16.947514109262357,24.627602409684695,2.02804440619461,95.50623520093798,8.020360358321065
0,42,58,385.16773830348893,1.4307499437037885,44.302958855053305,14.49000451329976,25.563851149610564,2.137637633229807,97.26977808402093,8.260295304032391
1,42,57,385.5338853069551,1.4084031124272975,43.139761272228014,14.44762028383839,25.203087323682244,2.0949432193847968,96.61258186508664,8.168778096196148
2,42,56,385.90489245078817,1.3862348714901063,41.91316407085981,14.406834665361316,24.807679575181016,2.049521625722069,95.84814672664604,8.066479914689173
3,42,55,386.2791247091825,1.3643195832996322,40.625069124342346,14.368306573911694,24.37421505722703,2.001174735859295,94.95940865191753,7.95213397221614
4,42,54,386.65449935199126,1.3427510999105703,39.279429219456915,14.332827763192974,23.898913184813747,1.949685874676244,93.92663096124203,7.824319500483519
5,42,53,387.02837512182634,1.3216526927716052,37.88304050624828,14.30135073961234,23.377567897733613,1.894816372518539,92.72695481866016,7.6814381738116015
6,42,52,387.3974142705402,1.3011928977179785,36.44665077638878,14.275023963552426,22.805470739215416,1.8363006664846313,91.33384398673697,7.521683840806607
7,42,51,387.75741303452855,1.2816107898690787,34.986527875113865,14.255236698213688,22.177306224865546,1.7738392356537602,89.71638729950145,7.343002803304431
8,42,50,388.1030975400256,1.2632561838534784,33.52670586777306,14.243676639528095,21.487009311050606,1.7070885180698117,87.83841579109553,7.143041364496102
9,42,49,388.4278853444707,1.2466531338734925,32.102235619368855,14.242404286289018,20.727575906407047,1.6356470240670198,85.6573964888074,6.919077772614397
10,42,48,388.7236181875563,1.232598864948756,30.76391687176408,14.253948507133556,19.89082401413266,1.559037365753147,83.12309223120387,6.667937881359666
11,42,47,388.9802778768011,1.2223138669253997,29.585154151780216,14.281426851125515,18.967111298595338,1.476684605627656,80.17600664649717,6.385896440785281
12,42,46,389.185698599437,1.2176580047757462,28.67160986009766,14.32868908087138,17.944982146344095,1.3878890480819703,76.74547300721316,6.068554591848121
13,42,45,389.32526546795754,1.2214087981044357,28.17370450312194,14.400466387367949,16.810459931369135,1.291772594935952,72.74607110013689,5.710597282672682
14,42,44,389.3814781909033,1.2375288979336654,28.299340075152642,14.502464639616683,15.544661513453988,1.187100199659729,68.06637140524336,5.304985907802622
15,42,43,389.3328339091856,1.2711812724748524,29.31696520959551,14.641222357600567,14.115530204437492,1.071662063121468,62.53101889202183,4.8401789663167065
16,42,42,389.149532657179,1.3280361457112373,31.526582463347694,14.823239881746815,12.455056122329788,0.9405719110927655,55.796934866758065,4.2925104959314435
17,42,41,388.76976421500336,1.4128456395202114,35.16923266801376,15.05210204161384,10.421250613260511,0.7834438712499256,47.178248248594755,3.6136292775072283
18,42,40,387.8989899364498,1.5322727037224877,40.259964931805456,15.321267255441674,7.918476062693905,0.5934883867451799,36.181148132181576,2.7720121599595533
19,42,39,384.79300240536793,1.728826397058628,46.28192013013873,15.610448000531365,6.7730185519412105,0.5070731347976005,31.06990662664062,2.381301687459872
20,42,38,379.3700871530516,2.0342756613105046,50.78385174179668,15.982712985306993,7.883189672002378,0.5899066561974934,36.10487110587786,2.752631492248379
21,42,37,374.2200155043479,2.421780574666574,51.96985520555606,16.652886249148484,9.090628514698077,0.6801273026036132,41.56823833037339,3.1590890221481818
22,42,36,369.03308548058806,2.857050171062828,53.5203979237608,17.709802636123086,9.656947731721111,0.7224478328444918,44.133465408330196,3.3506922950583613
23,42,35,363.2515421449555,3.329191136949773,58.30528609665049,19.102858734979655,9.568359337157268,0.7158440871017338,43.742606719870416,3.323306706675568
24,42,34,357.1381858372983,3.84537247721244,66.8729241079846,20.674281656980472,9.386491254916852,0.7023107357619819,42.92524092681164,3.2648192984652957
25,42,33,351.7290974837814,4.390842803258183,77.72662444434923,22.173672639655308,9.671473765643361,0.723727264840176,44.20133408883077,3.3621247639521274
26,42,32,347.49178874294375,4.947464112369061,89.30482082200376,23.466360104678902,10.267435343807982,0.7683866314648452,46.877499129694904,3.563057068024052
27,42,31,343.74898300586034,5.518070712623686,101.50226604610529,24.624594383113475,10.47231480877019,0.7837505764912662,47.79614416809529,3.6322129900042226
28,42,30,339.91312265804095,6.103380185598408,114.47213930233778,25.71249959520447,9.816976662012756,0.7347421545673127,44.83904649956994,3.4117561020543343
29,42,29,335.8427034885323,6.6874398873717915,128.1004371348021,26.71057942736005,8.185854788497846,0.6128688761307844,37.46158615113583,2.8632365065027736
30,42,28,331.7055342897745,7.209033223341915,142.00752972852254,27.44917488435867,7.167673931593759,0.5365745133325094,32.856237381977756,2.514576144226807
31,42,27,327.7577444875351,7.60946625333809,155.9430808456479,27.86249991882228,7.236037598843007,0.5412974873729803,33.17411779455662,2.528000400757443
32,42,26,324.3144874458427,7.849271256127579,170.2404813393768,28.17005469062051,6.757096109647068,0.5057063138652734,30.99415102692959,2.370204292598929
33,42,25,321.89514034204035,7.9105336797471715,186.36638878959786,28.532596507220866,7.908049857132841,0.5918424494001749,36.210729005924826,2.762855647111679
34,42,24,320.38700661417363,7.898622738039421,203.76340490127703,29.015136285567387,9.700150293890776,0.7259495145677182,44.30216522566963,3.3685287821266092
35,42,23,319.43427985305254,7.894851499901726,220.23983353710184,29.59611962073098,10.793862776422934,0.8080024960607294,49.21034415900565,3.7387095853409433
36,42,22,318.8223615444747,7.939548296076177,234.4215003143648,30.255248838958302,11.249135349417775,0.8422450244716064,51.24142326089722,3.8928238122191297
37,42,21,318.396299544782,8.047710956738793,245.8501211387765,30.972530211434034,11.119763767307766,0.8325848598900129,50.655952065787154,3.848914256831544
38,42,20,318.0575160520864,8.222617326613076,254.78459993582422,31.747190305654716,10.288419527027523,0.7702714125397482,46.922923230349525,3.5683025768245695
39,42,19,317.74102699836675,8.469634260571192,261.65619594192435,32.60159886828804,8.385354493855468,0.627943972141314,38.34333990940858,2.930176425528129
40,42,18,317.7275533305307,8.749120651109866,264.6450561777109,33.352254985909106,4.5654261886409335,0.34395607580936377,21.02514031529437,1.6800775171748212
41,42,17,321.92310447519264,8.511291997103571,238.59514283260302,31.498972230495646,7.893900468567042,0.5914561417457511,36.10505898604371,2.768555033453696
42,42,16,326.786834095131,8.214020791088954,206.44281767975895,29.226690695010547,10.258436068235357,0.7691351868293874,46.66185965812477,3.559960853680927
43,42,15,331.365457979069,7.951535037494931,175.3868724798019,27.089890277320315,11.684634647308563,0.8781000239872229,52.82309503577658,4.0386421981016305
44,42,14,335.46465096574275,7.718401792846178,148.3545505291835,25.192516139767,12.820760612059054,0.9668325791407004,57.51520805965061,4.41710135580129
45,42,13,338.9981479458061,7.510567817718087,127.07760711919293,23.6021502927551,13.953892255030508,1.0569707283116945,62.02299086433505,4.790212780736034
46,42,12,342.026928065191,7.321795744585555,111.2453865677441,22.311628676269322,15.131347919799053,1.152073373105806,66.5678169768082,5.1735356971054935
47,42,11,344.6739168994875,7.145377665969567,99.51590289839339,21.2706222910807,16.298885924321155,1.2479715393514133,70.92900341343399,5.54919196356158
48,42,10,347.03985267163347,6.976815449209585,90.63836258135728,20.426584436601317,17.406985900816103,1.3407991780678914,74.91216779702364,5.901120952736661
49,42,9,349.1854363709759,6.814036763047601,83.76256989805694,19.737869145002986,18.433882460570555,1.4287580863776732,78.44683948919767,6.222619323345688
50,42,8,351.1439978627417,6.656470579539411,78.35088270310169,19.172676556149284,19.375677763639295,1.5113913247472945,81.53991943369839,6.5129609150143795
51,42,7,352.9352141772773,6.504212252608668,74.05241210703213,18.706226766999364,20.236157992371048,1.5888248987089686,84.22954302625483,6.773957877327911
52,42,6,354.57319076081177,6.35753785172744,70.62318640213557,18.31891057754885,21.021562368490606,1.6613776836854992,86.56175292970713,7.008196997003629
53,42,5,356.07014239923785,6.216682126073973,67.88361273136886,17.995164449456254,21.73846849837207,1.729404016399844,88.58129528865992,7.218327481428203
54,42,4,357.43769771549347,6.081764110024064,65.69619265142114,17.722668425285413,22.39307215032302,1.7932403874339489,90.32868053719733,7.406819560189121
55,42,3,358.68715289006616,5.952782121112654,63.9531285927617,17.491697907195455,22.99100509736267,1.853192131271744,91.83963930515506,7.575905221023757
56,42,2,359.82935877776777,5.8296352590161185,62.568750126301126,17.294583147929615,23.53733795750409,1.909533671048665,93.14538902792209,7.727581935741032
57,42,1,360.8745429229266,5.7121508534666345,61.47443290782607,17.125265063810872,24.03663555418683,1.9625124272428065,94.27311979423723,7.863634544864313
58,42,0,361.83217499489035,5.600109390667404,60.61493813802291,16.978938808045612,24.49301906823924,2.012353021714025,95.24649543002754,7.985659709288072
0,43,57,385.4138978254369,1.4135770234520226,44.04763467415718,14.420623028016706,25.450457060308977,2.1235462409305232,97.07690157091743,8.232279488083641
1,43,56,385.7937687886214,1.391318324172075,42.89911575313161,14.37509705692807,25.081823528907886,2.0803186105907154,96.39354911958976,8.13821833642056
2,43,55,386.1799741839346,1.3693366440569101,41.695530502808666,14.33112644875331,24.678245118141195,2.034370975051542,95.5999656739379,8.03321200325476
3,43,54,386.5712131618162,1.3477361631861777,40.44110779191337,14.289389358733311,24.23633254965236,1.985509559728401,94.6788342394657,7.915992812895242
4,43,53,386.96584563473596,1.3266513829617428,39.142756392686096,14.25070191745218,23.75232542809177,1.9335215648889914,93.61013334318127,7.785138109218562
5,43,52,387.36182420713516,1.3062612894433028,37.81103794921761,14.216047539367787,23.222025766813996,1.8781708961723864,92.37066144235229,7.639044185552486
6,43,51,387.7566182120398,1.2868109063624855,36.46150537791817,14.186613981997626,22.640706908999306,1.8191919711775106,90.93343662086689,7.475891848126622
7,43,50,388.14713468837573,1.2686439327834402,35.11655458926434,14.163840619927985,22.002986378178502,1.7562806770215984,89.26692229998017,7.293599875447694
8,43,49,388.52964706985045,1.2522516478398096,33.80799264597658,14.149479084559502,21.302645926126512,1.6890811481618437,87.33400618859456,7.08976088781112
9,43,48,388.89975259555735,1.2383447714737597,32.58058344896487,14.14567099356,20.532371573038812,1.6171662543920653,85.09061140791513,6.861550616185025
10,43,47,389.25239678783106,1.2279553972801787,31.49685316303504,14.155046415374189,19.683357554585577,1.5400075655238896,82.48368517705043,6.605591805395359
11,43,46,389.5820333956093,1.222572381411287,30.643300887372803,14.180844688619702,18.744626934199754,1.4569238268829978,79.44789322806298,6.317723286643259
12,43,45,389.8830450108504,1.2242983721801957,30.1375543484819,14.227052356729358,17.70164152937794,1.3669761562565024,75.89907639758877,5.992530752571021
13,43,44,390.15067394312206,1.2359760404022944,30.134272335152204,14.298535252542784,16.53299263711418,1.268719863839611,71.7189899325668,5.6222344439293295
14,43,43,390.3830294507878,1.2611497012640411,30.823720142928096,14.401102206334203,15.202049700808747,1.1595798233830148,66.71715869705245,5.1938909784645615
15,43,42,390.585601211435,1.3036296993035505,32.41053453566052,14.541367419830966,13.636238353312296,1.0343037846657086,60.53639571789987,4.682475806156942
16,43,41,390.78187532343264,1.3664838026683577,35.05358261738246,14.726252906027193,11.675762562411117,0.8811501710561983,52.41799729997498,4.033887560554279
17,43,40,391.03699315594315,1.4509455057221752,38.74327934633399,14.96268406786858,8.915828431217168,0.6702362075898848,40.47507472619684,3.1136268852910827
18,43,39,391.45920337054173,1.5585228831652271,43.08844805374535,15.262726128328023,3.48806747438289,0.2646837204035715,16.12683356834643,1.3449353517201494
19,43,38,385.64127272921996,1.8541576855284294,47.96286582493288,15.650817470353651,7.275166962738675,0.5447931465200051,33.33798154393443,2.55535979672579
20,43,37,379.32549554443807,2.2226200726614174,51.598150859771366,16.26008881139536,9.234208830521629,0.69096254132268,42.21280963426462,3.21022768978655
21,43,36,373.14049944006143,2.648673350332267,54.85204973837752,17.21754939094904,10.000285225437317,0.7482382401240232,45.67553920432918,3.4684983089465264
22,43,35,366.38990902437513,3.13114889732778,60.0871440664786,18.571521689648975,9.932084982102054,0.743118943154836,45.376135863898185,3.446554367376944
23,43,34,358.82090344081263,3.6712241988924745,68.68190510535383,20.264982738857935,9.206947756358195,0.6889226919638058,42.10858513672571,3.2044781135416627
24,43,33,351.5346996697752,4.248157688939151,79.69248298000485,22.022893251477946,8.532092981990653,0.638599770222225,39.05238912805433,2.9799062908679406
25,43,32,346.62137837892925,4.813301300277064,90.38342586800144,23.414088116998855,9.138040560652136,0.6839002239456816,41.786208181484184,3.183259914518361
26,43,31,343.11056767318775,5.375714533025546,101.08945732975856,24.547832436428507,9.97005192510112,0.7460784813949424,45.54479251242791,3.462604303938055
27,43,30,339.52258087985797,5.953253691208381,112.810657242195,25.63256528398088,9.882654304576764,0.7395483504453984,45.151794709288964,3.433587492649892
28,43,29,335.5895408311223,6.5381790809608304,125.42174334911,26.68550038777008,8.395598356628268,0.6285316211610437,38.42368096940692,2.935782263210077
29,43,28,331.43212343218346,7.110144175828444,138.51234076320853,27.673352417759247,4.054540086579127,0.3061656866858306,18.70369871094379,1.5162875369445357
30,43,27,327.55887908924893,7.495811291616701,150.95548688387456,28.033779833435844,6.693991648007228,0.5011168325244207,30.708859298360956,2.352646716438309
31,43,26,323.9515078328773,7.769226687128347,162.90713804906053,28.208320893643748,6.682600467407691,0.5001975753914413,30.6550468327409,2.346477805344084
32,43,25,321.000902679228,7.91735608992909,175.34183936163885,28.382956451597476,4.680943110442208,0.35221889387505856,21.546167584316425,1.708251685742985
33,43,24,319.48538168595474,7.931811026607997,191.3365253391265,28.737836037518683,8.541081938877554,0.6394888854364935,39.06130391976365,2.9832465873239955
34,43,23,318.50011895478946,7.912928594821604,206.13567089744424,29.124769559990884,10.422961648004517,0.7802963326517949,47.54040974527086,3.6156071417914193
35,43,22,317.91477614113,7.904110248115413,218.81906603777628,29.543042631694465,11.253062171187471,0.8425860741935968,51.25586041351075,3.895061869415316
36,43,21,317.6186169571963,7.929270020194229,228.88962003321086,29.987666758306126,11.351352826483902,0.8499983592987806,51.688121827723705,3.9273448746369386
37,43,20,317.5030092576733,8.001994052576576,236.37609068599727,30.464481071908537,10.76405823192107,0.8059325258855373,49.05303400814472,3.7279186346498587
38,43,19,317.4640363274233,8.137605341836359,241.86753729420832,31.015776314214875,9.381586417351459,0.702303437878294,42.84154071506321,3.2611422492790787
39,43,18,317.50238108145146,8.345197113907112,245.70864895978838,31.65898443071238,6.946415925083684,0.5203658673478397,31.84415216498872,2.447291261973788
40,43,17,319.44289087152214,8.375705530480447,236.53519399749388,31.248496015581054,6.548862960642514,0.49101261974263516,30.01779223920341,2.3180006934675736
41,43,16,323.8831884329321,8.12028497689322,210.4461059676255,29.345420809906727,9.46754136318259,0.7098461566853782,43.102361064614996,3.2923688539634353
42,43,15,328.3410109212118,7.879055283467271,183.46640236304185,27.43391196445942,11.42346444977137,0.8583863865266851,51.65686975935206,3.949322980961731
43,43,14,332.48765370783525,7.6628372516538175,158.4477587097908,25.67080293974076,12.835402220205998,0.967649429084263,57.59778003035704,4.4211102725732925
44,43,13,336.21247946497783,7.465939981402359,137.03151758368148,24.114585872456406,14.030282162273675,1.062138186940373,62.40590485474338,4.815897114312419
45,43,12,339.49378892436795,7.284419787016702,119.86127863358563,22.79235983507536,15.16051942130201,1.1533053664332087,66.77411050032055,5.184516644270044
46,43,11,342.382631720936,7.1143380346470835,106.56237830382912,21.69334346710443,16.260736311589625,1.2436971012721425,70.87397840082886,5.538788417177027
47,43,10,344.9537985298164,6.952251544365774,96.32169277000628,20.78670309579044,17.316967433760773,1.332153932232234,74.66518185576594,5.8744921378766
48,43,9,347.2704235300499,6.795970592760514,88.36451525823182,20.038953941497706,18.311336245676532,1.4171941721698815,78.09159993500658,6.186185147420498
49,43,8,349.3757014718464,6.644515532655072,82.1069266656394,19.420845150813776,19.234905776573772,1.4979982443176563,81.13609283962471,6.471427776148324
50,43,7,351.29763418944714,6.497675968936397,77.13837019170624,18.90825967987126,20.086365907680893,1.5743198165160412,83.81339918287199,6.730308991451253
51,43,6,353.05543153672784,6.355595271413575,73.1691077794978,18.481524912696685,20.868499133495728,1.6462250773272908,86.15397205357816,6.964248218065772
52,43,5,354.6639135325824,6.218506680831391,69.98819416041917,18.124638289300616,21.585770575448713,1.7139141673755554,88.19323182520581,7.175182645962877
53,43,4,356.1358453608835,6.086601943115281,67.4367276093314,17.824634814398888,22.243099201021582,1.7776302491365155,89.96624359768153,7.365154397422619
54,43,3,357.48295055498124,5.959983308442306,65.39171611811729,17.57105967523183,22.84532029940659,1.8376198925176221,91.50552708732457,7.536131367568891
55,43,2,358.71624396546446,5.838658992086461,63.756155447114224,17.35551286282532,23.396982348403128,1.8941181630189527,92.84036741018994,7.689941222376874
56,43,1,359.8460759217943,5.722557286145162,62.45259694870029,17.171256679382733,23.902289818739415,1.9473443539523685,93.9967726854541,7.828254932614747
57,43,0,360.88208764123493,5.611546055280946,61.41871822507893,17.012884600488206,24.365104267172555,1.9975018502120736,94.99768273537578,7.952590203188682
0,44,56,385.65673584993164,1.3980813192547012,43.840616799291354,14.347740234791756,25.341388810916285,2.1100821756811072,96.8886763007102,8.205210543347627
1,44,55,386.05044652450374,1.3761752911996425,42.71512428178663,14.298769472309164,24.965677181665757,2.0664012102478333,96.18076464344504,8.108819793032058
2,44,54,386.452129204263,1.3546958493090178,41.5442292542609,14.251268983616482,24.554826142952127,2.0200150512023525,95.3599978358733,8.00135474836195
3,44,53,386.860883498498,1.333788156097206,40.33463939699328,14.205926318827832,24.10547556993497,1.9707341868097126,94.40886140635871,7.881549952715862
4,44,52,387.27560062177616,1.3136406497448814,39.096339100639256,14.163568932367246,23.61388828072393,1.918349305739236,93.30710491793675,7.747983460238294
5,44,51,387.6949436251914,1.2945033116982714,37.8436927145825,14.12519363257154,23.07587372083426,1.8626261106869462,92.03123619647701,7.599047929080056
6,44,50,388.1173381509167,1.2767141589284572,36.596919100000534,14.092003705536165,22.48668064943187,1.8032976924339768,90.55386618579648,7.432911318893073
7,44,49,388.5409846455756,1.2607371962983942,35.38405337379456,14.06545606872658,21.84084211940969,1.7400531571146016,88.8428312286756,7.247461691163903
8,44,48,388.9639095589769,1.2472156135274965,34.24352132376602,14.047321413461589,21.131943390529422,1.6725202558182153,86.85996199531547,7.040226369565004
9,44,47,389.38408228062667,1.2370436027187455,33.227414875297015,14.0397608099129,20.35225425765548,1.6002376069664195,84.55923490822319,6.80824592104348
10,44,46,389.79963658190877,1.2314571146655693,32.40539196236611,14.045422375816601,19.492095403470678,1.52260677701734,81.88371385702615,6.547859295671567
11,44,45,390.20924906556604,1.2321349580083214,31.86865952593395,14.067560904070938,18.53863268511605,1.4388014260797204,78.75989043041709,6.2542976359817155
12,44,44,390.61273589733173,1.2412825167183779,31.732429931225624,14.110181678161748,17.47339207884351,1.3475808382885701,75.08620565919674,5.920850369773236
13,44,43,391.0118941493196,1.2616410087494216,32.13319720274808,14.178209931530223,16.26697559793666,1.246894686290087,70.70882050813746,5.537097437035617
14,44,42,391.4112982228087,1.2963520914095334,33.2141616341341,14.27770736433917,14.86807549935184,1.1330637877315641,65.37126733074645,5.085248070764213
15,44,41,391.81663578641394,1.3487263606773334,35.08955857170591,14.416276909840267,13.182097334132632,0.9991940800484416,58.615858492136425,4.533071930688636
16,44,40,392.2129220180746,1.4226321645130846,37.781011526978304,14.604297584995487,11.037088442404826,0.8326826539006007,49.623486042781195,3.8229396557576023
17,44,39,392.3560005109244,1.5283156549235666,41.14926563352964,14.85890921091528,8.277303252714587,0.622388845778874,37.62132482540405,2.9052696336629364
18,44,38,390.09891006542523,1.7246501099799403,45.052708445721734,15.211614218687696,7.3726063064953475,0.55291796948631,33.72552570558269,2.60043511208812
19,44,37,384.56051647197756,2.0447354188116944,49.137117744426405,15.736759405427545,9.25645994232438,0.6929657621976429,42.288140776877505,3.2232685891939954
20,44,36,378.3423542911735,2.4350066332725286,53.282806297303466,16.552574727478834,10.251929897604906,0.7672551174931005,46.79323681905445,3.5561701841399316
21,44,35,371.41234849042286,2.8933036389886007,58.811450964266086,17.76195365155335,10.325995667486481,0.7727228797252864,47.138000009966404,3.5808725353819026
22,44,34,363.20370259245817,3.427745210724135,67.37322368699424,19.42530336055905,9.46994746189573,0.7086734043912539,43.284318432766916,3.2935893189013687
23,44,33,353.58644939041443,4.039978938729955,79.67254024521269,21.500667549451293,7.452992740973538,0.5582111113523045,34.15262053401891,2.6207809751111775
24,44,32,346.10980969752376,4.650249279818269,91.82459036817977,23.302893798114997,6.671634654151095,0.5000863646370297,30.601265754402533,2.3624631272480654
25,44,31,343.14132741502,5.196055406195295,100.80335992173465,24.349695681372697,8.925132359337532,0.6679648713883976,40.826474641800026,3.111429599266313
26,44,30,339.86116132770115,5.7619830941544325,111.27450950629566,25.409115266661622,9.821836455478275,0.7349157712211313,44.88627276469031,3.4122020734402034
27,44,29,335.9877701026194,6.335274874558717,123.04483868335936,26.47285891857104,9.378919758381988,0.7018382255551832,42.88563654583531,3.264161165705693
28,44,28,331.8373008057378,6.886857233482926,135.3834069386644,27.44340179668699,7.592786522083054,0.5686398981693946,34.78798076316417,2.6676731948250096
29,44,27,327.7932991257002,7.340205212508237,147.45259929506878,28.08755890514601,6.719508273329372,0.5034349114570474,30.81560518281969,2.3714925700024803
30,44,26,324.1361719972598,7.640311434452476,158.65965509897762,28.29953625967843,7.710523076907142,0.5769806800464495,35.32361265469213,2.694729278063648
31,44,25,320.9473679563693,7.83561559798482,169.2807763596154,28.392359145970303,6.362473181024535,0.4769888651603559,29.19058181934594,2.256147275975321
32,44,24,318.9021538246326,7.908427510425651,181.88373578154878,28.560969241278208,7.549821495014258,0.5657373560385205,34.56843155366714,2.6573389637387095
33,44,23,317.7851578811309,7.9003978724884325,194.90941135745948,28.78593866954095,9.918784006869643,0.7426643740759974,45.268073319641864,3.448706980128658
34,44,22,317.17156682881784,7.865634738973238,205.95068445097763,28.998016871044847,11.111213701842122,0.8320073586493673,50.61861559044281,3.8488776916234855
35,44,21,316.965858282731,7.83035751698528,214.35681755335477,29.185375888467743,11.473407195571328,0.8591967083746158,52.233186098303996,3.9696664619145734
36,44,20,317.0902671914415,7.808979531121555,219.80228630778697,29.33490672006206,11.13061646888069,0.833461737052361,50.69367803059351,3.8523234271453366
37,44,19,317.4837459422523,7.811294325905366,222.31189903815715,29.444990345012126,10.089874577344123,0.7553493355243286,46.02634813676008,3.4993076271489625
38,44,18,318.14925063767,7.850491408146935,222.1941708895048,29.531542701509363,8.514077446644022,0.6371911555926502,38.94885926960613,2.967360931040035
39,44,17,319.4892602721836,7.902536330322496,217.95149963861945,29.425973611999773,7.595315115340185,0.5684739537137463,34.80955543971226,2.6601706792168227
40,44,16,322.3508786830814,7.844338580210617,204.4443870547721,28.580500774957216,8.947258015301905,0.6705006784810692,40.801155601587375,3.1153277917969646
41,44,15,326.12905250220024,7.70101763172689,184.7327134594478,27.227309290072473,10.962176348452942,0.8234916938483794,49.617931582511325,3.792923329136272
42,44,14,330.0200582251681,7.537938684628439,163.83693969717712,25.774013049993748,12.625460101630662,0.9515420805592136,56.689244815261574,4.349813798483381
43,44,13,333.719070441412,7.373040587565777,144.2322051139176,24.380101280902757,13.97228876252448,1.0572611314419609,62.18936723448289,4.796365616822253
44,44,12,337.1076381803032,7.21169989801968,127.2251554027876,23.120389488065516,15.14560481058791,1.151374600243988,66.77271020988012,5.180342841939758
45,44,11,340.16014820299824,7.055501747427115,113.22712103662163,22.024786420304657,16.229753095010768,1.2401881786483298,70.83114786413319,5.530239602330204
46,44,10,342.9023231753747,6.904236492210133,102.02129307486015,21.0927569456765,17.253319528687992,1.325774120961291,74.51030662072992,5.856040500121994
47,44,9,345.37678454619726,6.757194206510617,93.12975464492793,20.30836923168509,18.218428071287278,1.4081817325037969,77.8398353410642,6.158951650698083
48,44,8,347.6230928844854,6.613885296645011,86.06464773546554,19.651084354401007,19.12128482733298,1.4869975508385445,80.82326448799597,6.438220386712736
49,44,7,349.67180199859666,6.474200771396727,80.42366405516125,19.100867743076765,19.959902480329998,1.561937634803663,83.47105479006413,6.693685818707011
50,44,6,351.5454845829108,6.338300333313706,75.89885742527512,18.639899214122373,20.73510407701278,1.6329298862791592,85.80433668951433,6.926096862389395
51,44,5,353.26141900510675,6.206454092116567,72.25797828487431,18.25290429146023,21.449603322092116,1.7000488019691142,87.8505437214589,7.136796153396644
52,44,4,354.8337930250183,6.0789274812556355,69.32407100384486,17.927036360648092,22.107041396108954,1.7634453099182092,89.6391078898871,7.327394536259975
53,44,3,356.2750373228305,5.95592085326043,66.95995522640166,17.651624136082138,22.71137158494375,1.8233018176588547,91.1988254056299,7.49956470391683
54,44,2,357.5964905137554,5.837549070665137,65.05754051737048,17.4178819242755,23.266534033634823,1.8798084871450527,92.55656550456341,7.654933451981892
55,44,1,358.8086718413994,5.723844006548878,63.53057205170241,17.218620170294066,23.77630439038514,1.9331521788078152,93.73677166712396,7.795032997198689
56,44,0,359.9213638850143,5.6147675004552395,62.30959319377695,17.04797601482997,24.24423331432676,1.983511929930591,94.76137051413991,7.921283211607622
0,45,55,385.89366831389685,1.3845358571771045,43.68419040123108,14.271246266479812,25.237102059980955,2.097282201420072,96.7063847254475,8.179226723955594
1,45,54,386.30091418007754,1.3632872980564184,42.589814717832795,14.218508778540132,24.85513495435141,2.0532281506444723,95.97571598031753,8.080734549676547
2,45,53,386.71783389205405,1.3426714678386915,41.4607610110332,14.16710991336216,24.43794221469663,2.0064911378021413,95.12997139549587,7.97107556703982
3,45,52,387.14395884181374,1.3228854811139774,40.306222378924815,14.117735143395626,23.982201888970813,1.9568861007002076,94.15151003892927,7.848990800221542
4,45,51,387.5787478411113,1.3041840180009747,39.13915989792142,14.071207890245109,23.484209842494348,1.9042073864469964,93.01993544499108,7.71306381083481
5,45,50,388.02161044278375,1.2869010406340515,37.9774491899218,14.028517594678634,22.93979469342048,1.8482227499971173,91.71156338648753,7.561689303398081
6,45,49,388.47195084567494,1.2714797490866565,36.84534409376914,13.990854796736455,22.344195893625542,1.7886644613183431,90.19871602902086,7.393029448303361
7,45,48,388.9292404197228,1.258513044875742,35.775303321578576,13.959655351962875,21.691883003648464,1.7252158417358372,88.44874436007647,7.204950647377246
8,45,47,389.3931249342345,1.2487963504306143,34.81017224944617,13.936656609772458,20.976275711865497,1.6574901828419195,86.42259575402971,6.994927262569701
9,45,46,389.86356125522036,1.243392843625632,34.0055676620495,13.923969430079158,20.189285501537636,1.58499614748868,84.07256570305584,6.75988587649207
10,45,45,390.340940919162,1.243706976954729,33.43198949104672,13.924171877123019,19.32052243521524,1.5070780252896954,81.33851629196351,6.495937774231472
11,45,44,390.82604813521334,1.2515552755093031,33.17555089670542,13.940435131301534,18.35587588755089,1.4228092560397612,78.14122071640317,6.197902572040651
12,45,43,391.319375850365,1.2692185558360967,33.33517221164466,13.976705293065137,17.27502516133562,1.330806448097608,74.37076218904087,5.858475946078242
13,45,42,391.81830459347543,1.2994796537990418,34.01279887684299,14.038003246280885,16.047602521447615,1.2289443381459435,69.86855290466478,5.466954223455993
14,45,41,392.30711073783516,1.345771084562351,35.29273534924232,14.131014854579737,14.62985867482832,1.114113559686053,64.41084835928008,5.008153440979339
15,45,40,392.72112156826313,1.4130054211136565,37.209728108346795,14.265425905272373,12.975985281139721,0.9830881775968268,57.75667123678349,4.466312569072591
16,45,39,392.8122278454684,1.511132483085274,39.721915280870746,14.456980991030921,11.146049456237435,0.8406346878141097,50.129984654685344,3.8614348252935558
17,45,38,391.75754881595424,1.6653901783277734,42.74500087875059,14.73362992878434,9.795377268399024,0.7360364019328334,44.43588146759726,3.412297807965073
18,45,37,388.4642476228129,1.9096642042501646,46.21513966797791,15.147404523563623,9.95468106528438,0.7462001879714084,45.3339937740961,3.46324948270286
19,45,36,383.46340833766044,2.2393660257150807,50.160523226664964,15.786375648450282,10.617325381946065,0.7950954326317087,48.38703937651281,3.6829352984103143
20,45,35,377.3611904146015,2.644329260121046,55.25853591573565,16.760969577818955,10.777358682341172,0.8067702480843102,49.14101867559918,3.7351950767606104
21,45,34,369.8665847860889,3.1323583993252972,62.85040452686755,18.182583834608764,10.171656772415808,0.7612782578912958,46.4340668189478,3.5306158077933287
22,45,33,360.41099451748903,3.7171972850702057,74.26831303450791,20.136329298647713,8.4629634929412,0.6335589318001178,38.72276592028959,2.957528465088158
23,45,32,348.98081529457835,4.396696496796326,89.80271431351588,22.579847514652904,4.408274980860618,0.3322780918339823,20.31192624326148,1.628731439585453
24,45,31,344.8565034188503,4.9616056188931275,99.1610982963489,23.83268906508281,7.411171129868089,0.5550592413882343,33.96309555183383,2.6058617915355935
25,45,30,341.4994407860835,5.528050793481758,108.97625183603071,24.945872493561158,9.410368768134743,0.7041249451936082,43.02857550785096,3.2730382520470886
26,45,29,337.318131703282,6.103700638984053,120.46102211191014,26.104285845748137,9.86504598567078,0.7381020860639627,45.08573095166681,3.4261732207756403
27,45,28,332.86876438828824,6.650017215846211,132.5857841942779,27.13492862405253,9.39889568780407,0.7033074509550016,42.976072868526806,3.270216008923021
28,45,27,328.5600111918538,7.122870669373652,144.54233169892277,27.89872779592479,8.751884196037164,0.6550151787119027,40.03783195499983,3.0521053156965254
29,45,26,324.6771249753025,7.475133700428198,155.73770498441044,28.298656582359154,8.880361601101317,0.6645361637244955,40.61335637979862,3.09207814036097
30,45,25,321.3737597133224,7.706794614930711,166.12269504492676,28.444712599481377,8.842480449991688,0.661808110324888,40.43525656835548,3.0810370667488947
31,45,24,318.87880692415405,7.829468577162024,176.41390999284056,28.509820984241994,8.780868441215997,0.65751711814976,40.14183092328972,3.0665404083455106
32,45,23,317.3587883035216,7.855712990566319,186.97012548070649,28.580041778981943,9.891130340535362,0.7406452640781175,45.14254674912706,3.4408322177509096
33,45,22,316.5799232337144,7.821077202802834,196.26363809739524,28.62592346200505,11.000016745189583,0.823716673659714,50.1200777263702,3.8129953696991796
34,45,21,316.36154869992953,7.754313481557223,203.09647474419157,28.610775934928085,11.519183643501163,0.8626608823496563,52.43980695221124,3.9866009838175813
35,45,20,316.62044719239873,7.670253422767862,206.79895160624497,28.50195867394506,11.395104374303761,0.8533335868797615,51.88049964654224,3.94318506064797
36,45,19,317.31971162283264,7.5725577763344285,206.8788315691578,28.257614175644058,10.567871338816698,0.7912411167191433,48.17165571797941,3.6624049643107397
37,45,18,318.4777302797929,7.4601016415606,202.97859994282166,27.833425987192676,8.965283969469844,0.6711275300283438,40.96661375189644,3.120965460019015
38,45,17,320.09709310660355,7.37125430088776,196.20406541453104,27.32360621813551,7.313298369411419,0.5474888746639226,33.5265112362445,2.566741966397556
39,45,16,322.1075088011189,7.396435274034008,189.59564769878057,27.00751465327191,8.24258046014924,0.617427129744067,37.66994372888422,2.87908100784568
40,45,15,324.8849041644772,7.399906816625452,178.90254581668492,26.408870429776957,10.368245370178583,0.778540069972164,47.00373186034544,3.593151059870142
41,45,14,328.20793018483835,7.3317292696106,164.04798927863482,25.4504542914866,12.25433110552607,0.9232412492119365,55.07706855939468,4.22498631370457
42,45,13,331.6573994731272,7.223595291414359,147.8826388251643,24.346987790402252,13.781555029541167,1.0423924873018424,61.38935162236204,4.7325262399236125
43,45,12,334.9914334604885,7.0976055045874595,132.42791315414937,23.24477603206378,15.053960924288397,1.1437453186621291,66.42832104113889,5.150378454970897
44,45,11,338.09966838937686,6.9647654644115065,118.75287249571636,22.221622664496756,16.17129892809823,1.2347620370007808,70.65595054501449,5.512192152760642
45,45,10,340.94889365820313,6.83019414664561,107.21332609508714,21.311355797606325,17.191917873095814,1.3197750528365955,74.34847878347179,5.8378861163508855
46,45,9,343.54631055643296,6.696117173451122,97.72696732867605,20.521285716958246,18.141162101825273,1.4006058137672206,77.63603902919697,6.136392030895839
47,45,8,345.91465984119924,6.563518503590825,90.01956324845949,19.844964516222813,19.02736105582879,1.4777738972887424,80.57364038094255,6.410972652100143
48,45,7,348.0786986756773,6.432963690195059,83.78010772208142,19.270273900894445,19.85293583123875,1.5513424649419434,83.18966102319258,6.662911478421088
49,45,6,350.0601298431975,6.304917054378648,78.72919501670862,18.783682272420755,20.619434376595244,1.6213048659057607,85.50745261364848,6.893179224877144
50,45,5,351.8769062744144,6.179811630531464,74.63674353688182,18.372174445897677,21.329002980128593,1.68770045756245,87.55142186346673,7.102915664072878
51,45,4,353.54402930640794,6.058033655457061,71.31893672885911,18.024017449663443,21.984457230765987,1.750623129048252,89.34715632852803,7.293448174688662
52,45,3,355.0744881402564,5.939896051811668,68.62969546772136,17.728992848640907,22.589010132612565,1.81020280072155,90.92019764082913,7.466198825980682
53,45,2,356.4799260965948,5.825624374430937,66.4524005672204,17.478387064838476,23.146017242547885,1.866587420923246,92.2949848232938,7.62259909013788
54,45,1,357.7710162514676,5.715356836687172,64.69328236041761,17.264872066310808,23.658810083293353,1.9199310815952435,93.49423700977478,7.764035242769169
55,45,0,358.9576389543535,5.609153610418736,63.27643346016988,17.082341254937816,24.130603631368693,1.9703873398333636,94.53868615988388,7.891819241324566
0,46,54,386.121530588838,1.373211394123791,43.57956819793672,14.191061932800853,25.138014972120015,2.085177967505919,96.53129591957335,8.154458471088768
1,46,53,386.54143540239653,1.3529617040934725,42.523818958203435,14.13422437685633,24.750645520130686,2.0408313175702015,95.77988703764295,8.054106950595825
2,46,52,386.97263172006575,1.3336110925952274,41.44481129488379,14.078544809076392,24.32807920938793,1.9938315735415935,94.91163652770844,7.942535643899603
3,46,51,387.41506013281224,1.315418741132389,40.354060752581006,14.024694355477541,23.867048173771217,1.9439988668699457,93.9088758344725,7.818498545633605
4,46,50,387.86870411441254,1.2987161436126957,39.26716308263279,13.973475939899275,23.363903547981028,1.891132385902336,92.7511935981752,7.680593488147483
5,46,49,388.33363719731784,1.2839312611383655,38.20486956643835,13.925849378883694,22.814526808339277,1.8350039818820556,91.4148970329945,7.527229930632351
6,46,48,388.81008383345676,1.2716202018973664,37.19436194957012,13.88296229648986,22.214202962279852,1.7753487975318267,89.87229344765008,7.356584066629457
7,46,47,389.2984842899452,1.2625076162326105,36.2706768164753,13.846188761745898,21.55743413752715,1.7118513030679074,88.09069362705549,7.166534123391119
8,46,46,389.79952980047506,1.2575361319561553,35.478116471845425,13.817178651795626,20.837658068182556,1.6441241022173745,86.03097204238067,6.954564019463113
9,46,45,390.3140745098463,1.257923557273382,34.87126676174381,13.79792308812448,20.04681676583724,1.571675485829,83.64542550675908,6.7176171505572855
10,46,44,390.84268501775495,1.2652251049818695,34.514872413437374,13.790846748338577,19.174713446164034,1.49386126132261,80.87462568041337,6.451879831426431
11,46,43,391.38422675152214,1.2814008964839538,34.48129119574088,13.798951076761334,18.2081842202209,1.4098231786105768,77.6433305809697,6.1525041016600985
12,46,42,391.9319591347046,1.3089105050513736,34.843737703481196,13.826064475943147,17.130603268793458,1.3184534890267998,73.85767839811832,5.813445937819875
13,46,41,392.4631555317539,1.3509322911597645,35.66369853250653,13.877330305114064,15.924152113856419,1.218569031250748,69.41439928963027,5.428238497886976
14,46,40,392.91183597835953,1.4120090599871458,36.973384997048996,13.960221119006006,14.583752864080926,1.109963082505568,64.2618899972997,4.994690398978981
15,46,39,393.10081924128355,1.499807400877228,38.76182905104973,14.086633808462341,13.169710985943974,0.9973565600135029,58.635541632787856,4.532557494544168
16,46,38,392.6178939336111,1.6284373493602806,40.98637166560641,14.276908734476299,11.93686868217971,0.9000441492830574,53.64265686029153,4.12673767114334
17,46,37,390.85042561399695,1.8179711873716715,43.623869918038196,14.566760079803306,11.328313887077446,0.8512721002882908,51.25733069883685,3.9253511483369
18,46,36,387.57178754860786,2.0800763039550403,46.75699828779014,15.016425289045799,11.315315476332518,0.8485622314489332,51.38788170496856,3.9203658665592056
19,46,35,383.023848311958,2.41484210309414,50.799842300943425,15.715304226252359,11.298584820731106,0.8464199534858374,51.41250419894649,3.9131690143551268
20,46,34,377.15586065250244,2.8288402759637616,56.71419994861803,16.77922592092949,10.86110357827695,0.8131682988558494,49.50411290282703,3.7643703314551584
21,46,33,369.5144394258274,3.3391688882679444,65.7870416611715,18.32978025747061,9.826385159047557,0.7354683079031239,44.87730634428619,3.414989713903214
22,46,32,360.05364164660074,3.952330381683203,78.5849497219825,20.373200242324394,8.218600178094116,0.6152470338473018,37.624890859493775,2.8750796903974143
23,46,31,351.45912328060473,4.603827851489368,92.23903981107895,22.401840609467932,7.697251454230026,0.5762893631267869,35.26811986351999,2.699762387096635
24,46,30,345.5993342092313,5.227931703203947,104.31107895381629,24.007148296436604,9.034581846100924,0.6760078311128863,41.330621901506774,3.1457969046018843
25,46,29,340.1262471240612,5.838808842561946,116.79713956632851,25.47747900572858,9.821750332892561,0.734827056877877,44.89042972799056,3.4105014512684337
26,46,28,334.7836528730358,6.40802094310932,129.53878985012435,26.73233945362234,9.95224298104415,0.7446266848653134,45.478086348220465,3.455409080010415
27,46,27,329.86568989622486,6.900653438645074,141.8922078825076,27.64718781290475,9.848659515608384,0.7369474307307929,45.00193375563093,3.421023631553502
28,46,26,325.5607503940396,7.288571228108097,153.37495913887608,28.192607856308015,9.90581552668241,0.741288453781171,45.24473942609536,3.4395734486696092
29,46,25,321.962201995527,7.5600357160336085,163.78830898313657,28.43377726399361,10.071962489981223,0.7538032769025829,45.980827442660576,3.495629221870148
30,46,24,319.15366758732563,7.721527650763092,173.2981859379494,28.49609089449925,10.141510405957861,0.7591848188422751,46.28092650862707,3.521675122883857
31,46,23,317.2303026757811,7.784444404002242,182.12580714754026,28.478032582302284,10.478269922686339,0.7845617654432863,47.785307465407065,3.6375629617579563
32,46,22,316.1565680518512,7.767962939754927,189.7743803189509,28.40401278480041,11.097784442573289,0.8310508131733753,50.560016321325364,3.846568972753556
33,46,21,315.79867520496,7.695089527442654,195.2455604698597,28.247918298011687,11.550066416007036,0.8649863372732354,52.58139390996675,3.9982144764235006
34,46,20,316.0557621727223,7.581703196849053,197.70499884344608,27.970329123595317,11.57752829764067,0.8670236610425094,52.70311171027744,4.006375703810741
35,46,19,316.87676825923177,7.432524581358456,196.47691758794207,27.52013426377369,11.023991952032512,0.8254473644137582,50.22636291033947,3.8186262203035644
36,46,18,318.2719557720253,7.2389534542103515,190.79471513086762,26.819020772788882,9.634362863473813,0.7213006043378539,43.98336895012957,3.349888126692865
37,46,17,320.3372294466812,6.980172767237415,179.65235037141986,25.75328199326719,6.762762549885283,0.5069110948504332,30.99786937717048,2.3905520063841355
38,46,16,322.4809179934309,6.870731988162178,170.7356516891703,25.07573646209009,5.7367224695609025,0.43081195464757716,26.323652834974038,2.0546185914354282
39,46,15,324.390111738582,7.016985207206579,168.1973620424126,25.170345127800385,9.417209026522327,0.7070465593764333,42.76812835133888,3.2763442905850795
40,46,14,327.0385941175216,7.05669062381596,159.8182898171989,24.756993680201763,11.749713538067828,0.8849281281970458,52.872917952057,4.056516290534878
41,46,13,330.0837718326238,7.020435614682585,147.9945444620813,24.020665971924203,13.491569628917173,1.0200496067808873,60.154550404761615,4.6359536028869
42,46,12,333.22402446359547,6.941630254287729,135.08517559815994,23.147932972617223,14.889053093560992,1.1306333875310042,65.76118369644483,5.0960595136771225
43,46,11,336.27835081102745,6.840666721090802,122.62693482388475,22.257889263499177,16.070910818404105,1.2262693716336257,70.29105239882962,5.480040818238587
44,46,10,339.1568617987387,6.728705200955978,111.43364545766894,21.41664248512877,17.11521721303315,1.3127727877355015,74.10901025095988,5.814358987009099
45,46,9,341.82647971220473,6.611649082438147,101.80349330499095,20.655468299480923,18.065689902184744,1.3933637550155547,77.42536577125522,6.114042378675313
46,46,8,344.2850347508692,6.492614828946144,93.7250648103619,19.984500753923868,18.943948894051122,1.4695807027917078,80.35214893829333,6.386753587503427
47,46,7,346.5441040187237,6.37333380680602,87.04029418801626,19.402278200249416,19.75984349808308,1.5420616691856197,82.94898167585355,6.636223858515012
48,46,6,348.61945801835986,6.25488451694704,81.5463138200714,18.90177275103125,20.51816198679018,1.6110559172343788,85.25236424960359,6.864480967287425
49,46,5,350.5268198487791,6.138032065429796,77.04578789740654,18.47381747422097,21.222022392856793,1.6766846819982368,87.29025358383798,7.072971667634012
50,46,4,352.2805327910022,6.023364904831467,73.36568154024951,18.108895978739547,21.874218012146134,1.739046331333888,89.08773980208781,7.2630046115856475
51,46,3,353.8934595548196,5.91134315562029,70.36076620652304,17.798010870698285,22.477599575832556,1.7982476907763592,90.66861478490526,7.435874511650179
52,46,2,355.3772362554347,5.802316281226652,67.91124247468773,17.533061312720672,23.035100744114995,1.8544075897045718,92.05547556430187,7.592869324340699
53,46,1,356.7425303442094,5.696534126935327,65.91880771510638,17.306963185834718,23.549671053482246,1.9076528031596227,93.26948884329187,7.735247968556303
54,46,0,357.9992114985471,5.594158762978678,64.30281473229775,17.113636075478897,24.024207705454067,1.9581134615732905,94.33019006352126,7.86421859514705
0,47,53,386.3365347023096,1.3643678764128695,43.52679947157269,14.107149170767197,25.044506959790937,2.073796050695207,96.3646589825531,8.131027788704898
1,47,52,386.7674878360637,1.345489552972452,42.51629963909821,14.04587751349842,24.65261951606008,2.02923753944714,95.59475385630213,8.029073262966035
2,47,51,387.21106668232386,1.32783849399223,41.49422288025835,13.98553531514722,24.225690615147222,1.9820640977634951,94.70676436541747,7.915889917082742
3,47,50,387.66752739079806,1.3117447261198305,40.47407285700548,13.926767631822258,23.760532460958856,1.932102612168283,93.6831331687551,7.79025443668961
4,47,49,388.13723366326997,1.2976250192663876,39.47350913697461,13.870341237876357,23.253591187509844,1.8791597101710316,92.50363438637173,7.6507933087282165
5,47,48,388.62069436588195,1.286008392140758,38.515228688655384,13.817165334396082,22.700865518553297,1.8230158361805082,91.14487323655517,7.495953369553625
6,47,47,389.1185846413297,1.2775680350279948,37.62788089670411,13.7683165010702,22.097796212447403,1.7634170501601831,89.5796430847181,7.323962664965774
7,47,46,389.63170663665073,1.2731601172869227,36.8468683152001,13.725069637399988,21.439117395050836,1.7000639015220276,87.77609480976088,7.132778682235352
8,47,45,390.1607879958504,1.273869466491671,36.214742176228654,13.688938354579234,20.71866699476686,1.6325972268566464,85.69669551377113,6.920023077803617
9,47,44,390.7058897968034,1.2810623522026305,35.780683455907806,13.661732245734546,19.929187157580376,1.5605833029686549,83.2970954946694,6.682913380564698
10,47,43,391.26491939884465,1.296450323961151,35.59828729805656,13.645647551686523,19.062269373311715,1.4835101614032016,80.52556320165885,6.418243876861314
11,47,42,391.8301414477554,1.3221831695034503,35.72067060117436,13.64342794224709,18.108984395100357,1.4008358880654903,77.32535670664477,6.122597524044901
12,47,41,392.38030470195054,1.3610271899022575,36.19217238619753,13.658674559624966,17.062798614753543,1.3122094207992987,73.64715605345764,5.793327351582911
13,47,40,392.8636274956619,1.4167622877475408,37.0373839966074,13.696465097542475,15.928891985831742,1.218172372078283,69.4900587817372,5.431688651021227
14,47,39,393.16461054502605,1.4950114388096947,38.251988607381364,13.764570057900844,14.747958553229392,1.121944744640666,65.00797640156287,5.050829565383333
15,47,38,393.05772133471504,1.6044660921233862,39.80570627505476,13.875704381921086,13.637421638254306,1.032500848061446,60.69685919302813,4.6896224212162965
16,47,37,392.21213129058833,1.7569092848365107,41.66987652871791,14.051341967544605,12.791803448023764,0.9645343343280167,57.40631145864145,4.412922393306737
17,47,36,390.37032548808634,1.962911784533457,43.879127014774355,14.327392328594224,12.300176667707838,0.9246387987056238,55.53972519551045,4.250938495819585
18,47,35,387.5158295643405,2.227658770936826,46.65639515354637,14.761354959129426,11.953936154921252,0.8968248644892739,54.19924449140283,4.134985112232254
19,47,34,383.6319696383668,2.5573885426035723,50.61033352359942,15.442312902256834,11.441482806435637,0.8573083411150156,52.03209869448037,3.9616200470301126
20,47,33,378.35017147335293,2.970494742335214,56.876552596860975,16.50394424935713,10.61330110122512,0.7946138621618888,48.391857882936655,3.6811673039593207
21,47,32,371.06142121407635,3.4965405797125806,66.83439545722128,18.094410526550927,9.593597103264699,0.7179392728102083,43.842875316970755,3.335963912898777
22,47,31,362.04231682070053,4.13870927644507,80.58543728801465,20.17233810189046,8.925435574809349,0.66782289770794,40.841605538373756,3.1091672589498156
23,47,30,353.0839400598601,4.836305379316133,95.89115202779189,22.371735793710144,9.142484978270843,0.6839850018005835,41.823960819820584,3.1804624770003027
24,47,29,345.0384298421505,5.5228467300401975,111.08396599295752,24.420654955557023,9.56902888365562,0.7158826911507076,43.750174154090786,3.324133439123202
25,47,28,337.9184861754226,6.150254312680081,125.59595395679587,26.136182672560874,9.721160210768105,0.7273291448190883,44.434703958058485,3.377047488820573
26,47,27,331.8460530656152,6.681733882840474,139.06564869756485,27.33847458620617,9.914174989282508,0.7418471507628402,45.3002307952602,3.443501889779397
27,47,26,326.8262711063556,7.1009001548225505,151.25551541480777,28.035356701606318,10.291189960705385,0.7701532661021365,46.985407950540164,3.5707835078796784
28,47,25,322.76334198763857,7.405889673731219,162.0352345390969,28.365724039974186,10.679386441749584,0.7993320684522516,48.71411014637936,3.701627520661619
29,47,24,319.59299364492705,7.601835752130486,171.42709243717405,28.46281195953085,10.929994946571835,0.8182388536362777,49.82474903358397,3.7870691455871546
30,47,23,317.30711718165117,7.6979954152943515,179.4949823899082,28.421563879286836,11.106547511354137,0.8316029650774307,50.60624755176141,3.848220890607893
31,47,22,315.8952663946784,7.7069649931189685,186.04572049112969,28.28515794135793,11.346975223377903,0.8497135011823276,51.678017271827464,3.9302716056195774
32,47,21,315.2965107782693,7.6447213763163235,190.48827656499157,28.047326852551496,11.57945510717043,0.8671793933206007,52.71629200772802,4.008671540887227
33,47,20,315.430964487477,7.5261791459293566,192.1083104646579,27.67525627854437,11.635391164400804,0.8713511353310704,52.96848006977325,4.027074680013413
34,47,19,316.22988966162904,7.360490986452264,190.30354067576525,27.127905064188155,11.354450896356022,0.8502029338368454,51.718585828863326,3.9319097693360736
35,47,18,317.64673740900287,7.148707223954382,184.56472880068299,26.35745151948676,10.515280942374199,0.7872288599682934,47.962838735480744,3.6492287175460616
36,47,17,319.66999825550937,6.885997566266928,174.44630289631633,25.311363494960737,8.752800016604526,0.6554066171618567,40.02256497371883,3.0587080729948704
37,47,16,322.14801232660864,6.621980089379154,161.657476236163,24.146048108243367,6.161659310869544,0.46266395817855976,28.25551027260834,2.202516621266103
38,47,15,324.09742133676303,6.671177016891079,157.76862601155352,24.00220355244577,8.531740767394306,0.6408266505779983,38.794708409616106,2.985261891091914
39,47,14,326.2950547438648,6.762754243329401,153.45596577869253,23.90505888572939,11.227970578774553,0.8454737643490453,50.5793650243812,3.883788889103561
40,47,13,328.9417213179454,6.784409788529489,145.49653871878363,23.48674808022942,13.167882290906768,0.9952149879692427,58.768820844603326,4.528842921655829
41,47,12,331.820328540319,6.752327852498125,135.41104731813274,22.857571888373965,14.682972208945994,1.1144499226462177,64.9129308981464,5.028331588254239
42,47,11,334.73931803171797,6.686461809428258,124.70362695315477,22.13397640870668,15.936087746146935,1.2152391289629476,69.77288265222607,5.4364861788771535
43,47,10,337.57505571906427,6.600791375858466,114.4023635375674,21.397287375277507,17.018028934453028,1.304326872032388,73.77398347376412,5.783903102482246
44,47,9,340.2612380213821,6.503947425764936,105.07391196821746,20.696055684349922,17.98317372293701,1.3857362571587215,77.17428892409286,6.089110121682301
45,47,8,342.770129590652,6.401034379323183,96.94314158670988,20.055125980244206,18.862972506616096,1.4617571336751383,80.12843123769427,6.363006806795337
46,47,7,345.0964343288454,6.295070515959548,90.0228759171533,19.484051606320623,19.674570311279766,1.5335900733880565,82.72703282922318,6.611723392522966
47,47,6,347.2460805677983,6.187911557320909,84.21723247710004,18.983414612804108,20.427131143549552,1.6018254356729278,85.02479837975245,6.83871977116087
48,47,5,349.22959385303,6.0807802602113625,79.3885956788739,18.54904498561514,21.125922781650125,1.6667554980589334,87.05833868435882,7.046139239889698
49,47,4,351.05875882154913,5.97454365077289,75.39396451590667,18.174601086413908,21.77455191788576,1.7285467367259022,88.85579279918122,7.235547384795136
50,47,3,352.74521001116443,5.86984832645906,72.1013754830598,17.85304707746515,22.376008031019815,1.7873213592269686,90.44127147708193,7.408275906320216
51,47,2,354.2999669270855,5.76718505315233,69.39549293056785,17.57745168885523,22.933075739908734,1.8431903573112043,91.83660812959248,7.565557802649374
52,47,1,355.7333491631925,5.6669221107042835,67.17812449173924,17.341388773776668,23.448461896933345,1.8962643795345036,93.06192646206327,7.7085689417388155
53,47,0,357.0550052090403,5.569326370450895,65.36672115864954,17.1391096416317,23.924813172525894,1.9466558512925711,94.13577583348624,7.838434203925057
0,48,52,386.53425622981354,1.3582453514314086,43.52475247399761,14.019522152770822,24.956915008790585,2.063157822997384,96.20768713578678,8.109046822648773
1,48,51,386.9737517477986,1.3411348374794962,42.564986227225404,13.953495868630705,24.561424850597973,2.0184684136506297,95.4217636115662,8.005759851051275
2,48,50,387.42667907436044,1.325641223775115,41.605130085178146,13.888128523502989,24.131190329416462,1.9712115112340516,94.5171160595831,7.8912843795388214
3,48,49,387.893433899814,1.312172576784305,40.660197128211095,13.82402979912878,23.6631414569338,1.921223268944948,93.47648446931646,7.764433274918727
4,48,48,388.3745031475913,1.3012373004534155,39.74917035913397,13.761918137890737,23.153878778493794,1.868321924679327,92.28010879367338,7.623882407314273
5,48,47,388.87045011532535,1.2934700911949721,38.895586009570096,13.702636134173725,22.599615761743408,1.812303618956642,90.90533616136203,7.468149368281968
6,48,46,389.3818301924251,1.2896632085243294,38.127966705846816,13.64716837127535,21.996115075243615,1.7529377067546132,89.32618493664695,7.295570218204095
7,48,45,389.90894951899907,1.290803385576858,37.479885775401726,13.596663261260387,21.338635628606696,1.6899628668913507,87.5129335238393,7.10427994533296
8,48,44,390.45128913143856,1.2981151582642498,36.989312464774855,13.552462610262724,20.621943495014335,1.6230880654235322,85.43195907649778,6.892214498257073
9,48,43,391.0062429885251,1.3131138188110958,36.69674088105559,13.516147482344993,19.840534143851343,1.5520095440952344,83.04646744160696,6.657183958131644
10,48,42,391.56649297664575,1.3376784584103527,36.64152491161869,13.489619122851742,18.989440562061255,1.4764720745111142,80.31976985415739,6.397142774633491
11,48,41,392.1147922510269,1.374171626082482,36.85602470567753,13.475253427294618,18.06648987314747,1.3964392744286802,77.2249643569895,6.110946985219126
12,48,40,392.6142447639331,1.4256563765787957,37.35797126319609,13.476201351958396,17.0777017546277,1.3124996850637398,73.76869044519961,5.800167445236058
13,48,39,392.99244501790486,1.4962643293311486,38.143278407330584,13.496955669742118,16.048033286088174,1.2266720865806933,70.03921220215608,5.4727009238022095
14,48,38,393.123559338363,1.5916281714164668,39.184271197807206,13.54435197768316,15.035851730918933,1.1434823448549578,66.27266931795512,5.147646682658312
15,48,37,392.8319984211413,1.71879006540722,40.44037647837165,13.62918949296679,14.131319468715926,1.0698109769683293,62.85080410254311,4.854849672060532
16,48,36,391.95921656747765,1.8845341977317749,41.888647912803464,13.768650720751332,13.3959382046001,1.010289407174915,60.039919674589115,4.614859655628388
17,48,35,390.46214470865,2.092957816721829,43.586755005698436,13.99004117292879,12.76343399891319,0.9597937298124778,57.5553701498793,4.40591968660035
18,48,34,388.37410347082204,2.3469299837248108,45.794147963162175,14.339115169504273,12.048026667267713,0.904106190535074,54.59167350026704,4.1664755526391035
19,48,33,385.5402865253553,2.6572268069811575,49.20283467442222,14.905523585850755,11.095120800569946,0.8313772045950687,50.47731067922696,3.8452487299421607
20,48,32,381.18638918403803,3.060246344760759,55.386569619092484,15.886750934174998,9.989141663594573,0.7477860307681772,45.59876811827241,3.4710249337513983
21,48,31,373.82235568251974,3.6237867161331065,66.85497097173047,17.603862591157785,9.243485840034507,0.6916226951342075,42.27700997381641,3.216706347244532
22,48,30,363.3581336924678,4.35589810012489,83.9189456435034,20.0820834581485,9.221304731880938,0.6898240751848229,42.18269768056192,3.2058770886236942
23,48,29,352.28546446814374,5.140288722855212,102.79003149884896,22.79004245588455,9.335408757445954,0.698353688517247,42.69507005150125,3.243612489797647
24,48,28,342.4997350381738,5.864310882007799,120.33216808757494,25.21266719755875,9.050489145621674,0.6771797409464686,41.4014953364697,3.1503834153844874
25,48,27,334.5910919021256,6.46466341131893,135.72759266398762,26.943123551250014,8.996374426363834,0.673285311700227,41.15143906476416,3.135666286052722
26,48,26,328.4941737420309,6.921881610847906,149.133270410962,27.85476526912077,9.807712702508475,0.7340267015739177,44.806039019049976,3.40937958146137
27,48,25,323.7954464663045,7.254703393627057,160.63730802867147,28.25869072775741,10.681108625610984,0.7994978108102517,48.72260492572861,3.7033844341285618
28,48,24,320.1884446303061,7.479220449514094,170.34010704302716,28.39149584085075,11.227746878460023,0.8405737020410606,51.16052118152825,3.8878679375982887
29,48,23,317.53319459176316,7.60495116577996,178.29474350370091,28.36025129161743,11.479498599133679,0.8595581005448493,52.276973612367755,3.9735222016674285
30,48,22,315.77391801757005,7.6408521838935375,184.38564508157913,28.21084305521234,11.561318407280774,0.8657700498214274,52.637561092165896,4.001981820827849
31,48,21,314.8740913270824,7.597804345312488,188.25725329206654,27.945913062516723,11.561153492282136,0.865787928161877,52.63599225977941,4.0024552079014635
32,48,20,314.79211807812254,7.488158776092999,189.38633473798794,27.538489639759145,11.507625485389115,0.8617496666564098,52.40086873913583,3.984593203316229
33,48,19,315.4726029855494,7.3236329414144254,187.30298520512576,26.954894577397255,11.380008612143104,0.8520972514855567,51.84087566892285,3.941690299060368
34,48,18,316.83018184836953,7.114320108512954,181.7958481166205,26.176690651919724,11.041858781361485,0.8266581168588113,50.337900732863126,3.8281773899936105
35,48,17,318.7550517292971,6.872043263869491,173.03242585168778,25.21539825555896,10.290787707118904,0.770438096378004,46.962399012585266,3.576591273398063
36,48,16,321.0778241302209,6.6334865129503555,162.2684140380878,24.18599790380598,9.25075088574645,0.6930827320840978,42.22839527862986,3.2294541857823322
37,48,15,323.41596026555226,6.5100800084988615,153.62157892218633,23.4855989614804,9.365652081315892,0.7031096149490331,42.57166826834298,3.2674064371125078
38,48,14,325.650341477257,6.524541793841079,148.20662144773655,23.201059700039327,11.112027831996985,0.8365575137441686,50.09146284916954,3.8479202029433868
39,48,13,328.08001432963994,6.552499467106211,142.04667165501502,22.899331936747085,12.95017556356381,0.9784179743138167,57.848136579226185,4.457938418599741
40,48,12,330.72966620354777,6.547930201728479,134.15754197717197,22.446501874043427,14.496716558297061,1.099798761910789,64.15069628997732,4.967681506650235
41,48,11,333.48409197325515,6.511053731032169,125.21781732866658,21.879398668324573,15.793355376190688,1.2036544933700999,69.21901776686407,5.390515874236353
42,48,10,336.2285672209146,6.450726811832226,116.08166573782891,21.26023032394104,16.908179943034533,1.2949931010822715,73.38074143992635,5.7492698615082665
43,48,9,338.8830335973354,6.3750174076279285,107.38464845881879,20.63907144497245,17.892263362644538,1.3775777560176252,76.88096477123432,6.061282598777282
44,48,8,341.4016274995191,6.2896880428564295,99.49449106734829,20.04840076298644,18.77979413763387,1.453906530553932,79.88661066353676,6.338315528435015
45,48,7,343.7634970936863,6.198553220867618,92.56460609041129,19.50602270552834,19.592171291377845,1.5255084075002534,82.50650390369317,6.587880018647794
46,48,6,345.9634356319571,6.10410281995232,86.60803925705846,19.0194565230629,20.342210204854155,1.5932580980832667,84.81064936099749,6.814624337776333
47,48,5,348.00484680982686,6.008000389950913,81.5604906589008,18.589745710249208,21.037590631518235,1.6576380296754485,86.84554441402265,7.021473594069641
48,48,4,349.89527890006536,5.9114073847859565,77.3236053736752,18.21422870254129,21.683228266100905,1.7189202019792638,88.64452449951732,7.210413278804641
49,48,3,351.6439350886266,5.815172633240316,73.7904550276682,17.888365971870293,22.282679984804467,1.7772748949923223,90.23382258012228,7.382952721536375
50,48,2,353.2604341355875,5.719936741502923,70.8585725712104,17.60686783151361,22.83887754522333,1.8328281046667194,91.63571495552573,7.540366536073648
51,48,1,354.7542544415753,5.626189257447585,68.4355500814445,17.364353504836753,23.35446862242209,1.88568875193627,92.86999631383577,7.683806707788655
52,48,0,356.1345072789575,5.53430200779471,66.44068212176515,17.15571255445258,23.83195618606201,1.935960183488134,93.95461661589972,7.814348636081892
0,49,51,386.70966193899346,1.3550546627998088,43.571179605036846,13.928258295103847,24.875525979851098,2.053279008779741,96.06152693988425,8.088615147874211
1,49,50,387.1541562246495,1.3401238092288774,42.666328213675,13.85718796408246,24.477374920533798,2.008539568569797,95.26228791748866,7.984279098760544
2,49,49,387.61208354182827,1.3272586557640351,41.772256044923026,13.786476028331862,24.04493319210079,1.9612903507972987,94.34436726472414,7.868849493485197
3,49,48,388.08371906072534,1.3169508871201474,40.904918957924764,13.71669226907662,23.575296648670243,1.911380118030634,93.2910311225905,7.741192170498147
4,49,47,388.56930896813026,1.3098050545509117,40.08381389053014,13.648501394216302,23.065295300647797,1.8586441322692255,92.08333185336382,7.600058161120654
5,49,46,389.0689605408729,1.3065643902457502,39.33220378080209,13.582672990401276,22.511477431160447,1.8029030923423257,90.69990107146076,7.444076540357086
6,49,45,389.5823980803991,1.3081410654150876,38.677030346633714,13.520092083662789,21.910122537887368,1.7439642177068282,89.11685284109403,7.27175698881451
7,49,44,390.1084612716773,1.3156514275177678,38.14827233115808,13.46177141775995,21.25733042450019,1.6816280684505138,87.30800147673085,7.081517960040165
8,49,43,390.6441259954722,1.3304578857558487,37.77742430429761,13.408868497034858,20.549291981006487,1.6157090731132226,85.24585741115932,6.871775917715556
9,49,42,391.1826758783577,1.3542220715828663,37.59473504458052,13.36271430933844,19.782962791297784,1.5460864017034075,82.90438534481252,6.641169999554611
10,49,41,391.71046076755425,1.3889792057170287,37.624956410280305,13.324867327906166,18.957557187175734,1.4728164803437325,80.26540800675453,6.38906264368217
11,49,40,392.20160307852507,1.4372479877885413,37.88177335748867,13.29721561542948,18.077498207492916,1.3963544817245919,77.33157799916007,6.1165304277096935
12,49,39,392.6106770663518,1.5021771967266795,38.36196400934004,13.282157028992033,17.157267068661113,1.3179168436661364,74.14814515822658,5.827996753473599
13,49,38,392.8664308387872,1.5876544231925114,39.04158667300271,13.28287875611803,16.226547910478253,1.2398611251459923,70.82690592844575,5.5329762734498935
14,49,37,392.87702354482275,1.6981097349397865,39.87745693886998,13.30370929777255,15.327798459069776,1.1654859345758954,67.53806897949661,5.245312132675425
15,49,36,392.5637181391074,1.8375735413026546,40.81706191483461,13.350425888016215,14.491283137494374,1.0971205789342613,64.4037234185532,4.974916015677712
16,49,35,391.92087119705815,2.008038728428147,41.820022911300995,13.430443375747966,13.687005164067232,1.032472024100504,61.28833215811981,4.7117849294737235
17,49,34,391.04580962847194,2.2086837864024,42.898690867548964,13.553949843506212,12.797081274863974,0.96254795187871,57.674432754664835,4.416722690452275
18,49,33,390.0559579399933,2.438788802229036,44.214845678656744,13.743126663092072,11.652679742288727,0.8745145143698823,52.816152362681294,4.033526624611466
19,49,32,388.7506675882037,2.711007124782731,46.4603549761342,14.084753179067794,10.146003017190925,0.7602193862838916,46.22572488657063,3.5265394086743744
20,49,31,385.34633181960976,3.1033247464541924,52.55073868156788,14.969337995051117,8.65153108557915,0.6476884654669659,39.57576308401007,3.021820982819464
21,49,30,375.6086627203576,3.7924591526146907,68.72711299732805,17.255513689958637,8.509151087345215,0.6367095376860127,38.95330094705172,2.9678570156833497
22,49,29,361.56799500574823,4.684557084721939,91.85538342753219,20.54860853121041,8.990826107676812,0.6725547652123816,41.134974243330866,3.1258659226369403
23,49,28,348.4842694467655,5.537053950105285,113.79195850938021,23.7715172270533,8.549438730378787,0.6396677295878581,39.131955618544794,2.979091045907312
24,49,27,338.03325773292687,6.246955496387242,131.88093143542076,26.38556374289039,7.124223394838296,0.5336805437395691,32.659551458313324,2.510010429254874
25,49,26,330.4732623428971,6.758138646552403,146.9065357418031,27.67618631710656,8.1534746393485,0.6105524953874084,37.321748007046345,2.8563934590052553
26,49,25,325.0198082941987,7.113039369745999,159.43378695338487,28.11649393021365,10.017652497283411,0.7498770480296479,45.73475846565153,3.4810645923065415
27,49,24,320.93011882543976,7.358990806623051,169.72312544757833,28.266882008827842,11.08494124323823,0.8298807403879966,50.52073400163944,3.8402224986057125
28,49,23,317.8958594391538,7.5096491685675115,177.97551884390055,28.25533574398441,11.561816922602269,0.8657234033799917,52.64645160805277,4.001174348557162
29,49,22,315.7880376036119,7.571597369306787,184.11501414269782,28.124107466531022,11.645652916346371,0.8720765693850041,53.01501263445916,4.029894788806858
30,49,21,314.55694153973144,7.551397765825319,187.88190405270424,27.876549120604206,11.46997031569174,0.8589278823744423,52.22762935442663,3.971243220577837
31,49,20,314.185563651122,7.457999674240194,188.89273690700216,27.48600777317254,11.177572289226454,0.8369885834705292,50.92275497030134,3.8733567590453952
32,49,19,314.6651966799846,7.302673236077313,186.73234019830494,26.911796116741765,10.985096799394062,0.8224871293976392,50.07285686972162,3.8092071587629355
33,49,18,315.9274254004811,7.099526041909978,181.29330076441994,26.13921030768148,10.974466138175263,0.8216068893870618,50.039391538774325,3.8063527472588317
34,49,17,317.8015789565879,6.867590583060991,173.06634030198506,25.21051512958494,10.924950467185923,0.8179761884169628,49.809735163666524,3.790609269842399
35,49,16,320.07521404690834,6.636672288797303,163.14444925732482,24.226370332413335,10.71856132070272,0.8030231677266091,48.82125203976014,3.7221405912261427
36,49,15,322.5097625344585,6.458763715083986,153.47795230761804,23.370761084938458,10.759600292463782,0.8074377262443526,48.840407558121704,3.7354524778972786
37,49,14,324.9178285557102,6.377011046587215,145.79419469734074,22.80008368507172,11.609758624181051,0.8736810005912419,52.34432449973044,4.017074294096753
38,49,13,327.33929899650514,6.359169913254276,139.2470687890037,22.40560854152911,12.99333037558986,0.9812664842168042,58.08320059330807,4.474664365472409
39,49,12,329.8645404809693,6.350603193425114,132.32319791129063,22.007722659345212,14.407460433755768,1.0924851640314208,63.81501329909017,4.93983010282967
40,49,11,332.4799280926755,6.327333482803548,124.67708816549018,21.544790775458825,15.680989029171425,1.194390082856414,68.798004112402,5.354947237934319
41,49,10,335.1176529932319,6.285714987061545,116.65527992606818,21.02898867228252,16.802990404392055,1.2860541583867062,73.006947956966,5.716322561269735
42,49,9,337.70881489089277,6.228806297451358,108.73403403960253,20.492163416123002,17.798525880250132,1.3692739479798304,76.57269671863284,6.032521243732483
43,49,8,340.2028330416325,6.160718995924156,101.2897082213711,19.963455564483525,18.694007430722973,1.4459579807774088,79.62854323562865,6.3126554676487405
44,49,7,342.56930180336707,6.08493770720578,94.54785615767457,19.46327664276385,19.509830844544275,1.5175619653356844,82.27896205266947,6.563864533709496
45,49,6,344.793702099466,6.0040662116300965,88.60348846575206,19.003473339803477,20.26008027134099,1.5850618793319515,84.59920066385627,6.791191214573558
46,49,5,346.87214871848,5.919982290253866,83.46107627332397,18.589317769605724,20.95403472323794,1.649067253504055,86.64229640607013,6.998071379348968
47,49,4,348.8070935315692,5.834048159552919,79.07196877908379,18.221639885434914,21.59783593206503,1.709948658265291,88.44649816091277,7.186881928547323
48,49,3,350.60438944821493,5.747276397593937,75.36187184807503,17.898552243854073,22.19578001535241,1.7679373067401178,90.04091045446044,7.359365766222263
49,49,2,352.2715061052976,5.660439883999258,72.24823946982684,17.616681037727435,22.75115469047162,1.823190164566843,91.44911953604156,7.516907138812499
50,49,1,353.81653464831606,5.574139424322727,69.6500224364712,17.371980591080046,23.26671909863713,1.8758276716853146,92.69127250349528,7.660689364409693
51,49,0,355.2476655995605,5.4888449649476385,67.49245464294702,17.160241757552484,23.744952777117124,1.9259536186237265,93.7851770092721,7.791776819718521
0,50,50,386.85718772829114,1.3549682204934954,43.66286380906132,13.833508101072741,24.80056376308969,2.0441688373923688,95.92720835233315,8.06981541195189
1,50,49,387.30199469578025,1.3426346215622917,42.81575520828544,13.757155870653838,24.400708242985708,1.9994592420625583,95.11754420361547,7.964722599943082
2,50,48,387.75914286713305,1.3328706687882335,41.98934531481605,13.680850486421292,23.967181352703363,1.9523084350462632,94.18997915898798,7.848689085284077
3,50,47,388.22845299751043,1.326255726318514,41.199957858258884,13.605124799524189,23.497297088023252,1.9025814856215333,93.12855411039855,7.720651808935005
4,50,46,388.709483600878,1.3234934854962912,40.46685164892,13.53059495883639,22.988193012290484,1.850136345822824,91.91549741215732,7.579463680484131
5,50,45,389.2012960442293,1.325437309919443,39.81208924759429,13.45796600639357,22.436868190192794,1.7948268187781626,90.53125911946377,7.423904589789061
6,50,44,389.7020292272003,1.3331193028818795,39.25998936756699,13.388036513599857,21.840285815168116,1.7365103741693542,88.95481670937005,7.252714157792311
7,50,43,390.2081544156134,1.3477836423773057,38.83594968463176,13.321702532556495,21.195606481874197,1.6750657765890962,87.16454464308472,7.064668408196457
8,50,42,390.71322082895796,1.3709255149832678,38.564410900262956,13.25996194189355,20.50067029143916,1.6104293908120535,85.14017925964225,6.858740165477321
9,50,41,391.2058636803186,1.4043378049030206,38.46580047877735,13.20392111294283,19.754912425338993,1.5426639354212315,82.86672493920089,6.634405514126551
10,50,40,391.6669463753542,1.450165870600907,38.5525187160066,13.154805075747394,18.960916118465054,1.472074687053025,80.34127701385412,6.3921656743635715
11,50,39,392.06626570848374,1.510957806171001,38.82446498864957,13.113965110840109,18.126557536821693,1.3993689026570617,77.58271277858249,6.134271236687873
12,50,38,392.3608864116805,1.5896560397508641,39.2651767133388,13.0828527239568,17.266653536503043,1.325774868815731,74.6396887196917,5.865288409758093
13,50,37,392.50038184915496,1.6893908871382526,39.8400220706674,13.062866916595873,16.400597922757385,1.2528534464681909,71.58168691392994,5.59133806603194
14,50,36,392.4471173410417,1.8128552722661269,40.497457052911514,13.054862240482175,15.539939263187723,1.1815446863426322,68.44636480593495,5.315990132056866
15,50,35,392.21479929777524,1.9611546026629592,41.172749737137366,13.057944529316917,14.663441254242084,1.1102683688986152,65.13136568793443,5.031976707440858
16,50,34,391.9106720333882,2.132487275474059,41.791027997776055,13.067148335081628,13.6910655631899,1.0329598671946618,61.27859593513815,4.7124962245019235
17,50,33,391.7535346068386,2.32142641028422,42.26551133780994,13.070339581469078,12.473151425638896,0.9383002942640633,56.21941298547706,4.307524155751396
18,50,32,392.040116364307,2.5199000938920455,42.5114421516534,13.049409767630811,10.781228113907288,0.8091459150964037,48.918095591543135,3.7408305211523185
19,50,31,392.8468929433018,2.7287568016288186,42.794228509076206,13.032439501152846,8.267887428216934,0.6197498087082862,37.76814811419553,2.89827249789213
20,50,30,389.451158651042,3.1456957750675,50.169263504088505,13.986198809639905,6.085182644375763,0.45642584214778076,27.937320613750988,2.1677989089734537
21,50,29,372.29126043685056,4.16091190692163,78.30037719747929,17.814719978638763,8.028794282978739,0.6007663324490241,36.77064895302471,2.8028634024373478
22,50,28,355.3765165764944,5.170026827106732,106.34615930440353,21.771260138120745,8.48306799598202,0.6345625232533774,38.83391948273858,2.9528033761438226
23,50,27,342.06613076667276,6.00300595849072,128.3993485726632,25.165738938272806,6.817379543760729,0.5105971092521976,31.266237823280065,2.4013747275395447
24,50,26,332.50358461567436,6.6163258849756685,144.8277287777531,27.486854248564534,4.448557659775103,0.3353099947172199,20.493070115622498,1.6424507883995605
25,50,25,326.3216126847384,6.9828605957922925,158.45553016593425,27.88776506017878,8.78845643225292,0.6580158015547277,40.18329948772095,3.0685913792876978
26,50,24,321.7762500715719,7.242345039991525,169.34766098241474,28.0516224222749,10.589725073206425,0.792770211661575,48.29844313943164,3.673517129637148
27,50,23,318.38956235982175,7.412469071236898,178.09797140563052,28.066819404897544,11.393584312892562,0.8530783302456333,51.89685158556715,3.9443627637215
28,50,22,315.9510678049752,7.498679183720075,184.64738612552821,27.97236244251252,11.593562175567305,0.86813090178932,52.78508353335621,4.011845992688933
29,50,21,314.3872617930417,7.502960195705665,188.69200858428974,27.772408396822275,11.349390112209713,0.8498445405802518,51.688992597427436,3.9297863778820314
30,50,20,313.68067371842835,7.429869790463766,189.93402470291932,27.44255863708694,10.761083376090465,0.8057538702174514,49.0527489905055,3.7323458821960394
31,50,19,313.8616928819525,7.288333258924155,188.0185972809548,26.93114229446202,10.155597801895876,0.7603738393251975,46.34211909680138,3.5299437259410555
32,50,18,314.9708111772287,7.0915480307323975,182.60014060077023,26.18644565604238,10.173482430614444,0.7616412680392369,46.438179159553144,3.5372735195121114
33,50,17,316.83349631175264,6.861689584878421,174.27164471342587,25.25479075598046,10.71695279440787,0.8024406912354137,48.870685330144916,3.720920003601883
34,50,16,319.1346508908834,6.628581486518095,164.38572844578755,24.261617422926776,11.215397088445137,0.8403445084428308,51.03710031915752,3.8890658956008206
35,50,15,321.6303196189653,6.426437804933483,154.33274358125263,23.33833410939688,11.631930708328289,0.8728688084807223,52.74078703827758,4.028454514384377
36,50,14,324.1550945013431,6.286619520772981,145.34049507806492,22.597552457434283,12.271602596841419,0.9231935873686459,55.31595076925036,4.240257700936072
37,50,13,326.6507989588342,6.212271748678209,137.6969245743168,22.05228960810296,13.270200604503529,1.0017055009303026,59.35290500719524,4.569352640223348
38,50,12,329.15083396511017,6.175456315720998,130.68365066464062,21.609952860456,14.45319828891144,1.095351159458505,64.07490770575325,4.957230898593772
39,50,11,331.68173929463035,6.147583395653313,123.6419711277711,21.182410513440022,15.630430026690497,1.1898007236211254,68.64904653960753,5.340213361709425
40,50,10,334.22563405866276,6.114050105150097,116.43386062485354,20.735551648719067,16.721208895771152,1.2789043343840014,72.73620729730636,5.691336912705746
41,50,9,336.7413372567572,6.070525391085599,109.24311001798534,20.271713082375573,17.710957922031646,1.361476052311903,76.2910851924706,6.0058895815579705
42,50,8,339.18729117986635,6.01729873454236,102.33161995787408,19.806437065169607,18.60836209482077,1.4380850642660306,79.36918755609202,6.2870279238568685
43,50,7,341.53202210299514,5.956129094727812,95.9142599506477,19.355930895527564,19.42688984157083,1.5096635487896959,82.0448795643674,6.539550371389744
44,50,6,343.7559993472336,5.8889385015549935,90.12161062149227,18.932406919074335,20.178605290202302,1.5770371525389746,84.38459259691902,6.76780224773185
45,50,5,345.84970825157967,5.817393508806692,85.0059347969496,18.543298303865008,20.872758717904347,1.6408172621573027,86.44105198836054,6.975190192473401
46,50,4,347.8107657553424,5.742838128529217,80.56217547299326,18.191989183450715,21.516057193338465,1.7014218069142708,88.2546912256003,7.164263450100589
47,50,3,349.6413413778109,5.666337418243219,76.7497926730002,17.87892509617222,22.113367397011686,1.759129597890997,89.85681664543527,7.336942315556673
48,50,2,351.34626102422106,5.588738759626429,73.50995476189352,17.602638167656565,22.668371434057505,1.8141313332590878,91.27249741005261,7.494732796834986
49,50,1,352.93176195950986,5.510722418541043,70.77716428060742,17.36054474212667,23.18403996924272,1.8665666611468046,92.52263905822325,7.6388818115214105
50,50,0,354.4047331046843,5.43283756262827,68.48627271932347,17.149510859700094,23.66292900283553,1.9165476470055294,93.62529469272832,7.770474738943851
0,51,49,386.97087305316865,1.3581110771917744,43.79583164123014,13.735502472576137,24.732171193343714,2.0358287839183764,95.80557469727641,8.05270730153126
1,51,48,387.41011562996846,1.3487874856026436,43.00801408415839,13.65370427184401,24.331559934454553,1.9912262154591707,94.98848553331713,7.947151738827633
2,51,47,387.85924064089744,1.3425870229894858,42.24967549381641,13.571656914108818,23.89805828418758,1.9442614375803322,94.05502055511478,7.830865268081394
3,51,46,388.31722805756556,1.3401794086755858,41.53701473691493,13.489869644236785,23.429244156792844,1.894819036919533,92.99022094381796,7.702871880933434
4,51,45,388.7824568272226,1.3423691958152895,40.88848783566036,13.408929814385127,22.92262344930172,1.8427839975514055,91.77778905847816,7.56214735001791
5,51,44,389.2523372791979,1.350120448694962,40.32439036158155,13.32950692976172,22.375719720382385,1.7880485229593033,90.40036043983625,7.407647746770254
6,51,43,389.72272676327026,1.3645843126074215,39.86600139848446,13.252355108583924,21.78624902738203,1.7305252164107543,88.84014588040938,7.2383666306607255
7,51,42,390.1870354046697,1.3871293861462117,39.53414870363247,13.178313358485902,21.152437668956143,1.6701709246940213,87.08020816540625,7.053440434329003
8,51,41,390.63494251432627,1.419374190531843,39.34710156487556,13.108302361647421,20.47355462142909,1.6070265386890947,85.10671426150226,6.852326470756705
9,51,40,391.05076187057045,1.463218214985535,39.317831762643664,13.043313849144896,19.750697699293383,1.5412754365818027,82.91238551070188,6.63506739579109
10,51,39,391.41186989281834,1.5208589573635347,39.45092758075175,12.984380978594553,18.987687114316532,1.473309038416059,80.50059117137198,6.4025945591602555
11,51,38,391.6884833223781,1.594760315385547,39.73976226290766,12.93249918627928,18.19138806248506,1.4037474704079749,77.88722657385345,6.156845575185587
12,51,37,391.8475472560589,1.6874987736049243,40.164739649587546,12.888427044107477,17.369761889635267,1.3332859530633905,75.09300495775949,5.9001303121578665
13,51,36,391.86478224639325,1.8013772826075467,40.69325871934734,12.852226089363754,16.52494848473052,1.262162744571649,72.11423173191443,5.632844628889713
14,51,35,391.7474828644757,1.9377286238127907,41.28114648791161,12.822301681979015,15.639679584929784,1.189122506307365,68.86404419287383,5.348955888099236
15,51,34,391.564162158296,2.0959934820428945,41.873598803817075,12.793632459529546,14.659943244841328,1.1101048479623195,65.09561369760127,5.030211702436087
16,51,33,391.4702595850961,2.2728411062924487,42.40146158982533,12.754961592512165,13.479737128184523,1.0171177827322468,60.33074229043438,4.640998606016986
17,51,32,391.7216793555573,2.461547008405212,42.76835414319591,12.685304859567584,11.92116047010011,0.89681380072286,53.760983820942386,4.121666292453341
18,51,31,392.66745870489655,2.6519305487918547,42.84097209493767,12.553142252538878,9.655016362934697,0.7247016301765452,43.87187362468369,3.362637845242515
19,51,30,394.4278075961966,2.8425618247727518,42.85679389477434,12.377896815220259,5.79540742631503,0.4354780514220875,26.5760271562559,2.079492027939079
20,51,29,381.91116337225554,3.659184912994193,64.79226041641455,15.163778329713566,6.440954232547471,0.48257959311697574,29.556834029636153,2.2769025889087926
21,51,28,361.8689407865276,4.804718130054293,98.62179909114074,19.610409648371736,8.160713124595013,0.6104224090313956,37.3740260341344,2.8426017102214223
22,51,27,345.8898141422543,5.754431950670346,126.04245354326487,23.391492996910095,7.888747464161421,0.5901495744652051,36.1410710236044,2.752046318715866
23,51,26,334.75009283351676,6.431863524005551,144.73710732078396,26.122107964579957,6.760565984421616,0.5063341170885716,31.012246931238945,2.3822650173232303
24,51,25,327.5611803135455,6.854512311213155,158.14733002325278,27.325833517056612,8.05565886584538,0.603167238861534,36.87239178264988,2.8200218258877428
25,51,24,322.65381145715907,7.12520392124803,169.08341835028796,27.658373543961506,10.02440333282472,0.7503845188020738,45.75949708472522,3.4822314188440857
26,51,23,319.00451869892566,7.3091925656317,178.23450840680863,27.74195378344961,11.076133898496872,0.8292225531623953,50.48067630782344,3.83698352148064
27,51,22,316.28430300270594,7.417790430443067,185.43343075650756,27.705263008474027,11.422379327548807,0.8552311591313918,52.025872562903864,3.9536929197528927
28,51,21,314.4113630520098,7.4484311444698506,190.0930285878333,27.57309070512342,11.231085391898823,0.840900158937909,51.165106180629394,3.888935966563878
29,51,20,313.37747256586044,7.3988059581516,191.77613371255762,27.328629990047425,10.506671096136353,0.7866191130809926,47.91335086831537,3.6451300725867197
30,51,19,313.18404713634635,7.274600115323354,190.4052635016611,26.931023259117453,9.225609437970956,0.6907956655109833,42.145963501416695,3.216207922415758
31,51,18,313.9788276305462,7.086583600728668,185.45405045023645,26.284282808424276,8.424944276985865,0.6309794134853295,38.541823696224476,2.950826681747615
32,51,17,315.8485720400917,6.852480384391345,176.6023850710513,25.335105495946106,9.57654120432488,0.7171340250121757,43.73234613525678,3.3378274595518502
33,51,16,318.25698490226125,6.6092803612516935,166.06986114222835,24.289701086476082,10.932212348656595,0.8191830819235075,49.75626022689814,3.7935139705796956
34,51,15,320.8482420087319,6.388562176659507,155.44962871780658,23.302377300076863,11.899407885232266,0.8929572015293141,53.929332797061875,4.118032773628027
35,51,14,323.46653743419165,6.213763622204173,145.62920903206606,22.458224342042048,12.704360257798362,0.9555614160639327,57.25543153538902,4.385908794518032
36,51,13,326.04021831718654,6.095123770838035,137.0332537593703,21.790887073736695,13.581914030214714,1.0247908793870748,60.772183665787416,4.675144659375264
37,51,12,328.56319795346576,6.02338411238532,129.48245101583348,21.268241533718758,14.585524042396383,1.1047400879887237,64.71712674293933,5.003419907121748
38,51,11,331.05763941878365,5.978313121143662,122.49211210209508,20.824579082221597,15.641301980008041,1.1898401258653437,68.7720229997754,5.346051222232453
39,51,10,333.5326804295671,5.94230603263809,115.71955642477717,20.40831812501541,16.671213859555962,1.2741553213871633,72.60699951399486,5.677072223907496
40,51,9,335.9752087050177,5.905265122949852,109.08848218158515,19.99682246210542,17.63621253384286,1.3546616492633714,76.06733194646026,5.983628525052412
41,51,8,338.3605532303637,5.862989036740769,102.68934697233831,19.5878636812806,18.526074260366485,1.4305013049440698,79.12514434322536,6.262560312596255
42,51,7,340.6637503361181,5.814508607317181,96.66053942991195,19.18823042863864,19.34380648418923,1.5018148996003438,81.80917886866027,6.515163043288488
43,51,6,342.8654400115329,5.760279302273518,91.11881289118931,18.806479205780356,20.096595780224778,1.5690594424470232,84.16475208418333,6.744141385870187
44,51,5,344.9533665347521,5.701244240869691,86.13414380632753,18.44960681706369,20.79184217611266,1.6327082449241335,86.23655942222496,6.95227145611826
45,51,4,346.921596423341,5.638421819616371,81.7299934217432,18.122061702830642,21.435827698135135,1.6931501118443066,88.06308355215882,7.141948180687406
46,51,3,348.7689686764539,5.572752605001083,77.89402349251063,17.825866513412503,22.033541448340547,1.7506766103231597,89.6759915388545,7.315121566350936
47,51,2,350.49756543995875,5.505057860121536,74.59068595069144,17.561144007486718,22.588914544072694,1.8055007220227794,91.10125145537435,7.47337140989006
48,51,1,352.11149990587734,5.43603934204013,71.7718695676269,17.32670071773161,23.105127550753167,1.8577810665970997,92.36052465357152,7.61800739577066
49,51,0,353.6160600548347,5.366290930593499,69.3845613468068,17.12052870312575,23.58486539413388,1.9076420565866254,93.47231474594378,7.750152644987611
0,52,48,387.0445531522344,1.364552483599668,43.96560572368756,13.634555878834403,24.670388185308443,2.0282510166883294,95.69719710020678,8.03732028704218
1,52,47,387.4711864928987,1.3586354400853522,43.23753597334034,13.547243599622112,24.26992824995186,1.9838273644805131,94.87566951198329,7.931586669882163
2,52,46,387.9036437982848,1.3564374088185933,42.5465696596724,13.459435474054079,23.837497329500113,1.9371290429096664,93.93996522542695,7.815381576269655
3,52,45,388.33965385519656,1.358719851070782,41.90845517629971,13.371643470069769,23.37096293991401,1.888061830324844,92.87627278127732,7.687825363955388
4,52,44,388.77592127199284,1.3663887861098694,41.34057681618137,13.284464254318959,22.868220024728977,1.83653901182065,91.66990615396301,7.548024427696355
5,52,43,389.2076412327567,1.3805186916884082,40.861380972462385,13.198586856487417,22.32731187103492,1.7824904722013974,90.30573241935092,7.39511044992269
6,52,42,389.627811137596,1.4023782459057843,40.489432279111654,13.114800343237604,21.7466277311644,1.7258774521985314,88.76894522174453,7.228305642775472
7,52,41,390.0263145703197,1.4334566770336918,40.24206078239543,13.034001108165988,21.125197792960893,1.6667144288558529,87.04629354246067,7.047021191393637
8,52,40,390.38884142015695,1.4754873519201608,40.13365614569267,12.957198209328833,20.4630684576231,1.605096651864054,85.1277249682719,6.850983731863357
9,52,39,390.69593131077175,1.5304600072967371,40.17383222757293,12.885512004323497,19.761620951941897,1.5412226835817155,83.00789568052272,6.64034491651053
10,52,38,390.922869583962,1.600602447008788,40.365917093572605,12.820154491764908,19.02342230204332,1.475380442615125,80.68581094502613,6.415637857472148
11,52,37,391.0418134581779,1.688296731527723,40.70646660747674,12.762368549082296,18.250743561815973,1.4078308685308647,78.15884860347302,6.177292455127068
12,52,36,391.02797977987126,1.7958844955141777,41.18667441995399,12.713293663976847,17.441476462402772,1.3384931406383183,75.40554429857067,5.924285366554906
13,52,35,390.8708653328853,1.9253421404135902,41.79668910440827,12.673748001206825,16.58154961542952,1.2663647592975078,72.35289014396801,5.651619408738297
14,52,34,390.58786980556636,2.077913987069835,42.53449932312115,12.64407484352237,15.634825692667333,1.188755293645292,68.83172649263952,5.3469467606594705
15,52,33,390.231073331828,2.2540123690174556,43.42454250139353,12.624835083492439,14.53377330769934,1.1005922102020682,64.53348556473524,4.987417778031001
16,52,32,389.86641681124445,2.454169857768637,44.56722488538482,12.621524787498474,13.173851470062035,0.9940326833512991,58.97985169786058,4.5377422893566575
17,52,31,389.45695702178614,2.6838671627398836,46.31877631908749,12.667275792516415,11.416500994224272,0.8587551233540842,51.52680085225336,3.9512175421216473
18,52,30,388.2553954290746,2.978602784629357,50.18292501053136,12.943199700961822,9.195286444528437,0.6899821632023393,41.83351219032037,3.2057604693969104
19,52,29,381.80863076469706,3.5274679265634186,63.14343271517893,14.370107456136886,7.5817013925527,0.5678850688150572,34.7068423973668,2.659032088025722
20,52,28,365.67032505004966,4.513834916250149,92.18836751850507,17.877575895511,7.89142887789118,0.5903262025088698,36.15257173892332,2.7524368338074052
21,52,27,348.22229254160044,5.558236874637997,124.50325694959739,21.82035220298259,7.658570931512883,0.5729480821369646,35.093777862237744,2.6734959860109426
22,52,26,335.7658808319943,6.3035452883417005,146.71763210829764,24.743846779204482,7.549239675314795,0.5649100286451356,34.60146078364266,2.640798309625346
23,52,25,328.3978524560293,6.729169897469003,159.02888624221544,26.31950871242366,8.412359235634923,0.6295305601000912,38.50181701942845,2.9342299625432537
24,52,24,323.45960294831093,7.000265388812135,168.8077600979326,26.985201657840285,9.765128235541502,0.7308519390910329,44.599731022326836,3.392550137601311
25,52,23,319.73696908648344,7.190817691380849,177.86122192393128,27.219294683955056,10.773907026007555,0.8064912585485005,49.13283809509053,3.734220203871562
26,52,22,316.82721691919573,7.319378574784407,185.8006395096491,27.27424333266996,11.1709298239343,0.8363079006152051,50.90868759224902,3.8685926181296524
27,52,21,314.67325905764994,7.3799550388471715,191.52091280909656,27.229360773031953,11.05035205001128,0.8272701653915131,50.36414026528293,3.8273242839283843
28,52,20,313.34148146292875,7.359687704205468,193.9118566500519,27.084220638572425,10.450583931207106,0.7822837802793791,47.67222565354016,3.624287330792179
29,52,19,312.85409318474865,7.2546081460129574,192.8131311283593,26.79853575728678,9.078402940768228,0.6796285790833086,41.49012335205791,3.16355325556662
30,52,18,313.13128973749895,7.079939286116245,188.98656476488702,26.34659354451346,6.157056984940176,0.4619907013585926,28.252251672903206,2.1957989726078653
31,52,17,314.8528066803035,6.840617498164265,179.97367882529736,25.44170058271532,7.119592278778132,0.5337869803092805,32.614460550093845,2.5173484081956357
32,52,16,317.4759903912405,6.5783661210169715,168.07753380383014,24.296405409425404,9.979997544046716,0.7478989174858103,45.47003325719608,3.472952499235256
33,52,15,320.20973191203706,6.337449231870206,156.55177694559723,23.229493074301942,11.657708875690078,0.8747831898203455,52.84795814626171,4.036193527229602
34,52,14,322.92575554378396,6.13701168544865,145.98068096605928,22.30545927887528,12.799793619180154,0.9625588122512246,57.69504441931054,4.417910584250105
35,52,13,325.56755943991675,5.986676593467047,136.64700445755608,21.55092325550861,13.758243712858189,1.0376825192871286,61.59133318784893,4.73507619309419
36,52,12,328.121861162695,5.884450724719681,128.52448581376666,20.954624629890493,14.704281664421352,1.113090606138715,65.30162851481998,5.044766195721305
37,52,11,330.6029016129356,5.8183041993216005,121.32075017840125,20.47450239042921,15.674754586731867,1.1915595746514276,68.99829888103994,5.359356096966095
38,52,10,333.02869743125655,5.773060493875361,114.69272717329153,20.06206613217119,16.642088206217263,1.2709617181248023,72.57379287477008,5.669822574162948
39,52,9,335.4050037573828,5.73643842913794,108.42451786216927,19.682454401892535,17.572675502549213,1.3486851694359379,75.89673808913001,5.9651922885024
40,52,8,337.72425371373845,5.700836927861714,102.45486293454648,19.318678587161482,18.447410860361643,1.4232004553708868,78.90007308387818,6.2393711521691095
41,52,7,339.97200548158526,5.662449485155909,96.81905889796448,18.966555282464867,19.260387322746286,1.4939723358836436,81.57369785224209,6.490690328323049
42,52,6,342.13327859872555,5.619826537809229,91.58442742638634,18.628348824739756,20.013023545224232,1.5610201607200132,83.93802354533487,6.71993087264167
43,52,5,344.1961713243408,5.572769308443216,86.80960598990262,18.308312950316207,20.70967901415549,1.6245872469500453,86.02469046802703,6.928850400740125
44,52,4,346.15305141688077,5.521661353576537,82.5276228907183,18.010331886982776,21.355313796855416,1.6849638107605969,87.86648878608024,7.119396137661275
45,52,3,348.00032904941065,5.467113588128364,78.74407539945135,17.736996423193602,21.954504290991377,1.7424125462406514,89.49324276941896,7.2933727551706236
46,52,2,349.7376467839798,5.409791869588803,75.44238400785906,17.489465133414335,22.511171008499755,1.7971483885839823,90.9307660017415,7.45234901667521
47,52,1,351.3669774399508,5.350339511311515,72.59098562116068,17.26767600378463,23.02861446189797,1.849341796955949,92.20111675898337,7.59766799997945
48,52,0,352.891849236271,5.28934551362347,70.14989413788942,17.070665537533117,23.50964672704418,1.899129328480633,93.32324150333677,7.730489867605391
0,53,47,387.07210471799493,1.3742980574986388,44.167459549700055,13.531063639460491,24.615129339831622,2.02141681296899,95.60228462591591,8.023646172830649
1,53,46,387.4780209960712,1.3721558034335226,43.498774964719274,13.438284780895025,24.21564236088514,1.9772353208973144,94.77912845056422,7.917995662946938
2,53,45,387.8839352381405,1.3743621538581596,42.87382190530532,13.344852253367867,23.785196464846496,1.9308716103946504,93.84450792125904,7.802168058932053
3,53,44,388.28591992427096,1.3817704458805178,42.30780266171277,13.251322020545887,23.321942101476893,1.8822518487801947,92.7857760269833,7.675378732207332
4,53,43,388.6785419891119,1.3953877692408883,41.81712148190947,13.158359280065204,22.82412733519997,1.8313145559325652,91.58976404931589,7.536853754152814
5,53,42,389.0542865469397,1.4163982304289258,41.41882672847433,13.06675785350276,22.290214529495763,1.7780192533802948,90.24321706740598,7.385868121106971
6,53,41,389.4028201183126,1.4461871116903247,41.12983700453752,12.977465297592119,21.71903425847814,1.7223577265860972,88.73341614076755,7.221796946429833
7,53,40,389.7101362191936,1.4863638447038245,40.966029169149294,12.891616379458958,21.109945667466178,1.6643654466992333,87.0488752098473,7.044169694015215
8,53,39,389.9577441007446,1.538779269006406,40.94139886988725,12.81057885721183,20.46289895468158,1.6041250680487877,85.17968851647692,6.852693108559814
9,53,38,390.1222640403914,1.6055285529105348,41.067702914650454,12.736018346490733,19.77815292803344,1.541743055394209,83.11648400530537,6.647160919208987
10,53,37,390.1760341112289,1.688926890435908,41.35526218129631,12.669997521501243,19.055192314754525,1.4772647337332911,80.84601076297963,6.42709863829517
11,53,36,390.08937056482057,1.791447864384193,41.81597484646785,12.61515224810545,18.290228862881538,1.4104811140652294,78.34062418498193,6.190937140552904
12,53,35,389.8343545285989,1.9156426482101674,42.470244562394456,12.57507239765255,17.47186253073158,1.3405961391302297,75.53963810357803,5.934570291370767
13,53,34,389.38748112078775,2.064145191908075,43.36116167479409,12.555267224795623,16.57539692098366,1.265794070734459,72.32431449235925,5.649453705756725
14,53,33,388.7230167219685,2.2400687749942776,44.5841418972431,12.565824690614187,15.557902674404927,1.1828699763083514,68.49504985683068,5.320931536768362
15,53,32,387.77749041046997,2.44856299823737,46.35555891324249,12.629028370143816,14.35805771248632,1.087233022634594,63.767877092500285,4.928129012366136
16,53,31,386.3346478230324,2.7016285037329424,49.19369671509364,12.801897924847122,12.910284848310809,0.9739992730851634,57.83273548614539,4.4486102983839
17,53,30,383.68487169664405,3.032343665607736,54.4373813266529,13.24373626222988,11.211426550529241,0.8430238284843423,50.647620840648074,3.880649178868169
18,53,29,377.8467719055306,3.527629237342393,65.45694989354439,14.374382415184284,9.54394895931547,0.7155928423077565,43.4464345318349,3.317903726230504
19,53,28,366.0567688294608,4.309324104499039,87.21201041601046,16.796815894307628,8.44804809137366,0.632204538885725,38.64168572579397,2.9413988439023337
20,53,27,349.6360741806807,5.3310810027645275,119.45929543544216,20.359192227366425,7.283571919060016,0.5449699366314339,33.38076421094505,2.545922863443561
21,53,26,334.49794043657937,6.283224225121141,151.42538548211095,23.84897248520651,5.4323233488866185,0.407716601339955,24.966327588323985,1.9461679122652809
22,53,25,328.2451052362146,6.636872597432925,160.7730082195882,25.292556102334427,7.967048400099626,0.5963076400544097,36.47992498892978,2.7844023840670427
23,53,24,324.0859388640646,6.862217183763875,167.97909433935456,26.063705459555234,9.63912483686084,0.7213329421521896,44.034857574130086,3.3479024056883997
24,53,23,320.6170972453101,7.044730451772199,176.22490268558772,26.463440900214565,10.590536703239152,0.7926764171176515,48.31486801526004,3.6711086995635633
25,53,22,317.6651376733364,7.188208562278662,184.76013555711117,26.641921713536778,10.927960460226469,0.8180379241711242,49.827345006019485,3.7864201706622462
26,53,21,315.26010094402056,7.282402154835862,192.0989480755488,26.70066533764761,10.744731864662366,0.8043232619239131,49.00098830833067,3.724469164987763
27,53,20,313.59014244859486,7.3038921878605745,196.0624178398969,26.675949933590452,10.25027898024901,0.7671881149011662,46.78066058025185,3.5556122153314496
28,53,19,312.8715525185753,7.2273292684879324,195.1745079620888,26.50922948067794,9.427874209511058,0.7055102300931704,43.08508522869587,3.276915960775809
29,53,18,313.09534540269635,7.0546889177207355,190.37462843927955,26.108862252558126,7.6388263411335915,0.5719533921609891,34.995760263026035,2.679592643758326
30,53,17,314.2816195278041,6.815900643113848,182.5193927456367,25.407933132151094,5.468021195505188,0.4108052555338769,25.120485420291956,1.969794293307165
31,53,16,316.9337026031125,6.532722212272729,169.78807492010398,24.229501503962098,8.84938288058386,0.6632643117265109,40.37716779861369,3.092282600070676
32,53,15,319.7964111011203,6.268117273939283,157.2588767991137,23.08421132808613,11.121598252467907,0.8344223520915367,50.461332029774056,3.855066922759019
33,53,14,322.6037729992307,6.044823056088702,145.94144227913603,22.09107196874821,12.608740469758665,0.9479249066019045,56.87267019421475,4.3534619531938
34,53,13,325.29862067739845,5.8708842819695795,136.01629505048288,21.274406828707097,13.73671449729979,1.0356096818302203,61.54360879824251,4.728384244735081
35,53,12,327.8719724122477,5.745511826923172,127.43756782710761,20.625427824687474,14.725912486305358,1.1140656483948033,65.4656046869492,5.053353565226474
36,53,11,330.33835258273365,5.660702966682504,119.98844419725978,20.11276252379167,15.67465343573939,1.1906973535723362,69.08493427087124,5.361328286147824
37,53,10,332.71956903138073,5.604443180590533,113.37161188083348,19.695009190679052,16.605433443785657,1.2671556062792286,72.5152665112919,5.66006388968438
38,53,9,335.03190303372804,5.56479813507957,107.32731303292664,19.334748611402794,17.50788182556786,1.34258132917183,75.72761867646017,5.946407023246093
39,53,8,337.2807527070165,5.532551902804567,101.69931096768047,19.00648511383221,18.367076264699076,1.4157577615860297,78.67351145088303,6.21570808074456
40,53,7,339.4622966583368,5.501767664025489,96.43101791153859,18.696991984626194,19.173989087409797,1.4859100608567328,81.32952474570338,6.465286474279767
41,53,6,341.5679905293817,5.469166284796371,91.527380029391,18.40175357423402,19.92598459988447,1.552748010624306,83.69874246001848,6.69458603184873
42,53,5,343.58859063132314,5.433241488445452,87.01634106965713,18.120986971428337,20.62446849453858,1.6162899455389046,85.80024111083489,6.904385168198564
43,53,4,345.51656021744554,5.39353492051039,82.92361528164659,17.85673060818506,21.272714339361542,1.6766984642051252,87.65965773589346,7.0960689089695705
44,53,3,347.347013218378,5.350152897088009,79.26108277907801,17.611161122990367,21.87452030859481,1.7341785678652522,89.30349703928488,7.27117932925711
45,53,2,349.07773653037293,5.303477733810478,76.02443798415331,17.385821824862507,22.4335540502072,1.7889280053617116,90.75644762637945,7.4311961834343085
46,53,1,350.70877622872047,5.2540064732061165,73.1956184564932,17.181400538319366,22.953115310729082,1.8411194618161524,92.04048821501509,7.577457174549745
47,53,0,352.2418997480596,5.202264732474726,70.74690327474731,16.997786709015987,23.43610679838678,1.8908986603974864,93.17486720375472,7.711147889877084
0,54,46,387.04773525255325,1.3872826931026636,44.396633250240924,13.425491631434884,24.56616575992527,2.0152953206626414,95.52060719516653,8.01163295935389
1,54,45,387.42395322552136,1.3892423885416512,43.78645888649049,13.327423223941281,24.168339558931606,1.9714068930200614,94.69827122862786,7.906287434571871
2,54,44,387.7924906208624,1.3962036168998742,43.22595424550097,13.228674665907342,23.74059314786201,1.9254284347803499,93.76745223620716,7.791072802199516
3,54,43,388.1473884140716,1.409110428637418,42.72993695754566,13.129902643540246,23.281314835512386,1.8773027651714902,92.71652735316968,7.665285415559348
4,54,42,388.48066327371794,1.4290696728128265,42.3142902155453,13.031921798923548,22.7890110131457,1.826986082926162,91.53350518924096,7.528240601801768
5,54,41,388.7816596952721,1.4573743017546148,41.995610738031345,12.935746996736647,22.2623792188559,1.7744531712313472,90.2063011866857,7.37929676505891
6,54,40,389.03628249182043,1.4955274778289205,41.79086580258179,12.84265314683439,21.700359903458335,1.7197007321016518,88.72295431816922,7.2178730402560785
7,54,39,389.2261783592064,1.5452658715809844,41.71726150792557,12.754262737323927,21.102093388593786,1.6627431597876772,87.07148421186162,7.043436265984233
8,54,38,389.3280120275622,1.6085797477843569,41.792695929729135,12.672679155617006,20.466633266032588,1.6035893348771801,85.23875975241633,6.8554079330227315
9,54,37,389.31303565173306,1.6877282328603722,42.037427108867746,12.600700829063376,19.792169784523523,1.5421816342126373,83.20731160283424,6.652908954436837
10,54,36,389.1470248402723,1.7852554643312892,42.47798387611802,12.54219005959932,19.07445509708222,1.4782738178658434,80.94871447712563,6.434238850354683
11,54,35,388.7900062913294,1.9040383407455597,43.155057808986854,12.502762493166324,18.304236152561142,1.411233488136644,78.41258637584087,6.196022439811494
12,54,34,388.193451670036,2.047459873321696,44.13862386790183,12.49118336121421,17.46397481689083,1.3397915265571934,75.51220651418627,5.932112696794228
13,54,33,387.28894472042793,2.2199381284746234,45.55712323513181,12.522381504133103,16.52504339415556,1.2618308283135116,72.11161389414389,5.632638964945742
14,54,32,385.9553718022808,2.428315755424093,47.656297299744,12.624225122247688,15.44785726802529,1.174403404215247,68.0246542459237,5.284015192832708
15,54,31,383.9385761500009,2.6851631209985585,50.923345935700894,12.852915332970147,14.189536598085354,1.0743231821185621,63.046260479544586,4.871442503932455
16,54,30,380.67919469990846,3.015841001003066,56.344517708824995,13.32599911549047,12.728312459450907,0.9600224019051047,57.057895405150084,4.38700164258424
17,54,29,375.0531006264322,3.4692741060977097,65.81250153099667,14.273879044392196,11.110617636515501,0.8351049291230643,50.23588507478645,3.845349258521352
18,54,28,365.5114548713113,4.112973747680612,82.07699692896522,16.021713618733155,9.434186208462298,0.707087866500547,42.97636881897261,3.278214054622249
19,54,27,351.75219086729254,4.969427955524909,107.04449057238544,18.716784609437894,7.636857615056539,0.5715196364795297,34.96402467398348,2.6657486374334263
20,54,26,336.48100915069983,5.949289268571374,140.30092870596403,22.08944572364656,5.461171701162404,0.4093906769507135,25.087570519629427,1.941365783927688
21,54,25,328.04759756409044,6.497079375331423,159.00712460629944,24.17102238584151,6.648784482500224,0.4981581552532538,30.480132771048563,2.344784368419463
22,54,24,324.8055247048784,6.683877928249964,164.78449178468713,24.952046989792272,9.286980629657421,0.6950193469993291,42.43529444777961,3.228210294901704
23,54,23,321.7966853645248,6.852804607301219,172.21956263423425,25.47774223725581,10.476844260815888,0.7841404877180204,47.80039561098861,3.6315513400153816
24,54,22,318.94918057037404,7.005460989354342,181.05058038012436,25.79433066040284,10.807492599129358,0.8089862092757053,49.28845340938495,3.745327420776153
25,54,21,316.3544842883675,7.132260921725608,190.21744249374555,25.96601212856379,10.440554794684088,0.7815447106826114,47.63885097405813,3.622809617041472
26,54,20,314.24954627421994,7.209555545485548,197.28199922160252,26.058295828440205,9.67230545908888,0.7239697641930336,44.179518219893296,3.3622295121201327
27,54,19,313.09724344693194,7.190275298751738,198.14277995105402,26.085978517779534,9.133399908457783,0.6833809470830053,41.75770748276009,3.174937847861954
28,54,18,313.27744292152113,7.032024424630183,192.00318045290058,25.79868667083615,8.722366810769332,0.6525093963222861,39.916115233233775,3.035570756342284
29,54,17,314.61655563882505,6.768504522397743,182.13552167678563,25.063030019499934,8.117712403388428,0.6076002042649169,37.16916790538446,2.837975172431446
30,54,16,316.9182714926901,6.465386343641194,169.91753764707892,23.989064306882376,8.859567679227288,0.6636631283442449,40.45585289629984,3.0918491953991367
31,54,15,319.7444062457342,6.174762721690023,156.9379198235894,22.81674027907617,10.687860889747348,0.8015581466183112,48.555168517163914,3.7078183953361767
32,54,14,322.5913975121239,5.928660233323189,145.03788197431584,21.771580067253392,12.273015411839182,0.922254069075514,55.42799744716023,4.240271429174303
33,54,13,325.3068271715187,5.735931235432692,134.68273087508118,20.91402924272784,13.537280265154248,1.020005966916634,60.72689608622469,4.6619300648045
34,54,12,327.8711051148189,5.594378548837984,125.82055138162546,20.23680669399148,14.61229640269338,1.1047365308166974,65.04871732727509,5.01655208566409
35,54,11,330.30218961220874,5.496338843856664,118.23243956524583,19.7091097515735,15.59373251729801,1.1836484113141623,68.8297027965837,5.336215754427399
36,54,10,332.62645549405676,5.431341228658869,111.64019672845619,19.292482363088475,16.526429044218755,1.26007878913049,72.28290403076672,5.6361715930706096
37,54,9,334.86663771480204,5.388427881803381,105.77791821759655,18.950184069759146,17.421111793267716,1.33476004724644,75.47268885116475,5.920356532587218
38,54,8,337.03655659426687,5.3581033972139975,100.44475802739639,18.653387628583214,18.273833867063335,1.407300650324879,78.39928096705498,6.187833022587742
39,54,7,339.14069556051874,5.33330644887525,95.5222347685835,18.38333234046619,19.078526407412593,1.4771446746654286,81.05274999902265,6.43694711896818
40,54,6,341.1767860099709,5.309418139498318,90.96018627044955,18.130088877783006,19.831856417475645,1.543945100227187,83.43362417056488,6.666936594056255
41,54,5,343.1391938587222,5.283762371383588,86.74989608542717,17.88983843776861,20.533674024264595,1.6075998821452258,85.55459655736242,6.8780765521978555
42,54,4,345.02167115667413,5.255007298170858,82.89944301580425,17.662197770457357,21.185974685885665,1.6681737366798888,87.43601651417211,7.071333243960173
43,54,3,346.81902397557104,5.222667120989412,79.41738264072563,17.448252080498214,21.791797733450387,1.7258144056115954,89.10123979987947,7.247997771709014
44,54,2,348.5278359687235,5.186750264652775,76.30471420758312,17.249360885738604,22.35447755709613,1.7806955605543426,90.57355328312845,7.409437539862765
45,54,1,350.14657320563094,5.147532902623979,73.55268956428219,17.066559081116782,22.877244267902565,1.8329863487688234,91.87460764881108,7.556964051340301
46,54,0,351.675367938485,5.105421229662992,71.14386010782427,16.900339310519378,23.363060967832,1.882839053541222,93.02384898766918,7.691779376944607
0,55,45,386.9663021926809,1.4033643598330658,44.64847160120608,13.318357045771851,24.523116326518394,2.009843082140603,95.45145069980157,8.001181692960808
1,55,44,387.3032387713173,1.4096986055497709,44.095701874005286,13.215310159756836,24.12745993921079,1.9662828786908926,94.63184751428223,7.896309051547696
2,55,43,387.6229733871777,1.421698352594181,43.5982445656758,13.111728843594904,23.702870790414867,1.9207185043776767,93.70671548887321,7.781863606839996
3,55,42,387.917188557518,1.440395708047999,43.17093395071622,13.008440884210358,23.247895180836785,1.8731030492287608,92.66516969568453,7.65719714124311
4,55,41,388.17499599014207,1.4669949148975348,42.82990028143038,12.90650989838145,22.761159555154276,1.8233995453692422,91.49586910040757,7.5216693687847895
5,55,40,388.38221337242163,1.5028970623902214,42.59260309725417,12.807313728255801,22.241370551517917,1.7715805053103924,90.18700229519114,7.374648090736681
6,55,39,388.52052503491655,1.5497271175775977,42.47814656897667,12.712659377537289,21.68723669774801,1.717621240933071,88.72596933575463,7.215483892981661
7,55,38,388.56655637105985,1.6093639559320376,42.508202569331104,12.62495686705243,21.09722170912302,1.6614800440349233,87.09837897491987,7.04342951252922
8,55,37,388.490870765729,1.683976476864419,42.709081076352874,12.54749216103442,20.46899264987211,1.6030547855957853,85.28576843338315,6.857458267359983
9,55,36,388.2567436260898,1.7760761974480586,43.1158203604859,12.484874846472659,19.798403702828445,1.54210387248877,83.26133150909824,6.655928003966813
10,55,35,387.8180904546742,1.8886151856674007,43.77972760777679,12.443809009733359,19.077923533285183,1.4781248314404043,80.98318963721164,6.436058572954069
11,55,34,387.1148224980827,2.025198359474358,44.781829736398834,12.434485036505356,18.294656112715597,1.410202578924781,78.3857300747653,6.193270139104679
12,55,33,386.0618023779831,2.1905556833555138,46.25669999786973,12.473188703241359,17.42855665142496,1.336874312729368,75.37144042506974,5.920578853646979
13,55,32,384.52417084409586,2.391547385464233,48.43490437236653,12.587277832182282,16.45200107407935,1.25610060235226,71.8080884257405,5.608432010959851
14,55,31,382.2675501281628,2.6391396101440576,51.71794525408586,12.824483924412887,15.332217616608313,1.1654583568086592,67.53774990426999,5.245485226003973
15,55,30,378.8719701967828,2.951759555779674,56.79966444509242,13.268530695256686,14.03703560886774,1.0625905755725602,62.39978032287384,4.8204816976459295
16,55,29,373.63257029612924,3.358984158068444,64.79987374522543,14.056540571371137,12.535380937337848,0.9452695728095926,56.22965721536741,4.322396917784392
17,55,28,365.6165960328999,3.8983270304297024,77.16446085905213,15.36532486353951,10.745526430753578,0.8075576404013055,48.622354917229615,3.7232569369940967
18,55,27,354.2428839263118,4.5895160389965035,94.81255547053142,17.2985016468445,8.317159792265862,0.6235949236600394,37.94237286733955,2.9064876667792663
19,55,26,340.81430330232416,5.3790231940409,117.18579136564863,19.71810736764163,4.984752396656917,0.3743145675105073,22.919923587910464,1.7938406989732012
20,55,25,331.53571876011983,6.039230602860243,141.96329800706482,22.124254757631473,6.859141952498261,0.5135343270676181,31.43632754290591,2.4070393706091004
21,55,24,326.75863848542224,6.3839421674861025,155.5266792132886,23.492628526416635,9.02514397912367,0.6754670290426615,41.238154583928846,3.138447875149067
22,55,23,323.6780832771326,6.585608716747666,164.43078503943195,24.24597474032379,10.412683915237462,0.7793926063475773,47.496817400455804,3.6089962314890225
23,55,22,320.89288211342415,6.75290604841969,173.63421759509546,24.72833806520562,10.869898769309232,0.8137035690715061,49.55792796592532,3.7655862848345123
24,55,21,318.19342442725554,6.905424326869093,183.95329061675744,25.036904756153255,10.444833902464898,0.7819014569039302,47.65286473163413,3.624213550511048
25,55,20,315.6619996146807,7.037450730693937,194.65697871940904,25.2199782876598,9.124718729952434,0.6831585814841378,41.70601119586931,3.1811631711137474
26,55,19,313.7182592019958,7.112076547492669,201.15237685577395,25.40655613359237,7.7006643773381525,0.57656411366979,35.26291977613844,2.6968525313575737
27,55,18,313.39405584503595,7.02324509614804,195.06738261900458,25.53132166779486,8.110174133186176,0.6066489574802341,37.12907728693333,2.823220865653797
28,55,17,314.937341573548,6.731831065560366,182.3158533906922,24.801011460978646,8.809293494419462,0.6589881947847446,40.30546463298637,3.063630722183281
29,55,16,317.3705365225539,6.379606758357708,168.50394244269614,23.623750892252577,9.467893469515563,0.7087145875125093,43.2408891436918,3.291501808454938
30,55,15,320.16358843213413,6.051787265598563,155.0086976327219,22.394811483269383,10.5840730594434,0.7932404364426685,48.15192512981395,3.670863042061437
31,55,14,322.9906639608646,5.780167333981888,142.74686296616525,21.30552563803031,11.933350282727085,0.8960924974221299,53.99162385408435,4.125632904956755
32,55,13,325.6756588099011,5.571649021904243,132.18699929161255,20.42662788807531,13.210752644867904,0.9946534745152826,59.37186525557312,4.552863278685354
33,55,12,328.1855526122594,5.42030973965431,123.27238862250101,19.74782022130249,14.358801869240683,1.0847069386219763,64.03679950021339,4.932934635051626
34,55,11,330.54325000351514,5.315817676740849,115.74225132379476,19.230525644800174,15.403292305812927,1.1682067432596903,68.11195788134702,5.27450742646111
35,55,10,332.78171342348816,5.247067632460425,109.30097855698958,18.83291442556972,16.37441238632209,1.247384478240083,71.7466849287205,5.587944719974767
36,55,9,334.92886663183253,5.203491473885354,103.67828845009589,18.51791005153507,17.289045007233092,1.3234343465776615,75.03346306855643,5.879274788069511
37,55,8,337.0035687451454,5.1758531875771405,98.65763203702491,18.2559920834482,18.152522399554787,1.396661430330404,78.01411122289238,6.150701711953994
38,55,7,339.0154955518312,5.156805172176182,94.08912094067335,18.026168224376722,18.96479448635194,1.466959730526164,80.70578958446517,6.402621681069432
39,55,6,340.9669447167779,5.141044166522738,89.8858483061589,17.815405249397404,19.72505658553413,1.5341688504783555,83.12067859381771,6.635148734184871
40,55,5,342.85547095860005,5.125094803474679,86.00813506012395,17.61693113949967,20.433705749252415,1.59822471922895,85.27432760214113,6.84876293597426
41,55,4,344.67642319536276,5.1069064413156395,82.44427723970824,17.42817126414355,21.09255267438077,1.659176094644757,87.18661798378322,7.044382591634933
42,55,3,346.4248443305864,5.085433699001574,79.19429624340927,17.248923944987098,21.70435872704451,1.7171490447301603,88.87990597454231,7.223213108285821
43,55,2,348.0966134040512,5.060288832939848,76.2592195692961,17.080034436064985,22.272305136481066,1.772306088087449,90.37691327514742,7.386573220800414
44,55,1,349.68896105097764,5.031487548037662,73.63559157015429,16.922570314265673,22.799611702040167,1.8248167789710372,91.69926345492448,7.5357704998345865
45,55,0,351.20056764614026,4.999276905927739,71.31373721448847,16.77738718374961,23.289326133422648,1.8748414271449558,92.86673364625483,7.672033124345328
0,56,44,386.8236454471943,1.4223189926464674,44.91845557019934,13.210199481045857,24.485452717375242,2.0050046583631893,95.39362051101813,7.992147672209396
1,56,43,387.1114624953518,1.4332316566848364,44.42194785226985,13.102610472742285,24.092263752789876,1.9617896776432429,94.57799459072109,7.887851072900019
2,56,42,387.37082630963965,1.4504702197286177,43.98649938367207,12.994837968537706,23.67100137211971,1.916644108143934,93.65946906753882,7.774241272679584
3,56,41,387.5907980942425,1.475150182807007,43.62753841335399,12.887959866405074,23.220268641511968,1.8695233321019629,92.62751652781115,7.650692792212347
4,56,40,387.7572962819177,1.5085690126220865,43.36239798064656,12.783398637278639,22.738659475279412,1.8203853377281791,91.47084857243964,7.516559982730224
5,56,39,387.852269239188,1.5522340290039929,43.21087319535721,12.683048734505405,22.224676547148146,1.7691839305930057,90.17706511241732,7.371150090720136
6,56,38,387.85269889540643,1.6078958972296489,43.19634678394459,12.589465331769414,21.676534264730147,1.7158529638332303,88.7318358932326,7.213658574599298
7,56,37,387.7293727235952,1.677591957406174,43.34791363757334,12.506151267273536,21.091769537317724,1.66027568292468,87.11727842127374,7.043040889896012
8,56,36,387.445233482458,1.7637092298951034,43.70417705522421,12.438005949962406,20.466575840249032,1.6022327914689416,85.30915018108185,6.857792282662198
9,56,35,386.9528031933481,1.8690888366622032,44.319760742676635,12.392048713763137,19.794815301197836,1.5413259620549415,83.27261688803127,6.655619707957991
10,56,34,386.18954512875143,1.997216155990627,45.27616922350528,12.378615680182076,19.066786264429233,1.4768830938196105,80.95685401094141,6.433030166585005
11,56,33,385.06896383066345,2.152577979894173,46.69954788239562,12.413372839884016,18.26803669493119,1.4078681613689248,78.2896240007774,6.184929984792625
12,56,32,383.4638577766654,2.341314753885735,48.789094816859304,12.520684914330355,17.378723982387235,1.3328348529267153,75.17386331492028,5.904399614145345
13,56,31,381.1773689098965,2.572314043602552,51.86027127981484,12.738984192130388,16.373918642915587,1.2499556452489502,71.48787572889287,5.582776218478417
14,56,30,377.9010405413343,2.8587226235722527,56.40129736082645,13.128098057111902,15.223947256222658,1.1570597467014179,67.08502727508036,5.2097481425371415
15,56,29,373.17830507475395,3.2190134157674075,63.11270668194214,13.774790817825503,13.888764024821084,1.0512298275954275,61.766096102413144,4.771477385927793
16,56,28,366.44609243882013,3.674377444849685,72.81738411194985,14.782232787011868,12.285869050442198,0.9264257538842596,55.13219958477605,4.239997708972953
17,56,27,357.29565506958437,4.23610960474362,86.02059702927238,16.216468713434246,10.184379188461422,0.7656162278732132,46.102782376281134,3.5385628284920814
18,56,26,346.069255756655,4.8786963302501825,102.07896371272437,18.004872814789,6.976014840285022,0.5239836571084567,31.86539079767737,2.471291571849882
19,56,25,336.38613417018786,5.490285396121273,121.50328430207874,19.98038776805368,6.480971424966552,0.48607787705840017,29.69996688411353,2.2977787994208043
20,56,24,330.6104014103431,5.935645612769654,139.7195545881372,21.66636438252282,9.063384711069627,0.6785146851186648,41.39110045823242,3.153399115219075
21,56,23,326.7427695896214,6.218183992199934,152.08124517181494,22.746119287042468,10.48702044725359,0.7851213635216447,47.805046659379705,3.6342222452256765
22,56,22,323.71875392928575,6.419343271988047,162.28456299260117,23.439704218394873,11.093638069766564,0.8306186916553185,50.53584355947002,3.8405748822301993
23,56,21,320.9292096375483,6.591524165286106,172.80110831183487,23.913954838454035,10.849058603748396,0.8122873663191593,49.44693931754046,3.7593864556368124
24,56,20,318.1801433395069,6.755098202493315,184.59739847391046,24.245970541800983,9.555364838637564,0.7154188992398267,43.63250574713259,3.324604052149559
25,56,19,315.496666516405,6.9104747054889355,197.7995300865852,24.438838738571288,6.515782854568135,0.48864601411733716,29.879906268466478,2.3108283446052478
26,56,18,313.6107727485721,7.009744773637613,199.10065219372274,25.224554860056358,5.308386722608819,0.39780936766629066,24.36965292672123,1.8809674320423613
27,56,17,315.1775653306821,6.715663010242609,182.5481912947184,24.755764728895294,7.8523352474705055,0.5875208972521309,35.95651277354356,2.739069918385795
28,56,16,318.087155415324,6.280191966829474,166.01679418678216,23.26030560292598,9.421095186806184,0.7049712494361593,43.05072484071784,3.272846523676415
29,56,15,321.0564960624163,5.894496157037915,151.2708193930934,21.836082377982027,10.469397423484779,0.7841067414590548,47.70055041197592,3.63023823877825
30,56,14,323.8836767545926,5.590159466619026,138.60444837524457,20.662805013418396,11.570286563592363,0.868050384834068,52.46717205467086,4.002999366954656
31,56,13,326.491866686245,5.367653427699686,128.0638517484297,19.771411564240097,12.770016886194163,0.9605372682739738,57.53297760685229,4.405498195620168
32,56,12,328.88756471911165,5.213178022744177,119.38956553041778,19.119629116625433,13.962267234676567,1.0537251446137632,62.41710040740251,4.8014853473762615
33,56,11,331.11648896330604,5.110192925890249,112.19391569703448,18.644762763407382,15.085296138171234,1.1429875528532485,66.8552435888145,5.170226832771961
34,56,10,333.2242618688551,5.044612189350251,106.12001629291518,18.29283022117792,16.125978609266323,1.2272814289465268,70.80711128001889,5.507605351410372
35,56,9,335.2443734531088,5.0052321687561365,100.88160579485292,18.023417112713258,17.090455645132923,1.3069798606367216,74.3199337213341,5.816099711974077
36,56,8,337.1982309217586,4.983086985209025,96.2598499707498,17.807144594658784,17.98715597907781,1.3826139346586115,77.45068310963072,6.098995081358573
37,56,7,339.0974970982498,4.971081076821668,92.09729051023092,17.623275972608134,18.82194380723155,1.4545184900746106,80.24352572750736,6.358705614020568
38,56,6,340.9464767071391,4.963848355992998,88.29144557033726,17.45814616174484,19.5985625502566,1.5228720690123052,82.73130516515333,6.596899153306197
39,56,5,342.7444301941726,4.957594308721326,84.78451864945558,17.303740902934376,20.320014645812346,1.5878039273990912,84.94149750840637,6.81495191310258
40,56,4,344.48772284931346,4.949844728404162,81.54996691675007,17.156189018477967,20.98937505387836,1.649456034501795,86.89987984138929,7.014222167525381
41,56,3,346.17159235813733,4.9391443179115875,78.57917162706796,17.014314127940487,21.60998246492346,1.7079969596286817,88.631570007802,7.196118980004281
42,56,2,347.7913956796542,4.924767817491003,75.87083552304321,16.878437278233285,22.185318714895097,1.7636118596484884,90.16073352902762,7.362067079333468
43,56,1,349.3433421843067,4.906480835144992,73.42405369560957,16.749515854578043,22.718820660069838,1.8164874235755857,91.5099866537381,7.513448440836279
44,56,0,350.8248182424467,4.884360060290908,71.23471055807279,16.628601675895865,23.21373609696894,1.8668003601101242,92.69996316439334,7.651557610396134
0,57,43,386.61691591270034,1.4438367651582036,45.20211511969853,13.101542728718394,24.45251998075922,2.000714496067853,95.34550052938924,7.984346586660149
1,57,42,386.845933436548,1.4594481647625002,44.760741215718824,12.98994781609651,24.06187152485184,1.9578427107548673,94.53436777028233,7.880659951986622
2,57,41,387.0337417868216,1.4820248168568453,44.38658754432596,12.878743137379761,23.64381903819251,1.913096889595911,93.62239513994169,7.76786280253941
3,57,40,387.1666033442841,1.5127579310041468,44.096323683800435,12.769335513408063,23.196919437383094,1.8664266567083307,92.59901595845832,7.645319003698978
4,57,39,387.22704891458346,1.5530304618479858,43.9094541350066,12.663612186541132,22.71960071488055,1.8177746362631926,91.45246145277197,7.512333912527279
5,57,38,387.19291044193056,1.6044495206224312,43.849465584174396,12.564125788574579,22.210011154574655,1.7670644133000732,90.16912045297107,7.368104663995675
6,57,37,387.03608833288934,1.6688885446411308,43.94579292370048,12.474366525030527,21.665746961118426,1.7141790616789694,88.73239053936874,7.211630300465456
7,57,36,386.72088910285066,1.7485466811772925,44.23708909415737,12.399169839303475,21.083413187496276,1.6589268340045065,87.1208138280135,7.041566515764255
8,57,35,386.2015840664606,1.8460396677348778,44.77650402387026,12.34533691219241,20.457996444331346,1.6009924900152017,85.30537630730497,6.85601736249337
9,57,34,385.4185109712398,1.9645477024425522,45.63996865129255,12.32258949093779,19.782092450136016,1.5398778059124842,83.24610645133944,6.652277393938811
10,57,33,384.29157019704525,2.1080606402845943,46.93880626751202,12.345037809013593,19.045135737176555,1.4748429673220171,80.88853530602316,6.426572089899699
11,57,32,382.7095520152118,2.281770910174793,48.83812004290493,12.43338122254255,18.23286712602112,1.4048675452650308,78.160943732599,6.173873913411521
12,57,31,380.51411269306215,2.4926392070834242,51.581423212703356,12.617964411514693,17.32718030192923,1.3286428774962125,74.97290561375095,5.887841228254266
13,57,30,377.480461583584,2.750011314115869,55.51715052628289,12.9422112668214,16.305849716980568,1.2445595100141174,71.2128406515762,5.5607181697343995
14,57,29,373.30749326839606,3.0657066126117973,61.10783963798676,13.464029524245966,15.139878264179373,1.1505204267936688,66.73449807436468,5.182455091872806
15,57,28,367.6540834822402,3.451999140814588,68.87138852750861,14.248629482208807,13.783679085497754,1.0432212197824224,61.3110113960744,4.7374941749724435
16,57,27,360.2906653756005,3.914714082867288,79.17740003257504,15.342237065138816,12.160102780050758,0.9170498596905734,54.56543269749222,4.2000177192855475
17,57,26,351.4550111117562,4.439242980419928,91.93653423891374,16.72562227013209,10.234784992756188,0.7696752429225823,46.30334250526388,3.5594064919606154
18,57,25,342.54601949332584,4.972211241538029,106.79178041205014,18.290161543020936,8.83200707073427,0.6628553945320135,40.20684546852872,3.0905553290929864
19,57,24,335.7640718310348,5.429184130387641,122.81269915251599,19.834758621324095,9.585103226304648,0.7182564899106384,43.680462511076236,3.336543761268082
20,57,23,331.04401857075646,5.767807541383356,136.6250643064467,21.075143336702926,10.772766217189503,0.806926718561825,49.041887016646015,3.733243667684181
21,57,22,327.5214696316253,6.010392954258379,147.82598672005184,21.959990730473983,11.436721388897016,0.856641077138406,52.03058567828412,3.956992616516146
22,57,21,324.5504548884743,6.200637420355138,158.1092050923681,22.59284951822611,11.431580654627695,0.8561980753445605,52.01986631711893,3.9554318653212945
23,57,20,321.76462587474333,6.37035401142903,168.75621527580265,23.075883695693733,10.61450968161577,0.7948499798907394,48.36627263714,3.6791940529284344
24,57,19,318.9958469405643,6.540043019699074,180.14899466155612,23.515253524418334,8.695945045804551,0.6511108730552873,39.7278328155271,3.0299838011023725
25,57,18,316.16383497600594,6.73763002797134,188.96293382618816,24.359901314573996,5.536220249193661,0.41491886448706583,25.39645132976065,1.9591929424960506
26,57,17,315.7877734834255,6.676206765915838,179.25246579849372,24.91387374914467,5.4604433071739855,0.40998720725168375,25.092405576987208,1.9587259007097875
27,57,16,319.2350842838863,6.144489180110944,161.363949613315,22.880380393005442,8.670066424284322,0.648814488325188,39.66870918049363,3.021559451072035
28,57,15,322.4626432199705,5.691720368143198,145.37996896511788,21.148152654434426,10.007755905537906,0.749124868859914,45.675847864199284,3.473776697271708
29,57,14,325.33957720494186,5.3469588280813465,132.19810464879507,19.819556664443187,11.003731273973512,0.824758020718387,50.030243814885,3.811899994441285
30,57,13,327.84059586629996,5.111968813915464,121.85526069877932,18.908223788472753,12.137970147856175,0.9119516361138805,54.8540053702224,4.193831899583466
31,57,12,330.05152972361356,4.962585942386907,113.77057127561694,18.314533915326976,13.385645876665315,1.0090427833546687,60.018915458235725,4.609708183701818
32,57,11,332.0786145075199,4.871025040186523,107.26893174310459,17.922049094425848,14.615857576034893,1.1062008106360313,64.95197449560702,5.015353877979603
33,57,10,333.9947891748524,4.817405678063661,101.85968321496875,17.65053411500123,15.761071823454207,1.1982526694410875,69.37610507564473,5.388448733453761
34,57,9,335.84110424453286,4.788893000303619,97.22404178865179,17.452323300379426,16.807819114523284,1.2840647158355245,73.25632304859597,5.724983090210571
35,57,8,337.63907684870986,4.776726674308006,93.14966251900972,17.298631734693608,17.763552119899934,1.3640769694073438,76.64830672095474,6.0279831240075135
36,57,7,339.3989169791278,4.774449977092018,89.49072011488391,17.171065228069814,18.639453744843852,1.4390158657328305,79.62141293182799,6.301693035002417
37,57,6,341.1238676086664,4.7771705784292955,86.14947100452135,17.057694243881116,19.44504208073799,1.5094900533849578,82.23490201668409,6.549749629760445
38,57,5,342.8127043061143,4.7812688605929345,83.06581700484874,16.95121102759499,20.187638211972565,1.575951099677598,84.53583671360258,6.775000965422949
39,57,4,344.461517887025,4.784214530660336,80.20795559941234,16.84774821168948,20.873066722220273,1.6387461851070955,86.56244893308128,6.979744365218641
40,57,3,346.0651315875326,4.784377158301322,77.56288530597104,16.745868189604735,21.506292310400433,1.6981653488825195,88.34722873164019,7.165945607853973
41,57,2,347.61818458933163,4.780825358115945,75.1278138460633,16.645668221809835,22.091754627860706,1.7544657082834898,89.9186746840629,7.335357462380626
42,57,1,349.1158667506075,4.773137911162792,72.90354680684356,16.548055733299854,22.633491058378205,1.8078797079126399,91.30208729347477,7.4895665288288455
43,57,0,350.5543328637412,4.761244668709369,70.89021551214972,16.454226103226567,23.135166586542923,1.8586165431073736,92.51991997528381,7.630007896337434
0,58,42,386.344881764562,1.4675201721788418,45.494831698684166,12.992849083131546,24.4235710803269,1.9968999138630268,95.30516221193896,7.977565072150519
1,58,41,386.50604694169243,1.487851807816662,45.10735223501371,12.877840110217015,24.0353212659811,1.9543512026359895,94.49833327263462,7.874455856413057
2,58,40,386.61209122191775,1.515746047975484,44.793796090475155,12.764012022961522,23.62011071832467,1.9099652595159164,93.59200627539667,7.762369983782108
3,58,39,386.6464198877892,1.5524574922581795,44.57265508681962,12.65316668865832,23.17636559373447,1.8636793768655155,92.57524235449125,7.640633114306574
4,58,38,386.58813371244156,1.5994404179785255,44.46637936449467,12.547738359950563,22.70226087413791,1.8154141465768252,91.43543484849197,7.508472999776702
5,58,37,386.41091096175893,1.6583854706835988,44.50308011838089,12.451035775790203,22.19553125664427,1.765058549465637,90.15749760229899,7.3649569098825
6,58,36,386.0815301469066,1.7312692511071934,44.719205745620854,12.367590746521017,21.653181848255606,1.7124473238522329,88.72262109357732,7.2088957789872765
7,58,35,385.557817045769,1.8204251457445992,45.16364162906412,12.303662998025912,21.071090436097826,1.657330068542218,87.1065414503532,7.038712029487965
8,58,34,384.7856488449406,1.9286484247059574,45.90380222210307,12.267970363206224,20.4435299972788,1.599334440227451,85.27741257314582,6.85228010147603
9,58,33,383.6944828129228,2.059352600891354,47.034334620547696,12.272728758344638,19.76269758660827,1.5379303222797571,83.19360429649744,6.646767689377153
10,58,32,382.1908662991832,2.2167901724785297,48.688825630422826,12.335070513268853,19.018388134840535,1.4724060034853643,80.80196377963938,6.418523238488882
11,58,31,380.15000361104217,2.4063199280833345,51.053839210777525,12.478786384187789,18.19793200075749,1.4018660676548214,78.03698904116527,6.163049518728504
12,58,30,377.40776802671235,2.634602321557281,54.38144172643099,12.735930981193789,17.286324799988954,1.32524628672443,74.8205488612045,5.875041993469044
13,58,29,373.7614240294665,2.9093613025556957,58.98902005650193,13.14684720940936,16.266147769093187,1.2413154692926722,71.06038461673698,5.548365761369833
14,58,28,368.9985357114027,3.2379116031983743,65.22305371034406,13.755450293038374,15.117428421091146,1.1486744874107542,66.6482075746977,5.176038991495527
15,58,27,362.9873749105627,3.623207653491952,73.35767227647942,14.59533212977784,13.824484635155875,1.0462775034563878,61.48927008027201,4.752604418176751
16,58,26,355.86444254632073,4.056573704250952,83.4415548457475,15.665857823670486,12.429289383204832,0.937427231926983,55.74193952652664,4.292073011990071
17,58,25,348.3035099516496,4.509162528090227,95.23168439260382,16.910651095074183,11.23757047298823,0.84514917174156,50.75004422643501,3.8964874900583664
18,58,24,341.5037704309458,4.932381911547531,108.15391138021155,18.213689038627788,10.91161213625353,0.8189706161980498,49.48511888632018,3.7866645748243593
19,58,23,336.1957554864087,5.283123239977728,120.79847681512834,19.41020497527017,11.390079756217462,0.8540057828196673,51.71637936220898,3.9449279979008036
20,58,22,332.1599647846785,5.551706344298382,131.9075406249631,20.38090944505567,11.897168692674255,0.8917045641157139,54.023520452483204,4.114146096187945
21,58,21,328.9193391652322,5.756755985588341,141.6743422840452,21.12441585127751,12.021627183568395,0.9008661827805157,54.60366918320435,4.155229393897834
22,58,20,326.09974330704057,5.922947216611676,150.82968532562973,21.700245982123164,11.599501519824296,0.8690178715217161,52.73642268142008,4.011535621349016
23,58,19,323.50754229048937,6.067469880789049,159.5284242021035,22.18884560743296,10.532726757901184,0.7888036887891082,47.971230113560914,3.64869205321607
24,58,18,321.1761170596562,6.1918895553596425,166.00752023339103,22.724148541092863,8.889033983843918,0.6654369066093085,40.584556474484685,3.0890231522077873
25,58,17,319.9019495924281,6.211268053013292,164.3803636590714,23.179675743355627,7.475959392508791,0.5598300107001936,34.22452142956794,2.6185569753917903
26,58,16,321.57229501741847,5.882074014681099,152.0258059799074,22.08423001789985,8.26824772479395,0.618879706570852,37.856784846434685,2.8892719546497405
27,58,15,324.5774742040688,5.42040387597781,136.6018269208189,20.267989091035812,9.344410473184253,0.6992437364331899,42.72369783621503,3.250675678253273
28,58,14,327.45354324399835,5.0363040141394455,123.08389407621823,18.744070935447162,10.09482475146104,0.7559678976170956,46.03683176964203,3.5057708947229536
29,58,13,329.81401096373617,4.790131793143077,113.09182570491839,17.79117345745975,11.15605720292412,0.8371460189916002,50.604802827118924,3.864491264800562
30,58,12,331.7519327247284,4.657409057058742,106.02405786377803,17.294787441676284,12.536318127670624,0.943797939848252,56.41498459013028,4.32637128990513
31,58,11,333.4824938519764,4.59063044685069,100.67750606361894,17.03738667247382,13.951165635281242,1.0546057392658035,62.19914809557703,4.795090239236785
32,58,10,335.1297793526127,4.560017342685636,96.30953306759253,16.889873435163878,15.257575409188409,1.1586603202316912,67.35144656793648,5.223002371434004
33,58,9,336.74408943605914,4.550572212407057,92.55605273315305,16.79427767937387,16.427042228195788,1.2536388215266678,71.77855040236008,5.601173235374031
34,58,8,338.3430643702922,4.554099024776363,89.2267401275584,16.72437378417458,17.471073159543668,1.340252304752044,75.55958349136283,5.934088077700153
35,58,7,339.93112934849216,4.565286230937993,86.20777930642124,16.66673785513283,18.409062319423203,1.4198282817810628,78.80325476491315,6.228810079377834
36,58,6,341.50690115436595,4.580232252254937,83.42578827224014,16.61359367863352,19.258296376292463,1.4935521604178041,81.60472437859319,6.491622616131384
37,58,5,343.06604338847643,4.595962164579118,80.8346949425394,16.560317278313338,20.03209884648546,1.5623234454505361,84.03836707681192,6.7274138382798805
38,58,4,344.6026248638175,4.610269259966349,78.40912530581707,16.504489910999403,20.740451854076596,1.626800261871116,86.16118805850668,6.939893826830974
39,58,3,346.11002045864905,4.621622220779076,76.13876003207614,16.445344405307086,21.391018450864994,1.6874747857013677,88.01780841329222,7.131945822741338
40,58,2,347.5816205730723,4.629062431041472,74.0227389925743,16.383273452725994,21.98994039442584,1.7447320238056325,89.64434633514723,7.305901432618353
41,58,1,349.0113707552832,4.6320877387782895,72.06466288036432,16.319369547573654,22.542336480825202,1.7988862025057797,91.07090788021256,7.463714405620294
42,58,0,350.39412639691216,4.630537434388576,70.26878303067552,16.255037391468132,23.052585612654294,1.850201131922179,92.3230771634571,7.6070610638447835
0,59,41,386.0081926784017,1.4928845316631434,45.791560907159834,12.88446979609648,24.397810542687942,1.993484825032955,95.27050559779784,7.971574110525873
1,59,40,386.0935903333135,1.517843863634614,45.456315557690715,12.766631269234255,24.01163265600085,1.9512235356975833,94.46718534442546,7.868952630025133
2,59,39,386.1092834721928,1.550896245891701,45.202111053726085,12.650944894032063,23.598705167886546,1.9071417159713953,93.56495654162332,7.757417314326061
3,59,38,386.0359288151799,1.5933406808686623,45.049628136929655,12.53964616519173,23.157271632439382,1.861160348394861,92.55229796727748,7.6362386491677094
4,59,37,385.8493902884646,1.6466786838227851,45.02463376017275,12.435752541175043,22.68522640280301,1.8131759921501631,91.41563824257645,7.5045575145348105
5,59,36,385.5195172949159,1.7126524168508581,45.16008940311838,12.343349671793113,22.179924540796275,1.7630459159268783,90.13852182921151,7.361321998013955
6,59,35,385.00853377604255,1.79329562320495,45.49923473724246,12.267988206162963,21.637931553692706,1.7105686593794245,88.70049871473447,7.205204006672959
7,59,34,384.26886356597396,1.8910028746546872,46.099949618637126,12.217227798995568,21.054735468288268,1.6554618599498627,87.07581190639513,7.034502849221177
8,59,33,383.2401926788166,2.008621959646175,47.04063966144675,12.201362618202154,20.42447996543528,1.5973420253121637,85.23210347951334,6.8470549335643796
9,59,32,381.84569329263365,2.149566682429605,48.42760131524592,12.234332592945526,19.73981726782716,1.53571407204281,83.12952576920522,6.640182120305752
10,59,31,379.9878827672446,2.317922028211186,50.40299366867926,12.334723958739461,18.992002364550014,1.4699802560732353,80.72074533598737,6.410719403519239
11,59,30,377.5460857840419,2.5184505504535357,53.150623094113385,12.526511475279115,18.17134553207564,1.399477686340775,77.95232862161126,6.155162375954194
12,59,29,374.38064897954746,2.7562814883276032,56.8930870689632,12.838690433305995,17.26821556390533,1.3235588562787532,74.76839111342444,5.870002729459082
13,59,28,370.3542983353432,3.0358685205774254,61.86884605091073,13.302201516947353,16.275525515463308,1.2417841760835215,71.12079708509361,5.552570656458141
14,59,27,365.3863430009391,3.358649192287615,68.2764282216846,13.942110760694424,15.19693542896789,1.1545414868104784,67.00515483416648,5.203807028394482
15,59,26,359.5525597922701,3.71910876902026,76.18840732002138,14.764468211707648,14.074171275149391,1.0650910494545134,62.58336235920396,4.837429830557568
16,59,25,353.21110015889366,4.100333158859206,85.47501854160508,15.742178242141446,13.052355111975958,0.9844372538867849,58.47956077916876,4.501734015039579
17,59,24,347.0264353710367,4.473164943908882,95.75790398083379,16.808538643214778,12.413846198457355,0.9337942434442962,55.942781466914525,4.290915941837947
18,59,23,341.6552955402696,4.805193386667966,106.30969485588798,17.864162024944054,12.314582253161966,0.9247215993481834,55.684393562949964,4.2578413397401915
19,59,22,337.3113249944827,5.076771739058557,116.21415318862576,18.80964703596255,12.494621419652303,0.9373928517200689,56.58502522791779,4.317342483681489
20,59,21,333.8181060696626,5.287775935324621,125.01223707186054,19.594139093102523,12.585017138744568,0.9437420404843726,57.041998791560744,4.346570565311504
21,59,20,330.909920302282,5.449526777025889,132.78304842504892,20.220053920987517,12.368157167452317,0.9271630856903083,56.11184343027263,4.272011781176973
22,59,19,328.41304386274714,5.571953105554424,139.50735110924487,20.712008206273214,11.75389930492566,0.8807690458913503,53.39982916807259,4.0626047065656925
23,59,18,326.3460354232378,5.651091716298986,144.2429220420484,21.085481271927563,10.778928265556491,0.8073229370484981,49.0635407543646,3.7305225649621545
24,59,17,325.08623842618204,5.645107703658709,144.4037674280106,21.233957369416668,9.723032842549456,0.7279316477848288,44.35403933928617,3.3730917000436262
25,59,16,325.4611339516428,5.453846449721358,137.3504441372478,20.66044773698528,9.162131167068313,0.6857615609865509,41.8741719839418,3.187254144464286
26,59,15,327.56297541208573,5.070161329392767,124.70994881099956,19.1621925492136,9.081386089588731,0.6795492607637715,41.54278533500478,3.1618888495026165
27,59,14,330.2748167994002,4.65685934108062,111.19326373303059,17.45713200202057,8.951308909149706,0.6699807305424641,40.9400371932571,3.1209270169920873
28,59,13,332.5089493863349,4.387333763927408,101.33091694073458,16.37154163940258,9.596760742515498,0.7193307455184045,43.72801791545431,3.3413196998760792
29,59,12,334.0598425326808,4.286556022264058,95.79169027297269,16.023994216225564,11.2537872578449,0.8461217708398971,50.86204759176246,3.897547015367064
30,59,11,335.3672713067227,4.263460236225142,92.20531233300252,15.976968337371087,13.02590928669015,0.9834057920977822,58.28937190835461,4.487366906331718
31,59,10,336.65228606500955,4.269433790589059,89.33052961084493,16.006512535178942,14.592302560280352,1.1068294328327823,64.61990312907719,5.00335318235697
32,59,9,337.9684756023627,4.288277779254788,86.77875735283976,16.04793593868268,15.939093583407974,1.2150644488447795,69.84038716028108,5.441545060629847
33,59,8,339.320677867204,4.313782384810555,84.42048270004413,16.08415621814531,17.104604990691396,1.310780002551233,74.1582509149304,5.815530516977565
34,59,7,340.7014366897033,4.342661932904884,82.20133765167732,16.110912814338036,18.12669672755135,1.396663750453677,77.76901001862133,6.138648202602216
35,59,6,342.10069215283505,4.372577639856566,80.0922039301285,16.127236626581286,19.034823323095885,1.4748027990273949,80.82424358555997,6.421315522654965
36,59,5,343.5082172158291,4.401630376576824,78.0764228154662,16.133038982004436,19.850505579050704,1.5467069600539998,83.43587416989037,6.671203461665394
37,59,4,344.914164619393,4.428280676027739,76.14667665952507,16.12868875159462,20.589257320666277,1.6134475231244312,85.68600687394968,6.89389911831747
38,59,3,346.3092338253992,4.451361442695743,74.30336841735078,16.115018152545304,21.262418438420898,1.6757919258567677,87.63583010885758,7.093533284232059
39,59,2,347.6848337917922,4.470077788733796,72.55246439452371,16.093304244812362,21.878537955710367,1.7343058491880914,89.33224481622986,7.273254301854096
40,59,1,349.033271800162,4.483973999732696,70.90286938691386,16.06515268932143,22.444305670922198,1.7894219131963438,90.81234659451252,7.435548505283349
41,59,0,350.34791784238655,4.492877253252573,69.36391849341638,16.03232655703784,22.965140058404447,1.8414828238485237,92.10630043247255,7.582443799838589
0,60,40,385.6095791607214,1.519361721458437,46.086525688558496,12.776597147962045,24.37444024813693,1.9903936500642658,95.23940643809135,7.966143033069952
1,60,39,385.6129613292008,1.5487279388840771,45.800965480052156,12.656427731938239,23.98986650786035,1.9483722590951138,94.43834340700153,7.863876123330314
2,60,38,385.53200605261094,1.5866219513502573,45.603556358485406,12.539491576359344,23.578542910670652,1.9045286997350874,93.53827706474897,7.752693610981993
3,60,37,385.3449493757858,1.6343595483950168,45.51718669814059,12.428454169012793,23.138516578589222,1.8587666645319043,92.52703896690376,7.631806138935221
4,60,36,385.0249329787787,1.6934524396555606,45.57073961997507,12.326886108471971,22.66743013911684,1.810961112020808,91.39018759054923,7.500276830963462
5,60,35,384.53879873357846,1.7656421610705682,45.80135045768958,12.239567221196046,22.16236516248076,1.7609461332708998,90.11029190698362,7.3569688334645
6,60,34,383.84557702871643,1.8529419162709933,46.2574578162983,12.172884353050712,21.619672927128086,1.7085019676923154,88.66612887764175,7.200488264629573
7,60,33,382.89463589563246,1.95768543864764,47.0027062825142,12.135332276782172,21.034836168544096,1.653344632401694,87.03196087249393,7.02913683906159
8,60,32,381.6236026125963,2.0825746877502125,48.12050517275709,12.138098642386458,20.402437172034734,1.5951240958163366,85.17719235451334,6.840899051144065
9,60,31,379.95657838699566,2.230700120529519,49.71846798658541,12.195642278695937,19.71634198466506,1.5334395614270424,83.06685771051872,6.633500563860453
10,60,30,377.8040839613716,2.4054694586913565,51.93081834174245,12.32602413374527,18.97025564677,1.4678837551658839,80.66360743499655,6.404590229678093
11,60,29,375.06786886624934,2.6103147362429633,54.91497721744199,12.550488939896448,18.158928049400476,1.3981371881232902,77.93245474906793,6.152141112431201
12,60,28,371.65613937773315,2.8479602693004322,58.83635960032797,12.891458987605926,17.28073635650062,1.3241662321598529,74.85161171783682,5.8753165553007545
13,60,27,367.51661069619234,3.118987945568868,63.83506670238059,13.367946826178578,16.34366395812266,1.2466748306287603,71.43865869689591,5.576479779649291
14,60,26,362.69186366582517,3.419602362000875,69.97423244212376,13.98804582469068,15.379004660360518,1.1681310242637741,67.81188089087809,5.26579123305335
15,60,25,357.38499371566803,3.7391519286446147,77.18387206380797,14.74022469436256,14.465633573468008,1.0945745697132843,64.3005693610894,4.969332484699762
16,60,24,351.98329281204747,4.05921588383405,85.21870395264375,15.587702026756943,13.74192092280471,1.0364740016210285,61.50394507985017,4.733139746609853
17,60,23,346.9505475989868,4.356970329443283,93.62965058052572,16.47054833856129,13.330968216060231,1.0030473650958913,59.96817777091118,4.598514021214488
18,60,22,342.6013721863802,4.613115754536786,101.80852424917576,17.319287208469405,13.193131482741913,0.9911270976604817,59.537372325022005,4.553040321996746
19,60,21,338.98580739404304,4.818664815906931,109.22305134379063,18.07819026031549,13.133321094418895,0.9857413018918161,59.379347043043914,4.5324184451302925
20,60,20,335.98956011926447,4.974336357923441,115.60888732325107,18.718150469824536,12.958090821825751,0.9720430380820144,58.667322175721004,4.472230550126021
21,60,19,333.49311655334736,5.083315467645678,120.78841568354073,19.22384086575026,12.558074056928728,0.9416017391553475,56.93554022553811,4.335704418175838
22,60,18,331.48943347678556,5.141395736866504,124.22518576771976,19.56415179561316,11.919111970788855,0.8932602531302201,54.12837065139135,4.118086249302961
23,60,17,330.17249312676,5.125323980840969,124.63938737149631,19.641421573662534,11.13382672278042,0.8339835527195963,50.65933128152288,3.851439643150128
24,60,16,329.957639139147,4.986224686233566,120.36376588305792,19.219531094850044,10.366162093625856,0.7761303053968878,47.2616866151039,3.5926231825099166
25,60,15,331.1601636304664,4.686921474818569,110.95634336353348,18.051754038404937,9.591537189686404,0.7178977288418872,43.815837215839075,3.332964164191641
26,60,14,333.500013591124,4.269646440161863,98.15254598327338,16.268471822914577,8.323816854941239,0.6230819102632508,38.10489723696565,2.909522200417336
27,60,13,335.9400485519466,3.903562409295485,86.54922442401542,14.66499659759341,7.103509163178234,0.5324556157014083,32.54483497791038,2.5083586171424934
28,60,12,337.01919762651,3.8433372863213133,82.85769123341814,14.484371706345964,9.262251148756409,0.6956956442859724,42.07579875810917,3.2317006580108725
29,60,11,337.731950865242,3.8907965436575362,81.84022735472544,14.759391122492326,11.780211685828814,0.8882923958719976,52.92841187502669,4.072027489661353
30,60,10,338.55486943265885,3.9479024153612734,80.93683224625005,15.021133256274663,13.759420784867833,1.0424383440811291,61.13846363002771,4.727353532500053
31,60,9,339.5092758494459,4.00356073990232,79.89424677654878,15.228534171711651,15.348711458129744,1.1687748982039752,67.4515950172111,5.247520345059632
32,60,8,340.5695927600223,4.056631690607824,78.72311518173301,15.388225909280251,16.668832062787523,1.2760637804428494,72.45759821784868,5.6737549414033035
33,60,7,341.709048153114,4.107046116121791,77.46144729268406,15.510585583063104,17.794990401332353,1.3697546826048186,76.52542356121559,6.031998762197813
34,60,6,342.90514903024916,4.154560064414647,76.14164372046571,15.603785671924243,18.77552172578095,1.453332445860796,79.89424113240953,6.339063956627886
35,60,5,344.13946833040063,4.1986693626841065,74.78831543119611,15.673558652896926,19.642742960864826,1.5291079714436202,82.72580698193194,6.606284372264594
36,60,4,345.396661699172,4.2387468356870315,73.42142378279593,15.723948858301508,20.41891667306608,1.5986547733167533,85.1331440150214,6.841537900372277
37,60,3,346.6636577917893,4.274192096308822,72.05914283631824,15.758047394303535,21.119797152940304,1.6630697180930551,87.19750693985601,7.0504537511268355
38,60,2,347.9291603897771,4.304535634483185,70.71920458509996,15.778484047825904,21.756868143519643,1.7231381035099749,88.97903967885803,7.237176213970948
39,60,1,349.18339661289093,4.32948858910819,69.41888660454505,15.787676879057573,22.338781759252296,1.7794399102248821,90.5236275005389,7.404857151729627
40,60,0,350.4180066333044,4.348949172151289,68.17423846331965,15.787910389903756,22.872279263050483,1.8324176952545788,91.86730877292258,7.555972411278799
0,61,39,385.15396075545334,1.5463081273559638,46.37294437307685,12.669225134921875,24.352700202663822,1.9875548546060415,95.20984279988049,7.9610518296874275
1,61,38,385.07126094417544,1.5797204261776372,46.133066131853084,12.547050391478741,23.969169591833342,1.9457179719922109,94.40949191540906,7.858977705832832
2,61,37,384.8902883545665,1.6219678553400287,45.98773555200124,12.429195421227632,23.55871562024224,1.90204208156312,93.50949275752377,7.747933624619576
3,61,36,384.5874455750358,1.6743456196184483,45.961627718187344,12.318698783055568,23.119208501015603,1.8564152345577267,92.4970934416878,7.627076497893118
4,61,35,384.13404060824,1.7383244153401431,46.085882214009686,12.219575571868395,22.648108081603233,1.8086963628655572,91.35723492233451,7.495413796195808
5,61,34,383.49527724686305,1.8155724660076218,46.40018499402109,12.13710348868394,22.142365584150763,1.7587078067418624,90.07205461750576,7.3517699789831195
6,61,33,382.6291457171111,1.90797591625918,46.95529329920757,12.07816485670579,21.598358658349383,1.7062305790489576,88.62049219882692,7.194763503218433
7,61,32,381.48537978582664,2.017648546073556,47.81577764511057,12.051620059833084,21.011916751249462,1.6510068332245715,86.97822581377791,7.022813229225844
8,61,31,380.00492793464724,2.1469096815673625,49.06236576491804,12.068640034609516,20.378524665933252,1.5927563513761545,85.11830387921009,6.834203496478287
9,61,30,378.1209324517579,2.2981870666122264,50.79259727098453,12.142837400408443,19.693837053185163,1.531217199146459,83.01304667329174,6.627252509453442
10,61,29,375.763102444774,2.4737673447018365,53.11750922708458,12.289899454681958,18.954727188527478,1.466227317419487,80.63822155448428,6.400659617361393
11,61,28,372.8684695118256,2.675278433172595,56.15105097701603,12.526271319476214,18.161312324957752,1.3978798565342736,77.98152299281789,6.154181050293916
12,61,27,369.4020537752302,2.90277924129156,59.98885929162073,12.866390199363343,17.320852817801793,1.3268185111696205,75.05950867288276,5.889936049204268
13,61,26,365.3889055431499,3.1534315864241567,64.67571022676091,13.318296475723105,16.454888443092837,1.2547730304231108,71.94938640126344,5.614800162446994
14,61,25,360.950804355995,3.420047970870536,70.16726022269621,13.878403540475087,15.609542037943207,1.185325736864751,68.83595719687398,5.343863921875983
15,61,24,356.3241580345122,3.6903697196434058,76.29730673242497,14.52754749088005,14.860331226078456,1.124252034196961,66.03619451106252,5.1020838508480395
16,61,23,351.8207609223181,3.9483574773000907,82.76112442059878,15.231085880179048,14.28754451025517,1.077627858174354,63.89591588094192,4.916190911695612
17,61,22,347.71988532382994,4.178048483401153,89.13471635389857,15.944941595553377,13.91356601054669,1.0470621663107982,62.51876868298498,4.7939597435091255
18,61,21,344.1644763528845,4.368122341809506,94.96736865173409,16.62645556440415,13.665674041165804,1.0268770057599017,61.60317665818366,4.71173944124835
19,61,20,341.15623070019507,4.513619050193299,99.90523302241583,17.242134953521134,13.421827874396126,1.0076084021460943,60.63763140276635,4.6293615587481955
20,61,19,338.63993425305154,4.613087072854297,103.69186479758935,17.761456096544386,13.081202039118827,0.9814074232296177,59.20212783057735,4.5134864719628185
21,61,18,336.6041010253782,4.662507551665277,105.99109350361537,18.135817390707242,12.599661009029479,0.9447708824902744,57.11905141188237,4.34963013374961
22,61,17,335.1540288361374,4.6483523020103785,106.16771118569318,18.27071709992321,11.995244945983575,0.8989701182421445,54.477252281343354,4.1443423433107816
23,61,16,334.5274534278499,4.543899835207299,103.30264817752148,18.00552747406819,11.312125245205982,0.8473275699724117,51.474043353299145,3.9132156416705848
24,61,15,334.9842643657107,4.319675515153646,96.70505884240872,17.153837154422966,10.487660923030699,0.7852146604565193,47.819877534155445,3.635575287393096
25,61,14,336.5836053246538,3.969974609918693,86.51670906461709,15.641629069146363,9.115802552871187,0.6823984953033451,41.6647262013559,3.175440297057986
26,61,13,339.13179800504946,3.520008287773842,73.54039674692123,13.566834749028372,5.9757236132231135,0.4484164648203862,27.434945329647334,2.1347366393476266
27,61,12,340.47770676242584,3.3560469213320987,67.95185732467942,12.82358987412456,6.267155105089776,0.4713244380717908,28.652057006221877,2.238939310057793
28,61,11,340.45256307854316,3.4958478033700366,70.17045928226477,13.507432451641625,10.31203452003753,0.7768732846404971,46.51953534241373,3.5822293925606004
29,61,10,340.76684544309967,3.6087545352241897,71.45312557280295,14.006652048943193,12.827266628599919,0.9707758225651097,57.18925615497261,4.417732510575999
30,61,9,341.3267966639672,3.7039769786213537,72.0760515149299,14.379157234553396,14.69525076898578,1.1178362741859225,64.77135910461581,5.032080235286715
31,61,8,342.06714381128324,3.7869957002891974,72.22734218320778,14.662680244558983,16.186361800565823,1.2378802937274185,70.54674549903609,5.516161059947693
32,61,7,342.94068836632755,3.861018112569807,72.03872152489235,14.882122578667913,17.4268615893427,1.3401272862021782,75.12183760904097,5.913052911811544
33,61,6,343.9122359708862,3.927813313424605,71.60376876755168,15.054022396588017,18.487582723588456,1.4297209283584797,78.84101409375825,6.247173062078291
34,61,5,344.9547770740321,3.9882397047616713,70.990130256526,15.189443576897865,19.412645670425,1.5098426553317321,81.92127377591653,6.533863112158793
35,61,4,346.04696238383383,4.042612954881298,70.24837263630153,15.295941316553833,20.23135730788436,1.5825866145240908,84.50845921824046,6.783397786717939
36,61,3,347.1714328390925,4.090970552069455,69.41823370222652,15.378905200131495,20.96403885007348,1.6493882757344989,86.70493652387157,7.00296101725247
37,61,2,348.3137501927151,4.133254070202382,68.5326106452643,15.442439782938347,21.62526363545912,1.7112628115018556,88.58500553806826,7.197748584057068
38,61,1,349.4617424993167,4.169422509393858,67.6197169558985,15.489898417048906,22.225811845126035,1.76894915243673,90.20421394436087,7.371636027075993
39,61,0,350.60511639150957,4.199511262093464,66.7039677747714,15.524171869845013,22.773903285866073,1.8230008270907587,91.60524904027132,7.527601277209739
0,62,38,384.64843531840756,1.5730177966715169,46.642862562874896,12.562126502893516,24.331898867004504,1.9849036832812257,95.17998113116477,7.9561000351630495
1,62,37,384.4782197927085,1.6099682102593462,46.44263370033204,12.438013039083765,23.94879932085763,1.9431916445298918,94.3786425801037,7.8540412154933845
2,62,36,384.19732372864314,1.6559012167249123,46.34170722253572,12.319180015969746,23.538472193084804,1.899612057233174,93.47661056484617,7.742918825642912
3,62,35,383.7811696616674,1.7120447874204507,46.36565893502792,12.208924781523304,23.098650979887797,1.854040613168627,92.46069362488373,7.621848795076216
4,62,34,383.200480403648,1.7797650180810773,46.54639081993979,12.111520099366329,22.62669682413906,1.8063269825258987,91.3155286360962,7.489809877050534
5,62,33,382.4206625269663,1.8605685421624116,46.92370654260098,12.032443832972524,22.11956996573715,1.7562928824063002,90.02335438465306,7.34563273926204
6,62,32,381.401381824646,1.9560909387734866,47.54687520674362,11.978613256673865,21.573872577559865,1.7037358336354276,88.56404733129209,7.188012240693076
7,62,31,380.0966806129273,2.0680552239689693,48.47571601143832,11.95856991906271,20.986027305730083,1.6484435888760027,86.91568698975362,7.015564268012306
8,62,30,378.4563065165173,2.1981717747857212,49.78033018843725,11.982509756057336,20.35268808208126,1.5902266138709114,85.05606778827124,6.826959481770712
9,62,29,376.42938772709186,2.347933579075329,51.538066594138826,12.061981840680142,19.67153307343913,1.5289798970922135,82.96582836379342,6.621184500354905
10,62,28,373.9720797449248,2.518244372429743,53.825805818052714,12.2090086385791,18.942686243067268,1.4647923734773882,80.63433300163044,6.398013828313115
11,62,27,371.0608819387615,2.7088203821024077,56.70566467397664,12.434375917237254,18.17115704231933,1.3981325631836785,78.07013565600393,6.158824082658234
12,62,26,367.71199628889383,2.9173661121765817,60.20355341289077,12.745022677297612,17.37071100580466,1.330140110713315,75.3180589887348,5.907890149638636
13,62,25,364.0029299924106,3.13868743078441,64.283167429405,13.140948543596986,16.56876755758438,1.262990531506853,72.48144969518931,5.654031563239677
14,62,24,360.08493211705417,3.3641738771615266,68.82185988785221,13.612771197155233,15.808796740747683,1.2000639063899445,69.73451209050276,5.41144122029358
15,62,23,356.1680792727588,3.582300027665079,73.597129265548,14.141542612392117,15.14162577637168,1.1452657174374439,67.28728381499415,5.1968541252694775
16,62,22,352.46850988485414,3.780566877026039,78.29471581632794,14.701985519347765,14.599642752143582,1.1010449068195374,65.27658051182473,5.021060907025871
17,62,21,349.1398592772288,3.9483111510109543,82.55205469022931,15.268377477580483,14.169834249907453,1.0663251122067183,63.651160686784706,4.879998653879851
18,62,20,346.2393504861113,4.078654365988,86.03044756363857,15.818609038508285,13.796187772650969,1.036684998809085,62.182084135506486,4.7554803390753
19,62,19,343.7564825938918,4.167943428358024,88.46150386211981,16.328890129302028,13.410869066131532,1.0067572163281746,60.59473292073487,4.625441140556572
20,62,18,341.68258944524604,4.212576672954883,89.61619116375232,16.755311598490998,12.965147829813233,0.9726269959797047,58.69816931618285,4.474199152322923
21,62,17,340.0775799121995,4.204758727223666,89.22136494263219,17.01016011852314,12.446780474485065,0.933193327750815,56.45681199755694,4.298292475059159
22,62,16,339.093322038031,4.129945522611633,86.91257047490863,16.954004729356868,11.872404770284218,0.8896224875811402,53.95383407055937,4.103893947677459
23,62,15,338.92151142381,3.9703276010284023,82.32223833849059,16.43184899760287,11.21754208035566,0.840096087493879,51.07705828246316,3.883128644624389
24,62,14,339.6673782902689,3.7176897010237586,75.33427015823503,15.361943709702373,10.292279882756613,0.7704970914941988,46.959720335519144,3.5724181203857923
25,62,13,341.2103371829798,3.3933710279065554,66.49097764510901,13.843411791349935,8.725210136618895,0.6533095418856619,39.90015726717841,3.048817248905602
26,62,12,342.80673356041285,3.1261628812028452,59.057388552752755,12.524776395373408,7.247535790431667,0.5438754342245438,33.14179346073206,2.5614422050154566
27,62,11,343.0941892633417,3.1583003340479228,59.30015626758225,12.616191521249474,9.444104354956814,0.7108939152053315,42.740566171278026,3.293331962870805
28,62,10,343.1111021208527,3.2841459981073458,61.72251782268836,13.124781543872578,12.046293285662827,0.9107797766575578,53.87076837515461,4.158286694898926
29,62,9,343.33235662685115,3.4055136753154143,63.73795691851171,13.581583771104752,14.08211335831391,1.0701348963143253,62.24275613066089,4.829673559887594
30,62,8,343.7640033799948,3.5137111486352346,65.15769395095857,13.953577704197395,15.707519925952777,1.2001048586651666,68.63569879906677,5.359413816472044
31,62,7,344.36709272875595,3.6097938206893283,66.06282300682454,14.253249517647122,17.049247464678018,1.3098775071791922,73.66746204744558,5.790666806844691
32,62,6,345.10374464228323,3.6955951923183012,66.55765730070735,14.495538723419886,18.18616266573881,1.4051612375439375,77.72407859533199,6.150584131009245
33,62,5,345.9423648788942,3.7725164041414083,66.73315030661385,14.692448058942675,19.16892132188967,1.489605834351966,81.05520799818484,6.4567494288480525
34,62,4,346.8572277128295,3.8414559378703865,66.66306661988568,14.852952886898699,20.031605502096568,1.5656509738694044,83.8300906810524,6.721079193200626
35,62,3,347.8272916250734,3.902944352020197,66.40669604011956,14.9837374728846,20.798035766936685,1.6349873793311085,86.16793640264166,6.951959912007977
36,62,2,348.83514212083196,3.9572948445825618,66.0123479706129,15.089915996502427,21.485374955712885,1.698820456696618,88.15530434652551,7.155475802781167
37,62,1,349.86620757655015,4.004723273654738,65.52012863648173,15.175571770978877,22.106321493410025,1.7580309640135743,89.85668878513806,7.336159194826112
38,62,0,350.9082191082421,4.045428873928244,64.9637546080003,15.244109952779498,22.670510498867646,1.8132777373665014,91.32128749596812,7.497471482646751
0,63,37,384.1021246701215,1.5987415656133042,46.887150897965554,12.454853360634884,24.31143074450575,1.9823839039525075,95.14821359328862,7.951111478958697
1,63,36,383.8459236245407,1.6385746728412651,46.71802880224632,12.328536852580728,23.928128446366532,1.940735381949482,94.34412007235674,7.848883432980405
2,63,35,383.4690045095795,1.6873480530618608,46.65028368309608,12.208190477979297,23.51719749474576,1.897181911349801,93.43800276920696,7.737469351304609
3,63,34,382.94688794662227,1.746169084724798,46.709094786290066,12.097203899046457,23.076278149836526,1.851590377174985,92.41638702443244,7.615957888175185
4,63,33,382.2512233738066,1.8162284517169618,46.925141337880305,11.99985753751357,22.60270419394524,1.8038069632498817,91.26387008669444,7.483321726780001
5,63,32,381.34972465228884,1.8987773330113238,47.33540435126521,11.921463985666103,22.093540629960003,1.7536604792939365,89.96315483775139,7.338428203923496
6,63,31,380.2065992340258,1.9950786413368453,47.983493606454346,11.868461236105967,21.545717401395965,1.7009732679350482,88.49545354843451,7.180081309236022
7,63,30,378.7839182977589,2.1063134134087727,48.91890179566033,11.848388522619453,20.956322827483874,1.645584574161996,86.84153486590102,7.007116320511194
8,63,29,377.04461621067134,2.2334146249459486,50.1942831643951,11.869638320822608,20.323148130555666,1.5873932759278968,84.98382097832192,6.818577795436287
9,63,28,374.9580162276353,2.3767942723922033,51.85959767152039,11.940847362324632,19.64561270258269,1.526429605358226,82.91013318492664,6.614024735497823
10,63,27,372.5087075709241,2.53593559762232,53.95200148307855,12.069800829265965,18.926234703879885,1.462967862039842,80.61987546041487,6.394018786911227
11,63,26,369.7087646803952,2.70885888674659,56.48108658167867,12.261837613379422,18.17275659899786,1.3976875922841732,78.13325821170595,6.160833449438216
12,63,25,366.61107976221655,2.8915568574856505,59.410775210191076,12.51801996409114,17.40062727048977,1.331859423780782,75.50243912445568,5.919287119649945
13,63,24,363.31782652721074,3.0776335150993503,62.64158932649906,12.833746547880418,16.634363054484858,1.267442022702455,72.81834642757062,5.677212403941333
14,63,23,359.974613122473,3.2585004767863994,65.99919228027257,13.19883727379986,15.904579717039926,1.2068449485523483,70.19939607950414,5.444503140419715
15,63,22,356.7429688133642,3.424420220638986,69.23650219606918,13.599992897250878,15.237939678520942,1.1521459651984578,67.75021337238627,5.229832426965269
16,63,21,353.75678988577965,3.566266452578735,72.05682256980242,14.025420689916771,14.643890709504328,1.104057010367109,65.50704261022689,5.036321660922542
17,63,20,351.08628253755404,3.677214121136064,74.15876960765362,14.468844017424521,14.10962546547636,1.0615159386891677,63.41860906785148,4.8599232024941506
18,63,19,348.73659846268845,3.7532213261841436,75.28617713749978,14.926518293263966,13.607782293489297,1.0222664240222958,61.380407453821896,4.692000238301771
19,63,18,346.68968957551033,3.7916391145597004,75.25924915634127,15.379882807763295,13.106802046203423,0.9836743770820063,59.27724084835056,4.522767177363161
20,63,17,344.96862822092436,3.788556821493006,73.99073591324441,15.765161829263874,12.582108409917451,0.9436323628114245,57.026698946881545,4.344956148247837
21,63,16,343.67804464349865,3.7369137128022074,71.50712981252832,15.952266999245186,12.039856549907938,0.9024095159588754,54.67768604186252,4.161547481504014
22,63,15,342.9768435193341,3.627817771712814,67.92325961724606,15.774402604222772,11.515241189545648,0.8625727874980078,52.39611723362512,3.984860209964545
23,63,14,342.98227675279367,3.4569380448368476,63.33073980572688,15.127588550113508,10.977011006195093,0.8218561679495826,50.03279565489496,3.804423338393919
24,63,13,343.64818207162045,3.2383152800695463,57.948500227734314,14.082951228273417,10.2910087458588,0.7704394224198885,46.96018237052269,3.57526317169672
25,63,12,344.6247514443168,3.031720310886721,52.99962870913211,12.985207357724082,9.62713709274991,0.7215206840243439,43.89419761724169,3.354587856270374
26,63,11,345.23590008555914,2.953113830687345,51.24231010535483,12.452265457573532,10.091096468281137,0.75870115237905,45.718455605725865,3.5099777841187025
27,63,10,345.3473666030974,3.0166604832834265,52.89179430646904,12.583745969444639,11.806803743935646,0.8917739366127163,52.92222650761149,4.0795836469077456
28,63,9,345.3975108859215,3.1306500043120993,55.48878275881415,12.94566573379445,13.672356709379045,1.0380063002377629,60.579475211312,4.694785668261684
29,63,8,345.58634955890676,3.249532829088338,57.86093301980675,13.32324532028526,15.30989674910337,1.1686570157839116,67.05647545245004,5.229332808830152
30,63,7,345.9431593040293,3.36107319692593,59.74321545043814,13.661613918053739,16.703102553323696,1.2821602052078531,72.33303008542535,5.678388147669206
31,63,6,346.450813875018,3.4627932923352622,61.13584933683353,13.95222481363966,17.89443731498915,1.3814579176379738,76.63730063923218,6.0569085937028015
32,63,5,347.0830702047137,3.554757424895634,62.10490646005243,14.198411428598622,18.92525332039781,1.469475775389141,80.18128765382718,6.379399404679257
33,63,4,347.81435790305835,3.637570851425404,62.72584869909464,14.405949025046297,19.827935961194516,1.5485089152621534,83.12934236352561,6.657249908610578
34,63,3,348.62209882717383,3.7118337448653795,63.06784120028817,14.580467365323496,20.626858835141963,1.6202786814125119,85.6048941306637,6.899065630154095
35,63,2,349.48692627098205,3.7780297305675097,63.19047638240217,14.726864262786238,21.340334632078807,1.6860701082142064,87.70073769891285,7.1113411262708786
36,63,1,350.3923548646192,3.8365436262091643,63.14421012115112,14.849305966261195,21.98225521099176,1.7468495916024067,89.48736795324194,7.2990264047269315
37,63,0,351.3243730111311,3.887707373337311,62.971621910304734,14.951364555118143,22.56330886481048,1.8033528508111982,91.01907882278368,7.465947994517216
0,64,36,383.52586187092777,1.6227124038122795,47.095711780507244,12.346766651617582,24.29078255405006,1.9799486612860233,95.1131520889358,7.945935357115873
1,64,35,383.18832302944224,1.664634082713187,46.946361167712226,12.21760662511623,23.90663527529103,1.9383020588363749,94.30449252235678,7.843349900375891
2,64,34,382.7231617546943,1.7152406265916107,46.896778614878784,12.094693966004824,23.494376537687778,1.8947056462418979,93.3922343053177,7.73143129060892
3,64,33,382.107207442918,1.7754633374340352,46.97016763369915,11.981306556411075,23.05158183802635,1.8490198938949909,92.36271643126676,7.60924959069033
4,64,32,381.31464270560264,1.8462473037296387,47.1937478629134,11.881446838441208,22.57559037291663,1.8010902690975839,91.20060859664103,7.475781303698711
5,64,31,380.3175629914386,1.9285017270339968,47.59863411833352,11.799876815001841,22.06359041659203,1.7507543686516847,89.88913288708063,7.329935406834221
6,64,30,379.08725824060167,2.0230160444511083,48.218864201757725,11.742063039686403,21.512806150097195,1.6978570329092209,88.41068457471188,7.170612578859228
7,64,29,377.5966402310003,2.1303249437600025,49.088982466894365,11.713965890666644,20.920836812421353,1.642277304460623,86.74807668146245,6.9968146630831045
8,64,28,375.82432111742406,2.2505032785068253,50.23945003894957,11.721595095046133,20.286210574625994,1.5839718797134343,84.88669688882855,6.807825445293603
9,64,27,373.7607490627762,2.382877699883752,51.68919220652758,11.770268662869347,19.60921464384513,1.5230394909481542,82.81788229461826,6.603483780816943
10,64,26,371.41628266157306,2.5256646538390077,53.43500975827587,11.86358771084497,18.89300998958376,1.4598064412842426,80.54361284459982,6.3845527221085785
11,64,25,368.82985260111155,2.6755938429287385,55.43855037874941,12.002308746286607,18.14484248254059,1.3949183905006697,78.08179569136091,6.153123328525029
12,64,24,366.0748721147882,2.8276517315319545,57.613016069632906,12.183559135240769,17.37671755342628,1.3293894762693983,75.46949957028467,5.912844976557465
13,64,23,363.257103021998,2.9751513271941032,59.81338660955252,12.401120929104723,16.604366656924384,1.2645184128223699,72.75917728415489,5.6685971446313905
14,64,22,360.4994063600253,3.110329753480978,61.83515729418485,12.647611249151222,15.843635908746224,1.201603116944128,70.0042756496969,5.425320881681084
15,64,21,357.9132692497075,3.225508321234244,63.426883469594245,12.919001293092032,15.105932589777296,1.1415749876297727,67.24158021685699,5.186560043035847
16,64,20,355.56622313297555,3.314516879892639,64.31958099198243,13.220511206884003,14.397603277781613,1.084921970710515,64.49165999228008,4.954333851280937
17,64,19,353.46258000031605,3.373729433864874,64.269377768899,13.569572066071506,13.724847605851908,1.0320279253784423,61.78416724188018,4.730880425506635
18,64,18,351.5580187902277,3.401896036702194,63.104584207344104,13.98591451090896,13.092375320214511,0.9830529884479016,59.15497882166658,4.518356097431008
19,64,17,349.819875078026,3.3983818505510053,60.78332912578662,14.457073748688233,12.48499776643645,0.9365707725242225,56.563941746992924,4.312804276737575
20,64,16,348.30239856092743,3.3611509532960357,57.50432311018804,14.887397887084232,11.877112475805646,0.8903625753851188,53.92944919450763,4.107145798453804
21,64,15,347.15690270808585,3.287356356751248,53.83489163072191,15.082331762184442,11.328110062957043,0.8486769021797911,51.542500094304415,3.9224685815077622
22,64,14,346.54101382904526,3.1766608934723246,50.459582504872984,14.84841694051505,10.985794631751425,0.8225872628157681,50.066939706526895,3.808411485806298
23,64,13,346.48984254217714,3.0366524969851034,47.55557405356642,14.18274351609216,10.838577349359788,0.8114919849747019,49.41959187554423,3.7602870493088183
24,64,12,346.8376608066639,2.895213174879234,45.175212536003684,13.32521479318408,10.796224695146302,0.8090846365921871,49.14697934550828,3.7470028772767803
25,64,11,347.23586313019763,2.807627181383329,44.15174822929636,12.651715660768279,11.114023997678876,0.8350966999865447,50.333138898076314,3.8527517627148633
26,64,10,347.40711603199634,2.815298640600185,45.2598113872763,12.421237289118157,12.122615889839846,0.9148005779759685,54.40782897238169,4.186251633949545
27,64,9,347.4188216024985,2.8961278330708997,47.818149991778,12.54816680714298,13.573394814261075,1.029558251424608,60.255693290483464,4.663334193070936
28,64,8,347.4565856314499,3.0071481531296467,50.70757271630448,12.82973305972007,15.06708502060322,1.1491308890769631,66.12764907465879,5.150455456843762
29,64,7,347.6154163578073,3.123548047596599,53.3350871443609,13.146695391093937,16.433203198956242,1.2604088135033016,71.30788213547102,5.59107294638926
30,64,6,347.9167399300214,3.235324596170247,55.512672605469874,13.450740305553389,17.639753925807995,1.360729110244374,75.6932755899684,5.9751618671815745
31,64,5,348.3513430702018,3.339066348975842,57.22608663703683,13.725642513339627,18.698698942093483,1.4507885707526085,79.36769962157751,6.307393594273993
32,64,4,348.90025273945764,3.4338923829668015,58.52207492670176,13.967829806749121,19.63118459266344,1.5320199654602564,82.44814273403415,6.595423930725627
33,64,3,349.5428294228694,3.5198221706030375,59.46352035297808,14.178458867876838,20.457482202142717,1.605823302269304,85.04183056696804,6.846516805466714
34,64,2,350.25963467986963,3.5971574260881214,60.11284151320166,14.360292682180962,21.19467349922378,1.6733822086577732,87.2375282352325,7.066781717396062
35,64,1,351.03329471488905,3.666264587272643,60.52650605432049,14.516492808747094,21.85657820013152,1.7356518656192712,89.10638353011875,7.261165388167401
36,64,0,351.8486227341044,3.7275125345285316,60.75377337743376,14.650174255962375,22.454250400153096,1.7933918801120867,90.7049502314436,7.433632092506819
0,65,35,382.9317222379338,1.6441764255351217,47.25790930973578,12.237096464823434,24.26953252813949,1.9775607910500108,95.07359644684476,7.940445120824617
1,65,34,382.52054165368645,1.6872731315645448,47.1142013152013,12.104068830215109,23.883888836916007,1.9358545593029282,94.25848279355284,7.837309164637833
2,65,33,381.97855208440166,1.7385735761012078,47.06415486731851,11.977034885391598,23.46956068999364,1.8921457764574698,93.3378973500535,7.724664712515203
3,65,32,381.2851050118974,1.7987813145588776,47.12732117955527,11.858940870754942,23.024056777248177,1.8462885216762812,92.29796789409292,7.601561819429296
4,65,31,380.4184118718098,1.8685352537514355,47.325261509021686,11.753224650283231,22.54469672875664,1.7981258239455327,91.12331734898285,7.466971636732618
5,65,30,379.3566896491018,1.9483361160743593,47.68049658460238,11.663743147309747,22.028711882590848,1.7474980957554898,89.79734255072253,7.3198171687553755
6,65,29,378.0801255430317,2.0384362483088747,48.214378983988595,11.594587215381338,21.473429047428066,1.69425812142731,88.30281943187653,7.159031080984417
7,65,28,376.57395354068575,2.1386819981135314,48.9434136467967,11.54973746532054,20.876561327403415,1.6382944056865048,86.62294651702808,6.983648671729708
8,65,27,374.8328473680577,2.2483025849101734,49.87358361376998,11.532528163530905,20.236617651060293,1.5795636771284884,84.74289496496809,6.792940115681684
9,65,26,372.866505016836,2.3656538498675572,50.99248651548089,11.544936411069965,19.553400636249314,1.518130066941954,82.65176267740874,6.586572265644622
10,65,25,370.7055931996627,2.487954225325953,52.259656094920246,11.586820781489898,18.828460983153597,1.4542006875094788,80.34439925641796,6.364756778988447
11,65,24,368.40611606679704,2.6110935973872387,53.596345519152024,11.65540645130648,18.065201379263414,1.3881339000740767,77.82181299275842,6.128283548956532
12,65,23,366.0491062611678,2.729640481194816,54.877132804102516,11.745531880132921,17.268184913265017,1.3203857825655776,75.08827906237603,5.878293634144824
13,65,22,363.73218355805807,2.8371880833200747,55.9266952127887,11.85137651569117,16.441527471148234,1.2513842621286957,72.14471321272951,5.6157555950434315
14,65,21,361.55105535975656,2.927127843949285,56.52569399387568,11.970490847369287,15.587729385132793,1.181431256586857,68.98440489397063,5.341101875563769
15,65,20,359.5725234472766,2.9938104156286114,56.42948316433059,12.110767433512232,14.710858196810568,1.1109254264991544,65.60863069345034,5.055335735833517
16,65,19,357.80492754051767,3.033875457082603,55.40159098466442,12.299730984545246,13.828368591609157,1.0412232005821451,62.08198100569497,4.764059863915995
17,65,18,356.18023199813655,3.047229943557578,53.260134622020374,12.590046442043134,12.98400574906032,0.9755589435057704,58.59588102608548,4.481979264278945
18,65,17,354.5841025426889,3.0365097285565485,49.933372282696,13.040403175101757,12.220940086584687,0.9169649077036233,55.35829698272412,4.224332703352928
19,65,16,352.9701821186626,3.004155803751346,45.558660843522915,13.644390673328774,11.496473904225992,0.8618885256336724,52.21450082293965,3.9787248809217606
20,65,15,351.46525842211906,2.9508749264029874,40.786359992030626,14.235557474432982,10.750357371725263,0.8054715684311462,48.936561330425995,3.7274050731739656
21,65,14,350.3035270913072,2.880050920111822,37.13357758928075,14.482438214983608,10.280853176962745,0.7698693563088643,46.88985509734427,3.5713908291782275
22,65,13,349.6359287816774,2.798412623510038,35.69157654801134,14.177911687756705,10.474531451505548,0.7842550071544486,47.78264520881273,3.6384385682392177
23,65,12,349.40687848319953,2.715505609293802,35.66479352271773,13.527371803500655,11.02613452570631,0.8263512988463242,50.1748724903285,3.824408079802234
24,65,11,349.41423985317954,2.655277838532582,36.39315580835688,12.873079061602448,11.679373036832617,0.8774364437187596,52.868840095291034,4.042350545061595
25,65,10,349.43786749893945,2.6475241174563333,38.07978051595751,12.463329219327973,12.550131338801233,0.9465456780068008,56.35242010797546,4.329886507800767
26,65,9,349.38949049834554,2.699637090971993,40.75613034928607,12.365799000133945,13.701149666525911,1.0384797206814138,60.89929787339539,4.707171359074256
27,65,8,349.3276028897377,2.792759750522173,43.930807229710254,12.494131808271934,14.992251821832962,1.1425469524959673,65.9051984614836,5.127147348998422
28,65,7,349.3370315420142,2.9040539602921354,47.07020566290505,12.734977592977785,16.26630718478232,1.246682434292634,70.70508967260704,5.537593254942569
29,65,6,349.4636726825775,3.018836382958997,49.874386094022384,13.013529182126245,17.44470303674456,1.3447262727476132,74.9853518589237,5.91279546535014
30,65,5,349.7182936974752,3.129782129234307,52.23771423194907,13.291477067331321,18.50576811399308,1.434837000311456,78.680875008181,6.246141106627507
31,65,4,350.09319614593517,3.233707479852942,54.15692917612381,13.55167825207887,19.452922680403134,1.517100698893141,81.83168276020824,6.539362143878272
32,65,3,350.5731763523192,3.3294259707657723,55.67237368332917,13.78760804766098,20.297906250083937,1.592263281287412,84.50897428466168,6.796889885127879
33,65,2,351.14098773210895,3.4166499727121407,56.83878502628808,13.997786528914256,21.053900904155626,1.6612054050207437,86.78574218338194,7.023553254775273
34,65,1,351.77976880488035,3.495477860177206,57.71225394279192,14.183046688190679,21.733084250200395,1.7247517912607888,88.72700103031596,7.223770793113496
35,65,0,352.4740147412726,3.5661681503282248,58.34493890808551,14.345226962912143,22.345952532693026,1.7836153511497386,90.38764976973913,7.401337046459321
0,66,34,382.3324216186162,1.6624280812642316,47.363202610211786,12.12503099852054,24.247349472714284,1.9751931110787329,95.02850211024649,7.93453735015295
1,66,33,381.8580307743766,1.705696968642025,47.20854377403188,11.986765312221713,23.859540233700887,1.9333655005138473,94.20490337669149,7.830649104141475
2,66,32,381.2536839085041,1.7564640481451206,47.13645464670314,11.85363126224577,23.44235309735436,1.8894726337527172,93.2735188852928,7.717038024491087
3,66,31,380.5023277859074,1.815163464400619,47.16126772021745,11.72803316456236,22.993188108190047,1.843359137987723,92.22007986898244,7.592719593320841
4,66,30,379.5873917402086,1.8820850991246556,47.297010384400764,11.612591648075876,22.509254556575375,1.7948587826383307,91.02877590050505,7.456628715386223
5,66,29,378.49438181442133,1.9572841567020842,47.55554965408953,11.509977813455134,21.98764525006023,1.7438009856634087,89.68241665716675,7.3076412969430296
6,66,28,377.21324550775955,2.040457727577332,47.94360398882438,11.42263329466423,21.425450774302078,1.6900205873704601,88.162739619376,7.144608520341548
7,66,27,375.74161424346033,2.130785599977252,48.45832782339747,11.352356811561856,20.81990102465955,1.633369910252176,86.45081475343889,6.966399614641475
8,66,26,374.08882425630804,2.2267418148370934,49.08132593891274,11.299770041739894,20.16848731693892,1.573729514157009,84.52735352732518,6.771937667790207
9,66,25,372.28020449452146,2.3259007948834713,49.77129481110693,11.263742098070564,19.46895570834113,1.5110092741520567,82.37245766121352,6.560192230335604
10,66,24,370.3604935589178,2.424787361234091,50.45603653213129,11.24096108164276,18.718974448784564,1.4451247295164968,79.96395547273116,6.330063414729557
11,66,23,368.39455492743286,2.518847836894647,51.025285964776714,11.225992396837817,17.91523143319766,1.3759300242356234,77.27325576438359,6.08007690087757
12,66,22,366.46316541446026,2.60263650291865,51.3264952606373,11.21235172678824,17.051924281567633,1.303104275583466,74.2585373279982,5.807878781445024
13,66,21,364.65194575570854,2.670303715805793,51.166301832577986,11.195370521710354,16.11949106461461,1.226054942199268,70.85897289613835,5.509815054409626
14,66,20,363.0322467333431,2.71644412693139,50.32088936935048,11.178069848517154,15.106577977455967,1.1440632651042877,67.00324987255642,5.181598650025982
15,66,19,361.6325122527666,2.7373590573992232,48.5592231609471,11.182095916535175,14.012205090645958,1.0571915976642194,62.663815094412385,4.822397914725324
16,66,18,360.39728417797437,2.732805099212805,45.68439310804443,11.26607283283687,12.87873276342488,0.9687302384099087,58.006743147598826,4.4459313518406285
17,66,17,359.14824864988327,2.7077355028825854,41.592393683636544,11.543460575092807,11.83064648130511,0.8880097621818678,53.577472168509544,4.093756696998784
18,66,16,357.65565256587183,2.67064474667175,36.314648261581866,12.143200031495505,10.967268622496041,0.8222015323443593,49.84358954344672,3.8004478554162007
19,66,15,355.91661844834584,2.625914732330498,30.11109998937934,13.047153393476577,10.055984008879243,0.7534304845709079,45.81423884558416,3.4918352334204754
20,66,14,354.2435183799972,2.575493587284519,24.358030600763527,13.919250477675037,8.966214046505664,0.6716067386300534,40.950454586706414,3.1283699627914645
21,66,13,352.99478054600075,2.5332626398576616,22.706439354729085,14.101784780136695,9.062014919612794,0.6786109503869865,41.41648438270494,3.1644309566386277
22,66,12,352.24043080602974,2.5018339971228354,24.85164418249731,13.617704656922243,10.380326272034312,0.7779900639974486,47.27289376496483,3.6074156654907137
23,66,11,351.82085449359874,2.4800710573682494,27.741254560776156,13.008926591618716,11.644078956878241,0.8747968199484286,52.70862541193842,4.030109990400724
24,66,10,351.57010278155843,2.4835334145670567,30.749378015346522,12.536936021411362,12.748293535484004,0.9612883111387656,57.249718245977256,4.396177928142383
25,66,9,351.37197073921743,2.5252650726360044,34.03164857246452,12.299103578900485,13.854903030609284,1.0496484982900898,61.62513555342143,4.759103491123096
26,66,8,351.1984182288799,2.6032914402019056,37.562434254770736,12.285221636031602,15.018343151782224,1.143862547479051,66.09430172245631,5.1369601160887
27,66,7,351.0818134312746,2.704989486550191,41.09522636478633,12.42630760606741,16.192192886090204,1.2402354487961607,70.47817600256901,5.514492222314095
28,66,6,351.06093148116406,2.8171486860229358,44.38247069766321,12.650561137112932,17.316547964459442,1.3340331032020771,74.54193581258208,5.872170745361182
29,66,5,351.1562180103072,2.9306164609774674,47.28150378778713,12.907630750974493,18.35700255388465,1.4224573365391042,78.16250214995574,6.199078923197687
30,66,4,351.37025946127136,3.0401885063658414,49.74536139306531,13.168171723528936,19.302676649261564,1.504511412701073,81.31688514515562,6.492153594391645
31,66,3,351.69481277325536,3.1432453204764843,51.78488013976968,13.416893229370407,20.15570683273066,1.5802094620374822,84.03489077984537,6.752622579095818
32,66,2,352.11655035474695,3.2386226256775217,53.43884144636969,13.646688001870148,20.92373826550941,1.6500068611562146,86.36627075603627,6.983479863789265
33,66,1,352.6204874546998,3.3259198963006593,54.75639622434551,13.854933095039817,21.615991097342697,1.7144987631701607,88.36407449302368,7.188173209817669
34,66,0,353.19176874648264,3.405123815349177,55.78799793788838,14.041381537729462,22.24148799875629,1.7742819254116422,90.07757431558392,7.370020800279551
0,67,33,381.7406268737168,1.676847162053396,47.40192959734411,12.009827704774937,24.223998776553408,1.972829246617173,94.9769749112789,7.928132957903848
1,67,32,381.2156471433406,1.719235948719271,47.2179237238301,11.864690688913655,23.833330817958913,1.93081826753488,94.14265586274288,7.823278804001173
2,67,31,380.5656099708458,1.7682099197683452,47.10034591281797,11.723192000515667,23.41242774596358,1.8866663050011019,93.19759724908891,7.708433358966642
3,67,30,379.77786361577677,1.8239074208840838,47.05704955706061,11.587017956246111,22.95849916623859,1.8402023898860334,92.12678462753743,7.582549750312922
4,67,29,378.841793993125,1.8862498982175206,47.0932097201661,11.457782492720536,22.468494331660818,1.7912396665603874,90.91334335904946,7.444476243010153
5,67,28,377.75066757039,1.9548439277773224,47.20888453783421,11.336792774878564,21.939105765803372,1.739576586014761,89.53839593988224,7.29295394556373
6,67,27,376.50408000445515,2.0288585510738586,47.39553823126208,11.224715982028469,21.366750602389867,1.6849966333052817,87.98079709256444,7.126606369406441
7,67,26,375.11093956877085,2.1068826899443023,47.63142091342684,11.121153775448668,20.747478305636918,1.6272627070421364,86.21652396136201,6.943903659386238
8,67,25,373.5926714270861,2.1867779468730473,47.87590786394411,11.024170612247804,20.076707451333185,1.5660987912959417,84.2172946012475,6.7430689582897445
9,67,24,371.9859709112665,2.265557224992179,48.06323612120103,10.929886692747791,19.34863233191385,1.5011469033011786,81.94770631494269,6.521873681699248
10,67,23,370.34403587469706,2.3393365184010437,48.096510473029426,10.832337431236507,18.55508975953544,1.4318835614667476,79.35994095442943,6.2772516302325
11,67,22,368.73494366485306,2.4034197137983098,47.84330762735965,10.72392151117604,17.683722613845575,1.3574836730183213,76.385243028698,6.004677227475068
12,67,21,367.2358820336523,2.452578244745574,47.134607339561484,10.596939896091433,16.71560138012198,1.2766446261819888,72.92273365834363,5.697361569200289
13,67,20,365.9220961747608,2.4815855206347446,45.769181105043685,10.447116525093726,15.62344632410649,1.187457978296102,68.83037438982815,5.345648545758947
14,67,19,364.84826489710736,2.486106171258247,43.526568345129434,10.281111836541955,14.374445492138104,1.0876307078372836,63.93561107648195,4.937950763493568
15,67,18,364.01330667770685,2.4642561466047925,40.19561023307968,10.13349218476786,12.951609966822526,0.9760987155535898,58.12851083536047,4.4678983471225315
16,67,17,363.2805574394503,2.4197323307902145,35.63640736484143,10.106919985988618,11.439707647425402,0.8594445414727917,51.748865729660515,3.96309271369659
17,67,16,362.2519594347094,2.3664723018189378,29.879971457015728,10.43459863546831,10.19598105778522,0.7644669918811854,46.379892567210824,3.5424809886486526
18,67,15,360.5223803715691,2.321283268946564,23.03746836857094,11.360792092851181,9.39838639171718,0.7039980878190569,42.87370192070758,3.2685007711516745
19,67,14,358.3954241626595,2.2813477807629963,15.09353879611804,12.769542190191387,7.983539609835024,0.5980519346266248,36.509589353772476,2.793897582614683
20,67,13,356.48720462433096,2.2499864741058175,9.041448023266938,13.958928662275165,5.972823672322892,0.44836507529590863,27.417076858551788,2.1372910639058103
21,67,12,355.2490423035363,2.264417839403413,13.320079472004892,13.592488228345026,8.77831471210139,0.6581766528784242,40.05196717939131,3.0699803979542346
22,67,11,354.4156932280006,2.284162227333901,18.637319225039562,13.004786564355129,11.045620686427965,0.8299547489409228,50.02276497527778,3.8283062912646564
23,67,10,353.84047173388046,2.3115031285571503,23.265018410547853,12.534017344667992,12.616821179667937,0.9513931774185489,56.6655168146551,4.351392185626555
24,67,9,353.4205021041772,2.3584911306393788,27.49094105856831,12.241216655890483,13.885536110324296,1.0517823883700037,61.78116951006599,4.76920222956772
25,67,8,353.093316909386,2.4305491989811947,31.55353856757351,12.137678558315159,15.048213919898254,1.14574152965488,66.27055969543478,5.147400069514233
26,67,7,352.8453420611264,2.524226405414565,35.47523623795102,12.192394699991091,16.168475954528787,1.2378800070466072,70.44194593987207,5.507588228965529
27,67,6,352.68998272923113,2.631373557029093,39.15399425329382,12.354459731078492,17.2430433748741,1.3277491761420512,74.30819829268538,5.849160038926013
28,67,5,352.64270674991997,2.743900946468501,42.482413167176304,12.576187559704822,18.252894233308545,1.4137192994418148,77.8120124698644,6.1663123768521775
29,67,4,352.7100174615922,2.855886277177346,45.400438512919976,12.822886844608442,19.18520218500509,1.4946479752429132,80.9209310226831,6.4553115469878195
30,67,3,352.88905618828375,2.9636496149017733,47.896323526749924,13.072678439131552,20.03638036103004,1.57011436278296,83.63966347639348,6.715467839089498
31,67,2,353.1707195307177,3.0651461510824793,49.99070656163265,13.313052113363325,20.80914478470933,1.6401969225950148,85.99690787993687,6.948134483974881
32,67,1,353.54270753685375,3.1593626828915946,51.72134517417264,13.537528727615587,21.509374301135438,1.7052334782426108,88.03182471489421,7.15565462867304
33,67,0,353.99161472860845,3.2458924646144105,53.13276331735797,13.743272418626375,22.144059446182226,1.7656628571899988,89.7855285529871,7.340680683368991
0,68,32,381.16823989225867,1.6869346288852776,47.36616217217434,11.890936535557612,24.199361401115866,1.9704654535875508,94.91831651966777,7.92118269660628
1,68,31,380.60674789325594,1.7273887322474692,47.13356190317374,11.737157584902116,23.805124826464752,1.9282099456494457,94.0708252054741,7.815138477095445
2,68,30,379.9288229135069,1.7733400154490941,46.9465997744867,11.584931499800474,23.379590549797975,1.8837218422189244,93.10880176485938,7.698765738051278
3,68,29,379.12666609114245,1.8246233623410246,46.805851583965406,11.435105269366021,22.91966669319272,1.8368061979944639,92.016013003524,7.570917746397829
4,68,28,378.195839562478,1.8807982164162853,46.70703241360536,11.288180345545861,22.421857260052445,1.7872414597467559,90.77373527751195,7.430293902317984
5,68,27,377.1371429278234,1.9410527672264135,46.638248000020724,11.144038920266754,21.882158194369755,1.7347725292463012,89.36014667298194,7.2754012298594475
6,68,26,375.9588680944056,2.0040941833304187,46.576411714324806,11.001596166459258,21.29586012641309,1.6790969864225438,87.74928474302375,7.104483863953469
7,68,25,374.6792369534732,2.0680348910513513,46.48288461141908,10.858403100698192,20.657173740218717,1.6198381559893948,85.90919468915062,6.915392258834026
8,68,24,373.3286190572745,2.130293993872331,46.298606484933046,10.710260948100712,19.958543678323153,1.556494967199,83.79866180215845,6.705347002371468
9,68,23,371.9509010081468,2.187543036352896,45.939260851997346,10.550956918964818,19.18945811777897,1.4883542257265514,81.36163909676684,6.470532247149642
10,68,22,370.60323403026916,2.2357330171782284,45.29130956556892,10.372290947306208,18.33451114983883,1.4143473849230215,78.51821333144662,6.20543667443299
11,68,21,369.3534404482644,2.2702410299571274,44.20997960996928,10.164639754024767,17.370457891260394,1.332833135446761,75.1507886961118,5.901853678112096
12,68,20,368.2746066750262,2.2861714617708406,42.52046680444374,9.91845138045882,16.262028757265306,1.2412902239106922,71.08412969809845,5.547461531048245
13,68,19,367.4363246023604,2.278858211086421,40.02395556377542,9.627507325201764,14.956423279443126,1.135918526069177,66.05833859584575,5.123960482804762
14,68,18,366.8894829006146,2.2447191174521945,36.51172957991639,9.296476416998255,13.37803161872788,1.0112718402012506,59.70078369277087,4.605311011915129
15,68,17,366.62604825619894,2.1831492882851276,31.79973443834315,8.962952137717547,11.441659492678768,0.8613013432528369,51.57811526159307,3.96228042667026
16,68,16,366.40565750593646,2.102956797311066,25.84743644023183,8.785474431397802,9.263436020550415,0.6951693917069566,42.14102506632107,3.23301017182991
17,68,15,365.2373307674207,2.03974836695197,19.083668736452054,9.292986305219847,8.154126149465727,0.6108628697111941,37.274859911724015,2.8521918142600873
18,68,14,362.7752805049535,2.0136019886109624,11.66391637167051,10.74447291870021,7.959742542003579,0.5958312980557243,36.4296025237642,2.778225028954468
19,68,13,360.2476922158023,1.996079905456559,3.196308300159359,12.601899922335079,5.787056573824385,0.43408336038103457,26.578130987779236,2.063256905022314
20,68,12,358.3833531273684,2.0216239917077674,3.430955184705809,13.191716820621297,6.779114918207266,0.5089678888141316,31.001672235454727,2.401367017865542
21,68,11,357.1416393574973,2.07762237835967,10.274800347412011,12.742554784354246,10.140033043445555,0.7621271118271741,45.95203813731393,3.5226467679471227
22,68,10,356.2286486238063,2.131812065868863,16.171893846637843,12.364019467860249,12.230009930131283,0.9223876283197939,54.93655790520182,4.220372875171943
23,68,9,355.5495112584475,2.192636930020662,21.29933592381866,12.103313481724188,13.757023746818518,1.0421072567052856,61.21621143047343,4.725434178218553
24,68,8,355.0311597389418,2.2672676187808123,25.944057626465437,11.979595042706732,15.017249323714726,1.1432807475802311,66.15491078985124,5.13688732886305
25,68,7,354.6329273640583,2.3575345756372363,30.261140517349958,11.987951858888444,16.14752539680544,1.2360178537080033,70.39005997937409,5.5009728539486655
26,68,6,354.34265207928337,2.460342451152834,34.27429076830239,12.102339082244926,17.199625776343336,1.32403390636921,74.17712524124177,5.835545001670324
27,68,5,354.16212847969234,2.570356888975715,37.943371994961126,12.28838163751643,18.184322899831336,1.4079594086693057,77.58836818762947,6.14475939706605
28,68,4,354.09446348396534,2.6823942065963573,41.225095325736575,12.514614771158243,19.099346188421915,1.4874552334982445,80.63640664304873,6.428394922292639
29,68,3,354.13841643214613,2.792498021754808,44.09994202251134,12.757314458122792,19.942175645983596,1.562182794944602,83.33002333970778,6.686107299340567
30,68,2,354.2878129504272,2.898048102416035,46.57443583540018,13.000639675326115,20.713444072190384,1.6320618930803656,85.68878701540548,6.918551359096375
31,68,1,354.5329546157927,2.997481939572278,48.673856606777804,13.234936883652201,21.416578616489883,1.6972423352918635,87.74149267774315,7.12725577159832
32,68,0,354.862259786027,3.0899660839734953,50.43401584915708,13.454854527448264,22.056621183566293,1.7580124820556877,89.52125457460144,7.314230392488669
0,69,31,380.6257237650758,1.6923440690836227,47.25053936751213,11.768122896992285,24.1734690986879,1.9681136799923111,94.85213417193883,7.9136780476061865
1,69,30,380.0423968646124,1.7298574990533861,46.95040534022411,11.60395216078701,23.77496893221402,1.9255563234306388,93.98888012075292,7.806218262806509
2,69,29,379.3543742219366,1.7716510954149225,46.671324374496734,11.438758475471856,23.34388195772313,1.8806576781546285,93.0063365820129,7.688015899974962
3,69,28,378.5587690043371,1.817268574609713,46.406356818886465,11.272497581720499,22.876695957969872,1.833189888944691,91.88653809107697,7.557784159709293
4,69,27,377.6570268987424,1.8659388893475746,46.141927184631655,11.104547911200722,22.36928722202101,1.7828829080826876,90.60812542886946,7.414012091770373
5,69,26,376.6566448960597,1.9164911045854462,45.85505110596674,10.933426883600506,21.816688955315012,1.7294079099099555,89.14518006351251,7.254883070869135
6,69,25,375.5730327024237,1.967266253852102,45.50999831722605,10.75646082779809,21.212699948243742,1.6723488667483644,87.46532508526028,7.07813882648465
7,69,24,374.43126482528334,2.016038596443487,45.05457100595328,10.569441510299827,20.549227393622942,1.6111543602028087,85.52660834199098,6.880853143218806
8,69,23,373.26733809074426,2.059964896626966,44.416361319341135,10.366327935662135,19.815205691780076,1.5450578715260506,83.27243374198757,6.6590616407885665
9,69,22,372.1284656755458,2.0955850833298992,43.49955498070284,10.139078762498649,18.994862609668886,1.47294968879679,80.62345656352427,6.40716995553984
10,69,21,371.07198694201264,2.118898278870906,42.18302749371384,9.87772272738696,18.064990395844646,1.3931754369536717,77.46478247184002,6.117023801990429
11,69,20,370.1627156348734,2.1255333980969486,40.3205983806221,9.570792513691607,16.990619378652305,1.3032175838857076,73.62552040544145,5.776436616510662
12,69,19,369.4689498941323,2.111027369365175,37.74439025833961,9.2062888751655,15.717735106172357,1.199161359879435,68.8441115695501,5.366718754530216
13,69,18,369.0576762370237,2.071233369926037,34.27250319068925,8.773524352554238,14.159275545149741,1.074670534527958,62.70156348360931,4.857962579357481
14,69,17,368.98883992320395,2.002960485206891,29.723584260743152,8.267037831172045,12.162248940079346,0.918582526160459,54.46565727553532,4.198127121910609
15,69,16,369.29992804014046,1.9053904701094866,23.948925288603903,7.699058164221588,9.410112133659796,0.7077707835639735,42.63288012353695,3.2814873906091098
16,69,15,369.73604137946813,1.7904900025990833,17.037072196871023,7.237868097539053,5.440300202890877,0.40913887482292954,24.967773485767523,1.9648274407832156
17,69,14,367.186688634353,1.7653992852739888,10.89724228614061,8.401838828244834,6.929286307667893,0.5187924028534716,31.757654592064313,2.429622159684748
18,69,13,364.09779137844583,1.7779968767750494,4.938798361029313,10.166634156910751,7.552808995629171,0.5651096102334727,34.604025743532326,2.6369175158283027
19,69,12,361.6728303302471,1.8123390936560675,1.707929939774985,11.57494536786401,7.664622656012771,0.5743958646475931,35.04429849771237,2.6854084509285197
20,69,11,359.9443897608299,1.877583965191607,4.954245870261133,11.968155586332779,9.642425624800957,0.7246998648220466,43.727053733742444,3.3524911386669882
21,69,10,358.68730816890695,1.9518685812193746,10.49378242684908,11.917560738618375,11.814331260229961,0.8912189373709835,53.079825978119665,4.079185168276545
22,69,9,357.7389676766685,2.028069474254715,15.929339028770983,11.809498781246228,13.53312777284968,1.0253766088762308,60.21912308964854,4.649277119875266
23,69,8,357.01039730514583,2.1100941790086103,20.938889456985095,11.747629614863934,14.918347171450943,1.135915508929955,65.72126951596998,5.103126090068022
24,69,7,356.44567546996757,2.2013344971450186,25.558129030220357,11.764867896779357,16.102261501013597,1.2325973830205639,70.20685984755782,5.485632980812332
25,69,6,356.01439029375643,2.301969040806945,29.829611283520507,11.863030701584986,17.163294958122187,1.321159848292016,74.04936965433853,5.823647827413088
26,69,5,355.7037833719637,2.409507085324262,33.75396454491168,12.027006358890063,18.13791556544547,1.4041886989178909,77.43292241772258,6.129933966242104
27,69,4,355.50927331855246,2.5203394072716265,37.31059811696322,12.235580620281619,19.03946598259212,1.4825355641298759,80.4372510029028,6.409478549280222
28,69,3,355.4274651179802,2.6310009170824937,40.482558383820304,12.46862789418679,19.872083383487894,1.5563713126758345,83.09927491157386,6.664147137736773
29,69,2,355.4529429194008,2.738763990065219,43.26816019408223,12.710288511589965,20.63793026215627,1.6257338942443298,85.44475404050688,6.895095883518152
30,69,1,355.57772498694015,2.8417354319166686,45.681658614477115,12.94944509925327,21.339806871777363,1.690725722587125,87.49968337805876,7.103641105280286
31,69,0,355.7919040393333,2.9387263058863615,47.7490806585602,13.17898817166318,21.981551194511972,1.751542732183287,89.29214224395116,7.291392966259411
0,70,30,380.12153640674444,1.6929058264660557,47.05298387055983,11.641577163359255,24.146555041180918,1.9658057810371787,94.77851347035478,7.905667264195913
1,70,29,379.5307617006744,1.7265717959944284,46.667943091584874,11.465462977073463,23.7431744759806,1.922898607746376,93.89696615659513,7.796584577358414
2,70,28,378.84930132104364,1.763228013081629,46.27681440085057,11.285418809227467,23.305710010960425,1.8775263460189136,92.89042997912634,7.6762732563047855
3,70,27,378.07885901571126,1.8021584124651695,45.86550203902259,11.100535173253741,22.830132146464553,1.8294210651045135,91.73877135416119,7.5432732952707875
4,70,26,377.2260236562934,1.842314891872738,45.41207290033745,10.909156850084901,22.311557590486345,1.7782544214268496,90.41740067386445,7.3958184138856575
5,70,25,376.30368387361057,1.8822494330584303,44.884229905519945,10.708617408495455,21.743894557188245,1.723611796525098,88.89555909529548,7.231712872846467
6,70,24,375.3323761557129,1.920052905046223,44.236526155720824,10.494955124222436,21.119280900129667,1.664951064519708,87.13364895881172,7.0481376193096335
7,70,23,374.34131070630497,1.9533131834238637,43.407588098109,10.262645123400555,20.427201803489655,1.6015375900210422,85.07907778541326,6.841347174372737
8,70,22,373.3687568643295,1.9791085607660301,42.31777313209457,10.004397558729606,19.653121801306675,1.5323432908832126,82.65982771740403,6.606200787596031
9,70,21,372.46147684985965,1.9940534780346,40.867849131066805,9.711081634130585,18.776379330503477,1.4558913793988904,79.774527564223,6.335441578560271
10,70,20,371.6730105986416,1.9944113323722137,38.93943843065155,9.371836730279723,17.76690743386374,1.3700151019687299,76.2768922131539,6.018574352260849
11,70,19,371.06082281300695,1.976284923773163,36.398150124064415,8.97443061190857,16.579869093903252,1.2714642939261718,71.95010418990204,5.640032398103622
12,70,18,370.6824933404963,1.935896623788333,33.10070548195404,8.505963387663922,15.14595358938572,1.155195460992437,66.46035865631202,5.175875651329092
13,70,17,370.59078943211296,1.8700034660724465,28.908566491470438,7.954309822407719,13.350974935668248,1.0128802525703355,59.25952899441162,4.586910235340796
14,70,16,370.82386043501674,1.776682368615444,23.715374634662425,7.312696340000107,10.984447161090847,0.8291460511652614,49.34154546932381,3.8016273283048903
15,70,15,371.34089689089603,1.658449504378825,17.53034525376708,6.6127596326067035,7.611339352723595,0.5722860570795496,34.63396259158181,2.6757415083252174
16,70,14,370.5879963342255,1.5698206356168685,11.408009518042888,6.600693354059018,5.508917216155309,0.41310614950692015,25.307869143214813,1.962449667030837
17,70,13,367.4224103341886,1.5742147179826622,6.713616483147106,7.978302570043576,6.9439894557701,0.5196335499145316,31.82857760146577,2.42905438928028
18,70,12,364.75056686350456,1.6227948022617347,3.510065496178484,9.538887819941278,8.119571600308236,0.6080393047748582,37.12189579240043,2.8324552313584683
19,70,11,362.70001538191445,1.696748078546332,3.740697495311281,10.63137866490739,9.706831891322924,0.7292150472004548,44.04816210902817,3.3711303133804664
20,70,10,361.1418637659185,1.7816730557627234,7.23177330305478,11.120834996055995,11.585270899250677,0.8740423767126234,52.06319080249124,4.000678239001063
21,70,9,359.9432720741516,1.8695215631778281,11.979353711132404,11.305918598969265,13.323169829390189,1.0098119619789654,59.2774108315771,4.57761989385534
22,70,8,359.00802306473236,1.959579295752945,16.863722158720265,11.395674187194796,14.790247501117289,1.1265662046611042,65.14262845139358,5.059202009956321
23,70,7,358.2728778952024,2.0541360265790916,21.54210218167482,11.483356240698805,16.03478742235178,1.2277842995826043,69.90317954603644,5.462323100367782
24,70,6,357.6974089947721,2.1545989311650247,25.930839964021175,11.605860812650851,17.12362568424286,1.3183554579469021,73.88003060895106,5.809996281822956
25,70,5,357.2581451004877,2.2604428167368806,30.003720380392338,11.771405216352479,18.103145927363613,1.401635420629572,77.29949033920344,6.1183052110275975
26,70,4,356.942461314132,2.369683471279642,33.74033717838421,11.973655236556885,18.99885422271107,1.479411253825199,80.29312219955067,6.39628813535733
27,70,3,356.74275038768985,2.479770775443225,37.12343729776282,12.200625143765118,19.823141619971466,1.5524886917103324,82.93269299161774,6.648548949312779
28,70,2,356.6524188878707,2.5882860561116754,40.145244622081336,12.439945518664056,20.582192783688832,1.6212161133288632,85.26068029909722,6.877571036741447
29,70,1,356.66399358808604,2.693284776442189,42.81049520941298,12.681317245224534,21.280064726228147,1.6857938888849546,87.30813587799314,7.085080383771936
30,70,0,356.7687013220903,2.7933704729256585,45.13533650880085,12.917182854341075,21.920485597914237,1.7464103341558468,89.1025739173178,7.272646582283966
0,71,29,379.6617241206088,1.6886414859580472,46.77521864171018,11.511998315183364,24.119114320711095,1.9635984277313407,94.69823560704391,7.89727482066342
1,71,28,379.0767552765973,1.717698718960213,46.290702280734024,11.322768453055444,23.710411006235073,1.920310926573626,93.79625116002707,7.786410386145655
2,71,27,378.4164039879227,1.7484453376833282,45.77192190519632,11.126576448264181,23.26599244236768,1.8744257866487808,92.76287077904496,7.663782100006876
3,71,26,377.6863128105499,1.779953471719372,45.1985600664989,10.921754515668551,22.781270124135883,1.8256322012730257,91.57556891387298,7.527741652836816
4,71,25,376.8971241631384,1.8109687877754217,44.54194346790763,10.705802814192152,22.250569217557988,1.7735415542200414,90.20632478656881,7.376255267320136
5,71,24,376.06549071188726,1.839864426654056,43.763004052530604,10.47517093172861,21.666684683053248,1.7176549035559707,88.619496642581,7.206749999267583
6,71,23,375.214845313048,1.8646097344638743,42.81030301038339,10.225051329435257,21.020216796013624,1.6573141619896645,86.76866009782594,7.0158844106437765
7,71,22,374.3756896014104,1.8827657330261922,41.61846103326316,9.949223177851094,20.298588318740975,1.591629817665664,84.59193516671576,6.799209909835033
8,71,21,373.58512887845006,1.8915211035786696,40.10749185215511,9.639999142310007,19.484608954677533,1.5193754690732177,82.00513059793663,6.550676128872942
9,71,20,372.88537761511,1.8877832028776327,38.18372429615428,9.28834719248068,18.554392476797805,1.438835260618113,78.89170967893124,6.261912477558437
10,71,19,372.32092503098215,1.8683402972163075,35.74328199665982,8.88430752699203,17.474321069887587,1.3475826043350565,75.08799080364696,5.9211793263229975
11,71,18,371.93372734286413,1.830122416674508,32.67968910854523,8.417994658894065,16.196584242104926,1.242157190892522,70.36107769054622,5.511824411930672
12,71,17,371.7542193660918,1.7706404580058979,28.89883672372035,7.882155275774833,14.652959476740927,1.1176200413379114,64.37732517420619,5.010126853547474
13,71,16,371.7788026149009,1.6889129782466967,24.350263438395615,7.280329733127141,12.750507658358233,0.9672707433153748,56.67662329293329,4.383767377118459
14,71,15,371.887855590728,1.5883424095236847,19.108365519911416,6.660966679541968,10.412025367234087,0.7857445782624338,46.84456916106183,3.605369069047699
15,71,14,371.5063376928923,1.4877962709111285,13.632633629131789,6.2672146639881845,7.947773459810099,0.5968720857004919,36.188240421402895,2.7775324839664086
16,71,13,369.6051634358049,1.425325038836879,8.917246725644617,6.552641452879563,5.768445975451099,0.4324496964614293,26.48400193168156,2.048153018116444
17,71,12,367.1992282600685,1.4500143534979846,5.763399771811834,7.717532282853838,6.468875107765327,0.4851618551601925,29.638123785935658,2.2888919450932
18,71,11,365.1784373221157,1.5369090274559967,4.846739549396602,9.133543721125072,9.408622354109653,0.7070216106746268,42.705641026264104,3.2721482797752066
19,71,10,363.47610188969236,1.628891672236425,6.412981327760434,10.070254386543978,11.45403962236776,0.8644571140414524,51.46700020620508,3.956035213978627
20,71,9,362.09432862231716,1.7231846154102977,9.810336232674544,10.60217966787541,13.187194130677835,1.0000547901285937,58.64765957217475,4.5308842737674135
21,71,8,360.98317362833717,1.8188210438938341,14.020217985482702,10.90938288279731,14.683357224823633,1.119102822829344,64.63652117480713,5.022085865164647
22,71,7,360.09079243023325,1.9165971697367374,18.41317395550982,11.121442614907659,15.968197901090319,1.2233689581073597,69.57788815189157,5.438787897365849
23,71,6,359.37686201189956,2.0177188475708197,22.708117432686876,11.30861120368481,17.08546307455781,1.3160248775539465,73.68871106241173,5.7961974464623385
24,71,5,358.81338881358363,2.1225148615865392,26.787089079870256,11.50325032971261,18.07717880664271,1.400120907431369,77.17430582901753,6.108896275965605
25,71,4,358.3823135127532,2.2301564427796103,30.593537724883078,11.71584705231688,18.973394672504494,1.4778066398542269,80.18453275392524,6.387407407458889
26,71,3,358.0719463085282,2.3390217607005375,34.09487483660514,11.945288831584323,19.792504313921796,1.5503556654204638,82.81602935809157,6.638311367396286
27,71,2,357.87362129284855,2.4472182771122757,37.27285560485349,12.185443284119026,20.545080097064663,1.6184574613351903,85.12937959939103,6.865533837197232
28,71,1,357.77942237897975,2.5529800478086266,40.121917679593835,12.429038388425584,21.23751629019879,1.6824946396374099,87.16514790641294,7.071564841123015
29,71,0,357.7810754062089,2.6548702140809257,42.647982051210434,12.669598045214295,21.874386677664177,1.742722166858249,88.95419392873015,7.2582465666874985
0,72,28,379.24970856369885,1.6797672754609625,46.423021092022054,11.380641127620047,24.09196428371842,1.961577891158488,94.61300353933258,7.888721067312643
1,72,27,378.68194505594323,1.7036384575229149,45.82836434869236,11.177671342464375,23.67779361280152,1.917907208980192,93.68925946411669,7.776003779456045
2,72,26,378.0543702575988,1.7279504919585649,45.17190437322385,10.964820654236696,23.226278567715443,1.8715089070300912,92.62748305417357,7.650981635368814
3,72,25,377.37565909233797,1.7516246908137791,44.42853837237443,10.739848535972657,22.732315636084156,1.8220332440209686,91.40286989498848,7.51183106623662
4,72,24,376.6591813112149,1.773283583347427,43.56502325557071,10.499694339035587,22.189547139438982,1.7690403441878146,89.98433145543906,7.356285008624304
5,72,23,375.92354422622077,1.7912297249807314,42.53862809954775,10.240337802563932,21.589892027968318,1.7119659356036805,88.3322215603538,7.1814698757665685
6,72,22,375.1927451790056,1.803446322666117,41.29618194095225,9.956711775989879,20.92289085983897,1.6500735221832994,86.39515624953337,6.9836780858711345
7,72,21,374.49569145480774,1.8076314497464754,39.77394003417061,9.64272107474991,20.174816197054657,1.5823895902193887,84.10565735632731,6.758058649008579
8,72,20,373.86478640722174,1.8012800904018182,37.8988775370987,9.291453813843347,19.327511707916027,1.5076195577815763,81.37437003098654,6.498211721982254
9,72,19,373.3331497259243,1.7818329216642073,35.59230959759704,8.895744339567461,18.35697853178619,1.4240466561343308,78.0827998395101,6.195690746928414
10,72,18,372.92962848311896,1.7469244078831947,32.77729621201074,8.449443025874725,17.231936535496022,1.3294321387475814,74.07537652714721,5.839485230527159
11,72,17,372.66943584298195,1.694805701304714,29.392581431123645,7.950328600427275,15.91338729833068,1.2209958738916569,69.15514652509353,5.415826616293024
12,72,16,372.53414551981035,1.6251499449365174,25.419128872930713,7.407388278282912,14.359234127726012,1.095783987740141,63.10100410680493,4.909688439735153
13,72,15,372.42322381574684,1.5408184574092716,20.933674141445678,6.860324532718554,12.547672799258326,0.9524526634348579,55.76856051722029,4.312670295811278
14,72,14,372.0481016429022,1.4515825234897983,16.213128900873826,6.424568539926053,10.532555752049982,0.7954595268495027,47.33809987767782,3.6422698299698735
15,72,13,370.91475372751705,1.37609989016436,11.819856155887976,6.30206376336459,8.25506478106339,0.6211292797557718,37.47322350939931,2.8833266481990805
16,72,12,369.00753394475515,1.341602667899628,8.441985121294024,6.670174702971103,5.651674330457601,0.42611846899362466,25.827218006815688,2.035954145934048
17,72,11,367.2243971905443,1.409913958292735,6.921869344577388,7.897562198661388,8.80122080137954,0.6628372574640626,39.87916103187581,3.0742405414934755
18,72,10,365.56719429645915,1.5003083790192449,7.254520839902483,9.012454170795728,11.292008728954968,0.8533623555834036,50.664794763499174,3.9022489315537996
19,72,9,364.11131020814,1.5949610554788767,9.302787577708358,9.799456768641164,13.119827133723193,0.9960311192946241,58.27550939427231,4.507206006140009
20,72,8,362.8831693724106,1.6919353168922666,12.52054171025182,10.322228721992822,14.632432981100713,1.1163338964000338,64.3397252827517,5.003319964029311
21,72,7,361.8653713148209,1.79082696728167,16.312328451392418,10.683736396528712,15.932123046095642,1.2217032114460153,69.35173903255922,5.424848638421884
22,72,6,361.03047908508694,1.8919823517162353,20.27726115677045,10.963980123947032,17.064694803820288,1.3154463470933526,73.5392686041375,5.787481714236214
23,72,5,360.3536207950654,1.9956848670003349,24.19360448779122,11.211714744952651,18.065724365338404,1.4001355836073424,77.07852006705602,6.103542984396133
24,72,4,359.8156704257673,2.1016184194221066,27.943563541429356,11.452051984837828,18.963776210470943,1.4778227214044874,80.11162264209881,6.382999643540362
25,72,3,359.4027608859047,2.208815641879101,31.46181087701207,11.694968999559693,19.779345996877566,1.5499534097051941,82.74319842304344,6.633093906335228
26,72,2,359.1045203474125,2.315902468789123,34.710965670386656,11.941855438885982,20.52591639133465,1.617447235779394,85.04550892941624,6.858693655518462
27,72,1,358.91228450228544,2.4214031029632945,37.67165915348663,12.189997779140109,21.212132769689486,1.6808638540171117,87.0681677989429,7.063019025547571
28,72,0,358.8178552862093,2.523969029966183,40.33817331469733,12.435336998377398,21.84383260054689,1.740557864387088,88.84705580788676,7.2483196946261605
0,73,27,378.8862791886549,1.6666859168010526,46.00617878155133,11.249319005274332,24.066291390434042,1.9598636246995098,94.5256292044034,7.880337832081489
1,73,26,378.34472554972115,1.6850054787023736,45.29547920757322,11.032672296514022,23.64694289900456,1.9158457421327335,93.58011695007245,7.765828046852159
2,73,25,377.7582198005307,1.7026298318507056,44.49775425965586,10.8035920328144,23.188818520478037,1.8689887975435466,92.4904174090828,7.638529346556971
3,73,24,377.13739837829604,1.7183992393240852,43.58493807275519,10.559520884808913,22.68644992794896,1.8189163937106936,91.22998356149662,7.496490935666815
4,73,23,376.49691369351234,1.7309030913851404,42.521765637574546,10.297203935572092,22.133067286832503,1.7651590596059807,89.76567981389962,7.337300287342732
5,73,22,375.85547388961237,1.7384855951221465,41.265272989698985,10.012664230600839,21.520192504455384,1.7071249790499825,88.05573202159586,7.157940115697321
6,73,21,375.2353528063352,1.7392799656942395,39.76502581547801,9.701286903239767,20.837137737897756,1.6440641619977459,86.0471488149135,6.954611123833575
7,73,20,374.66109666743233,1.7312840527182733,37.964586271486894,9.358098300088578,20.07044611322861,1.5750291690091414,83.6727196145622,6.722531870732245
8,73,19,374.15702806918654,1.7124952954659842,35.80496501043163,8.978394689762656,19.203403557570066,1.4988426023458215,80.84807749587061,6.455757743179892
9,73,18,373.7428525585907,1.6811339412659652,33.23121057861859,8.559027399179056,18.215975590146318,1.4140987400747955,77.47028976259121,6.147136930216327
10,73,17,373.42595282183044,1.6360101138470107,30.20405620850194,8.101006271671405,17.086077400691906,1.319268629729999,73.4219075579489,5.7887104457210325
11,73,16,373.1873626776155,1.5771513056754127,26.720016262825126,7.6148775556939885,15.794350809022898,1.2130731461471147,68.59015905868208,5.373301006521245
12,73,15,372.95609938099483,1.5069152801522798,22.84554555532965,7.131678248112479,14.336402673044985,1.0954223255083182,62.91937724158058,4.898684027364262
13,73,14,372.5713200383894,1.4318086787887623,18.7696075685689,6.721506673586305,12.741360815276366,0.9688404140003956,56.49292401054046,4.3741975880805875
14,73,13,371.7845997340698,1.3642915606255177,14.852199355002256,6.505074004499395,11.063551884027046,0.8379126153042266,49.49702864215663,3.8192236850171155
15,73,12,370.46544915173956,1.3238276955175072,11.597521961009065,6.630173213122319,9.525020649415868,0.7200409454443285,42.86405879632671,3.3118976307105266
16,73,11,368.89292452988997,1.3394546756321133,9.566752043685852,7.261020583330353,9.663991007470157,0.7308494241884319,43.462077949374105,3.3619069780026125
17,73,10,367.3571295031939,1.4054275311799054,9.062388740937905,8.197664278953715,11.438470038235865,0.8669145208593227,51.10763389208447,3.9505021756697736
18,73,9,365.9272293849978,1.490505673255151,10.039716137927456,9.051611234386815,13.186132708225163,1.003116053157493,58.40492167798066,4.527411753803241
19,73,8,364.6547490697462,1.5830277330103995,12.241186619707847,9.712292092634135,14.672989924481666,1.1212466500041989,64.3804712427558,5.014291605711482
20,73,7,363.5579286204367,1.6795150881459402,15.256671372336882,10.204306273549072,15.956843950751482,1.2252696819541153,69.34028872073411,5.430332671273723
21,73,6,362.63090956101627,1.7788139330450528,18.698101864757035,10.583135173439572,17.08274402055975,1.3183682092460896,73.51459309753541,5.790809528758858
22,73,5,361.85910921322164,1.880517172369638,22.287420243187455,10.896981502329453,18.081030643009232,1.402696455854997,77.05852617218261,6.106192893431447
23,73,4,361.22723598520963,1.9842306884468686,25.849547577397246,11.178114771882333,18.975744004031554,1.479962755171404,80.09452755780345,6.384872164367428
24,73,3,360.7221489479265,2.0892521796950163,29.278567793302926,11.444718442360346,19.785888439786774,1.551505679256333,82.72018588770882,6.633546561177256
25,73,2,360.33314434123923,2.1945571212467656,32.51060833348197,11.705078003064155,20.52549393907799,1.618293096914526,85.00947588707845,6.857234462363479
26,73,1,360.0512310023904,2.298944676010267,35.508090512753256,11.961456552829336,21.204392102185537,1.6809801945423193,87.01656022815794,7.05952839138502
27,73,0,359.868261435031,2.401212221703056,38.25141923598463,12.2129857413329,21.829429668202728,1.7400019990488815,88.7812463412346,7.242998179369577
0,74,26,378.56978278651013,1.6499673850214407,45.53813946941722,11.120357846613828,24.043670198969753,1.9586094790259758,94.44012943282932,7.872575348489364
1,74,25,378.0607253971673,1.662596676994943,44.71079231724933,10.890878735184685,23.619996584174718,1.9143297137939597,93.47462921879564,7.756506479161562
2,74,24,377.5200099247113,1.6735600926902414,43.775058567870616,10.647024496393021,23.156550462902334,1.8671372504697308,92.36014832314923,7.627298196217671
3,74,23,376.959097755492,1.6816907250615403,42.70196624864842,10.38623125978765,22.647758688311555,1.8166499335875097,91.06937581275967,7.48295682628242
4,74,22,376.3924850318243,1.6856360141466769,41.45693967067278,10.105475081468613,22.086863904657516,1.7624023959971873,89.5687811102993,7.321063389130937
5,74,21,375.8372349780844,1.6838912992082986,40.00023891591239,9.801397647067123,21.465677105891025,1.7038292047362285,87.8172037070065,7.138683168373327
6,74,20,375.3118554533964,1.6748684309392075,38.28843513709212,9.470611558991687,20.774375482029043,1.6402521677461805,85.7645136385225,6.932288083144913
7,74,19,374.83421211465674,1.6570144056983214,36.2774984556889,9.110312710675387,20.001486753284148,1.5708828003191708,83.35091468353207,6.697738758005703
8,74,18,374.41800412238234,1.6290023636570519,33.92833088647956,8.719425670776143,19.13436331924306,1.4948633050875513,80.50817321789924,6.430428362282153
9,74,17,374.06702672328976,1.590031626944548,31.215970876553016,8.300694176997993,18.16076232354273,1.411393123560561,77.16545803372637,6.125798056766354
10,74,16,373.7660156853949,1.5402987214990116,28.144243394286747,7.8644386824153685,17.072667660642036,1.3200274047437188,73.264863314782,5.780616951659812
11,74,15,373.46697286317067,1.481729883620897,24.767963714861935,7.434978649270395,15.873936257469516,1.221267683368919,68.79387831622181,5.395592578821789
12,74,14,373.0740249067393,1.4190285843925374,21.22287417006116,7.059827442617232,14.592244800072821,1.1174835265194607,63.83746271578123,4.979555001600152
13,74,13,372.4478503449019,1.3607995097849344,17.753494014436185,6.816599710617766,13.294925829577638,1.0141392683202703,58.64848558695858,4.555162803662526
14,74,12,371.47906167820645,1.3201073641683658,14.710722989394526,6.805560017114267,12.153657915473813,0.9246759483038913,53.938421928489,4.180719946325938
15,74,11,370.2190859472493,1.3132719626822356,12.49518894482054,7.120673064927582,11.669270972772237,0.8872117911781542,51.89456806203308,4.023278873103946
16,74,10,368.8527715774643,1.3484574273633054,11.426474244107169,7.746976838567559,12.307498232076895,0.9367862344101103,54.58152229589774,4.235519614467605
17,74,9,367.51038209929237,1.4139802821275036,11.603257416229226,8.489005868706066,13.562096848353827,1.0350316739498384,59.77069387555126,4.648547390552453
18,74,8,366.25782464571745,1.4953979036299878,12.922456903128491,9.17197830858779,14.872912546186717,1.1393207310600189,65.02454057151695,5.07674454885608
19,74,7,365.1328691956547,1.5851529784060725,15.139128016760381,9.737353905077788,16.07910087197649,1.2370975859838318,69.68162204687066,5.4669635044134495
20,74,6,364.1498944952775,1.6798615932870633,17.951494985437492,10.193802387613465,17.16425326943226,1.3268294687754894,73.70694454297707,5.814062600509242
21,74,5,363.3081493271297,1.777929899387801,21.088081083662814,10.5709365235408,18.139303698943678,1.4091535424918247,77.17458384535891,6.122021017245182
22,74,4,362.60005418921793,1.8784292848785098,24.345051690798627,10.897397832728853,19.018974589296928,1.4850500987717294,80.16817788448886,6.396085442820058
23,74,3,362.0161551967825,1.9805491252458332,27.58307541558237,11.1939524920514,19.817382565987344,1.555480236169569,82.7646358023427,6.641292847599222
24,74,2,361.54727977844675,2.0833771548829976,30.710896082448727,11.473215898870178,20.546520861956175,1.6212571418996975,85.02908311315903,6.861956293634545
25,74,1,361.185074520578,2.185882142185662,33.67032696119534,11.741554822829888,21.215780674356516,1.6830046103623053,87.0135454451475,7.061501015992599
26,74,0,360.9218271554734,2.286992774411224,36.42602852642284,12.001273716683835,21.832201045233614,1.7411744689741386,88.75840251194666,7.242545518444856
0,75,25,378.29648414157435,1.6303198522609432,45.03537700994845,10.99650023608653,24.026041832099622,1.9580015234680959,94.3616844012156,7.865996446216304
1,75,24,377.8234021774666,1.6373486682967817,44.096234699427214,10.75585031400039,23.599556428892132,1.913602417050456,93.38013245729204,7.748806631969125
2,75,23,377.32973257979364,1.6419484049430966,43.032477876229095,10.49970695814347,23.132986576355652,1.8662750154440426,92.24710561366332,7.618341420935297
3,75,22,376.82666328179664,1.6430179138764518,41.8163422354431,10.225838450275383,22.621006145996258,1.815659518943112,90.93588281169097,7.472679153520601
4,75,21,376.3272335845911,1.6393487353014664,40.41657159291485,9.93189547810491,22.057405793235585,1.761337058549437,89.41465283239462,7.309570571290362
5,75,20,375.8454015561886,1.629685851234182,38.79979847095386,9.615709670571084,21.435087551199803,1.7028316026810342,87.64610606946485,7.126429113645483
6,75,19,375.3943797444517,1.6128289918990615,36.933192176801256,9.275842132174276,20.74626515281443,1.639628282308126,85.58779732776405,6.920388426173908
7,75,18,374.9839466020894,1.587790482603487,34.78894731569973,8.91253488370321,19.983094634307363,1.5712254294512265,83.19423571677041,6.688502978248765
8,75,17,374.61635094843706,1.5540324624033715,32.35136454551318,8.529305909180378,19.139130866292145,1.497250625734286,80.4224286565182,6.428226998574933
9,75,16,374.2804148547649,1.5118152025650655,29.627423084653657,8.135531607733045,18.212242299544265,1.417689003527637,77.24370281089685,6.1383909359322075
10,75,15,373.9439447365993,1.4626913067868252,26.6615701526449,7.750349365263325,17.209810016076794,1.3332867998414164,73.66558890328349,5.820968971846242
11,75,14,373.54695016752703,1.4101466462594319,23.554033877691964,7.40761748197048,16.15697153374368,1.246188365995572,69.76742593733373,5.483920297059355
12,75,13,373.004833432973,1.3602513001936987,20.47746946532186,7.159567214492506,15.10952036298297,1.160926944274215,65.75729448077651,5.145650570524303
13,75,12,372.2388878749284,1.3219095407382944,17.6789355102824,7.0733783806894674,14.181985696803425,1.0865440128824881,62.09812312580284,4.84445354358294
14,75,11,371.2354331896563,1.3058466180830677,15.450904332685113,7.213422955077176,13.602593569258355,1.0406495456385352,59.75887870743241,4.656378463171802
15,75,10,370.07241517127653,1.320333509159334,14.06309954051018,7.599528683636885,13.652565616531275,1.0446428458174575,59.961851954661306,4.6742407077913715
16,75,9,368.85825135834125,1.364588840674343,13.673606552004017,8.15976901115592,14.322848988219745,1.097736286926088,62.6737771866651,4.894207277691841
17,75,8,367.67238282704886,1.4302893234363414,14.28765318215197,8.769285384918703,15.301955407594688,1.1761203756174903,66.55029183403103,5.212887455898835
18,75,7,366.56451692302744,1.5092906298421616,15.780621619527167,9.337802944503999,16.340424920686424,1.2605786042236686,70.53442271786639,5.5478926951448395
19,75,6,365.56297058892545,1.5964458130014734,17.94765532627993,9.832025755671486,17.33567705520562,1.3430266423224189,74.2143490650592,5.86559769561838
20,75,5,364.67985470486724,1.688842579567674,20.56379293523402,10.254260140464734,18.25847520984719,1.4210100772604002,77.49215587093482,6.156688037767558
21,75,4,363.91689526843794,1.7847617738860149,23.429884836439612,10.6202837860604,19.105370962680755,1.4940954097894315,80.37525566037566,6.4203815950529455
22,75,3,363.2704261752478,1.883011527628926,26.39103053583922,10.94696076133998,19.881295825669365,1.5625265416059342,82.9023786177652,6.658654596358158
23,75,2,362.7345539363705,1.9825689586862505,29.3354444282173,11.24739960260701,20.59345972253865,1.6267439785743218,85.11875185150014,6.874217250998035
24,75,1,362.302734737685,2.0824312556491433,32.18599847513508,11.530093922188165,21.24894509718072,1.6871923866972593,87.06673930723778,7.069714569989679
25,75,0,361.96835302900337,2.181594495623115,34.891510311885924,11.799691414267702,21.853819627379792,1.7442486211605595,88.78260728754583,7.247431268258648
0,76,24,378.06105769240503,1.6085527842808416,44.51652118281733,10.880763906185761,24.015644087013715,1.9582518290993176,94.29643000926666,7.861255479055864
1,76,23,377.6247638738432,1.6102871188864682,43.47565742566154,10.631388708352587,23.588563378343263,1.9139365209464978,93.30509104583703,7.74360175001097
2,76,22,377.176316303363,1.6090648326652386,42.299971544996836,10.366378145415462,23.121995356348247,1.8667535420492545,92.16293200635798,7.612824106549744
3,76,21,376.7256733991789,1.603917139964072,40.964885750326516,10.08416375199775,22.611264713174403,1.8163976529796717,90.84539473092414,7.467205300312898
4,76,20,376.2833898675981,1.593853652235051,39.44475650371167,9.783476695103742,22.05128163898532,1.7625417314630363,89.32466403371431,7.304854467036275
5,76,19,375.85932764123885,1.577947014072858,37.715085173292636,9.4638145391403,21.436822058204953,1.7048607775580051,87.57046282526424,7.123793351705973
6,76,18,375.4606571475869,1.5554604940835208,35.75608890288716,9.126200727885667,20.76315156638786,1.6430828626397433,85.55223421636664,6.922157082322627
7,76,17,375.08897648784307,1.5260322157621755,33.5580836239634,8.774371836711527,20.02724399223993,1.577086276253898,83.24380656422957,6.698595303856141
8,76,16,374.73647639476445,1.48993152032845,31.129124296282185,8.416548728905683,19.22996050705013,1.5070708351569007,80.6321770657309,6.4530003434181715
9,76,15,374.3815096549553,1.448398307513452,28.505085436171697,8.067874077204989,18.379649650820923,1.4338383924243383,77.73253121779871,6.187724304366981
10,76,14,373.9851946805299,1.404049922987137,25.76142822617578,7.753225947769478,17.49766217813408,1.3592196936241467,74.61187002558408,5.909460233466235
11,76,13,373.4933518491139,1.3612641173906148,23.023638286032764,7.509121925842374,16.626538760260715,1.2867025068373423,71.42495816202108,5.632038390923314
12,76,12,372.85071968727055,1.3262963620964787,20.46968169843214,7.381812798623544,15.842894086089224,1.2224031307881953,68.47233431089796,5.380757973605009
13,76,11,372.02937919434,1.3066695275476907,18.315367517489904,7.417527896301822,15.273641226956888,1.1762500793698094,66.27628483425407,5.197673708370953
14,76,10,371.0527395415966,1.3091621817513954,16.77683752291003,7.641801914154115,15.079082150418543,1.160600017609939,65.51584991395818,5.1357090480979615
15,76,9,369.98510725385853,1.336516543464012,16.01661798685531,8.03402908181437,15.340023082924304,1.181600285981461,66.54018155247014,5.221203076425348
16,76,8,368.89615068545714,1.3859663758660603,16.099874400222774,8.526595322373174,15.961165298625673,1.2318811225433564,68.94651051065345,5.422354517220689
17,76,7,367.83995889595303,1.4518923237914851,16.986679635430008,9.04261506623505,16.76497975087258,1.2977262255677768,71.98704622671261,5.680535056010161
18,76,6,366.85301805794415,1.5290826972675573,18.555224268876643,9.53077323407721,17.61865103004202,1.3687707504715634,75.11555721768636,5.952134492294337
19,76,5,365.95694354217386,1.6138252410546272,20.63989107907682,9.970580083778847,18.45504753909042,1.439660853746834,78.07036262203208,6.215331252489393
20,76,4,365.1620564214632,1.7036662931069255,23.069478549449883,10.36160407322388,19.246962673429667,1.5081259585708795,80.7582069807223,6.461502570325248
21,76,3,364.47119962101345,1.7969257636158975,25.69293045946101,10.712079931739268,19.985997139919807,1.5733705068289114,83.16227412600816,6.688220972373319
22,76,2,363.8828899280098,1.892323616026844,28.38962307592473,11.031799652652316,20.671866293091295,1.6352480514169518,85.29688938770134,6.8957155652172215
23,76,1,363.39340977539007,1.9887602010812229,31.069211672319355,11.328884493735599,21.307467933320552,1.6938750405081684,87.18725365489291,7.085241812430566
24,76,0,362.997966717623,2.0852186472296697,33.66707169913417,11.608906189258686,21.896611093889867,1.7494510227514233,88.86039989818744,7.258331423548847
0,77,23,377.85715958798346,1.585534732426578,44.00132240614843,10.776263732001839,24.014892726534853,1.9595881591507234,94.25108267431139,7.859061836629634
1,77,22,377.4561452860001,1.5824716292383667,42.87341848628357,10.521287179186999,23.5901063542132,1.9156178087461182,93.25846293332536,7.741811103808485
2,77,21,377.0486344483539,1.5761721829365407,41.60692703667151,10.251580041375817,23.127498437100726,1.8689296020127797,92.11943780463291,7.611927456952336
3,77,20,376.6426361429924,1.5658548676935906,40.182114670996356,9.966517820953772,22.623444086939205,1.8193047286723907,90.81318279352578,7.468029486931572
4,77,19,376.2455801427406,1.5508023329175007,38.580672124770985,9.666216374423062,22.07448805898945,1.7665486513843307,89.31794634090704,7.308755259629802
5,77,18,375.86284867946387,1.5304631817025505,36.78852610866787,9.35212471664753,21.47789912371255,1.7105362844411953,87.61301944156939,7.1329412028254024
6,77,17,375.4957526778611,1.5045938421732847,34.79991722980259,9.02789909736019,20.83264525063153,1.6512899425454017,85.68245709966354,6.939942590741555
7,77,16,375.13899171149563,1.4734475171109782,32.622956719758506,8.700623430917943,20.141003377070973,1.5891063787351798,83.5215119129277,6.7301694809916475
8,77,15,374.7779343009797,1.4380110993755757,30.286642400772507,8.382368149981222,19.41105541891203,1.5247519393963966,81.1469519998208,6.505926074939346
9,77,14,374.3867275908934,1.4002720992858446,27.848710573571537,8.09184960809601,18.66031510501275,1.4597438072314606,78.61248183808108,6.272639275321437
10,77,13,373.9293956107524,1.3634537282593873,25.402478651663245,7.855443687024323,17.920692462344597,1.3967308412791986,76.0304518525096,6.040543894886153
11,77,12,373.36703820116884,1.3320773830289543,23.079018116383068,7.70603057364745,17.24482680053678,1.339969974589437,73.60053087694891,5.8268153266380445
12,77,11,372.6724251880369,1.3116101012327528,21.039589773884117,7.677569209803632,16.71163362164179,1.295721542051948,71.63687036559615,5.657392149741757
13,77,10,371.8458511502653,1.3074083185121275,19.454457196844928,7.793990470248154,16.41910479222124,1.2716448291602944,70.54232068479911,5.564507462399736
14,77,9,370.9187797509317,1.3229696018818906,18.46987829149876,8.054866088421567,16.442951800779156,1.2735892785347254,70.63481481966022,5.572951131643745
15,77,8,369.9400782982014,1.3584948514657054,18.17450043693198,8.428436403335665,16.778423644691802,1.3011472765141132,71.89756837203879,5.680953725948393
16,77,7,368.9581470555207,1.4112244783727887,18.581271266492777,8.863311797827576,17.339309380858992,1.3476019241000472,73.97352747115632,5.860041686443435
17,77,6,368.0116385596883,1.4772170458167557,19.63164922348372,9.310975881185549,18.019301091644593,1.4046396446369858,76.42723139642723,6.075329991536418
18,77,5,367.12766290332047,1.5528369123529546,21.216237533074477,9.74000843018123,18.739132556396395,1.4659889702445157,78.9430826442542,6.300987250402641
19,77,4,366.32301086021545,1.6352657704190015,23.201855525734345,10.136824057798732,19.453195455713498,1.5279629581313852,81.34916721626988,6.522327437919593
20,77,3,365.60645190784163,1.7224268479684421,25.455567847757465,10.499757576740839,20.139080354579516,1.588677277757798,83.56994114408435,6.73231109535594
21,77,2,364.9811974483457,1.812750664221599,27.859967489375094,10.832831139739374,20.787379770217317,1.6472713722700645,85.58207411417986,6.928164192317486
22,77,1,364.44694710536993,1.904969837908851,30.31946549671568,11.141567318154026,21.395330598881994,1.7034164348379037,87.38766609549452,7.109277231452321
23,77,0,364.0013111072577,1.9979891144436794,32.76056346341399,11.430868822066559,21.963321662391433,1.7570420976535135,88.99991395987396,7.276053725359006
0,78,22,377.67802307317174,1.5621488127707654,43.50953942100901,10.686012040555177,24.02622223137101,1.96224021829482,94.23242700011984,7.860130699339205
1,78,21,377.3089617825452,1.554940208242281,42.3129480693773,10.429063373898915,23.60718356964352,1.918924869190749,93.2489037408784,7.744325341960003
2,78,20,376.93641468097894,1.5444585374502906,40.980370084587065,10.159307506714006,23.153120018798546,1.8731357843511778,92.12739829278459,7.616738138225404
3,78,19,376.5660248544364,1.5301479812636134,39.498098807342984,9.877252406280935,22.661791263189926,1.8247672490384603,90.85214709380655,7.476433766282376
4,78,18,376.2019067166224,1.5115945720460418,37.856139238146156,9.584545756215938,22.13174726508944,1.773786750787564,89.40897000177496,7.322702410988248
5,78,17,375.84521690340284,1.4886351643243683,36.051300817502295,9.28461647526168,21.563090872818393,1.7202961510942834,87.78815821315305,7.155309642218239
6,78,16,375.49243697204264,1.461497430405232,34.091273987903634,8.983522691683774,20.95865971997084,1.6646253213225854,85.98915057597071,6.9748882997331725
7,78,15,375.1336269085262,1.4309680705341017,31.99960601724476,8.690970685587228,20.325759603684027,1.6074681115168294,84.02763069413595,6.783518603015566
8,78,14,374.7512713897763,1.3985734531603056,29.821102709806894,8.421327735180645,19.67854835445081,1.550067553539449,81.94558841396399,6.585531597500202
9,78,13,374.3208715275214,1.3667310770503924,27.626488346311305,8.194179923582904,19.041058055260237,1.494447700021365,79.82449572819648,6.388531610243798
10,78,12,373.81481180315257,1.3387884826465544,25.514195175568474,8.033601783800465,18.45051929694214,1.4436627035875131,77.80048218394549,6.204519129892224
11,78,11,373.2102941870272,1.3188182828695458,23.60637280949115,7.965027453346359,17.95949609039071,1.4019430041181908,76.07555269879829,6.050605036487681
12,78,10,372.4991929209525,1.311026628102535,22.036611268956804,8.008969681357248,17.63211537976366,1.3743737465723445,74.90482772432512,5.94774694008671
13,78,9,371.6939261861295,1.3187626255203964,20.929514866897065,8.172577036080316,17.52655996650065,1.3655153326974057,74.52538629699086,5.914947736470815
14,78,8,370.8242661561598,1.3434944802077813,20.377004739689113,8.443350408119105,17.665473597218284,1.3771153144546358,75.0319199105245,5.95952171818205
15,78,7,369.92740667250087,1.3844614459707825,20.42016845317032,8.791103720028136,18.019300768087067,1.4068372905260307,76.30550361833939,6.071687399907673
16,78,6,369.0386324513591,1.4393090152027548,21.043907866477753,9.178822880244292,18.52331872480107,1.4495847168961848,78.08487529819335,6.230239303895921
17,78,5,368.1864702017866,1.505135639510487,22.184996802528644,9.57474782937829,19.109931492791624,1.5000012868277373,80.10158825284958,6.41316520909817
18,78,4,367.3914693550465,1.5792383309866684,23.748701303441365,9.958397526190517,19.72802795045737,1.553983769411304,82.15914193982205,6.603957268605035
19,78,3,366.6668759349618,1.6593858310940863,25.627457343971926,10.320148512469029,20.345510332820346,1.608898264283241,84.14095948751236,6.792388484188038
20,78,2,366.0201009039429,1.7438024626952493,27.716233803403412,10.657794598107678,20.944525014568107,1.6632246197052967,85.98867106219741,6.972910957553418
21,78,1,365.4543199451363,1.8310545831593852,29.92208576245085,10.972964580242415,21.51617257142978,1.7161515433873173,87.67930922155583,7.142901534738413
22,78,0,364.96983287448376,1.9199397588096878,32.16825680064703,11.26858716711668,22.056699089320084,1.7672812305681593,89.2093576801139,7.301404621848534
0,79,21,377.5170189094709,1.5392491358457225,43.05984699610639,10.61271671009202,24.05190256096287,1.9664237910235147,94.24672648983612,7.865126353384191
1,79,20,377.1753646319177,1.528657645289417,41.81542385909103,10.357704934556246,23.642446285202023,1.924107137986003,93.28392040663198,7.751926530690842
2,79,19,376.8309522326441,1.5149782372526173,40.44343058333206,10.092699141519283,23.20184003853839,1.8796509554647385,92.19538605533965,7.628139326404998
3,79,18,376.4869682276616,1.497899571556411,38.93679728425036,9.819405561301913,22.729444104605808,1.8330798448070977,90.97129896961329,7.493347176644905
4,79,17,376.14445501259047,1.4773140171839554,37.294014410928625,9.540964691366852,22.225978223382835,1.7845363461848767,89.60575688153939,7.347547734386217
5,79,16,375.80112637501037,1.453422156424566,35.522152204504266,9.262546595206265,21.694388231757507,1.7343498672914732,88.10017052519555,7.191440024325943
6,79,15,375.4502020302584,1.4268542150786288,33.640449898530434,8.992030821991829,21.14105609899061,1.683131898076685,86.4681688653446,7.0268276618348615
7,79,14,375.0796490743182,1.3987958676136225,31.68412706314851,8.74064428236242,20.577381171976626,1.6318990740500698,84.74222465337546,6.857149722889394
8,79,13,374.6724792852822,1.371090407835624,29.707658909792883,8.523279986451476,20.021657060267163,1.5822171034977477,82.9818182961207,6.688114529543464
9,79,12,374.2089141997343,1.3462665827848141,27.78622218603651,8.35802287632451,19.500922676861588,1.5363386848095535,81.28197739147117,6.528327582380722
10,79,11,373.6709027242738,1.327417773875109,26.01357657633757,8.26427499610411,19.051872234620834,1.497261947922569,79.77854669140348,6.389605560348714
11,79,10,373.04821400639395,1.317855219338297,24.49477476821785,8.259050414538642,18.71870107417453,1.4685440567318149,78.6412919911691,6.28627097473252
12,79,9,372.3434717145464,1.3205185265356327,23.333348175495047,8.351830017731459,18.544703513065702,1.453628606245612,78.04097203604964,6.232384150197629
13,79,8,371.572939011942,1.3372894234781074,22.615071546514116,8.539889442333193,18.557137735656138,1.454660546959799,78.08736992340103,6.23677368016088
14,79,7,370.76232209356226,1.3685428329851543,22.392979643921052,8.807212325675957,18.75353503600845,1.4714273980912491,78.77210277250907,6.2985697899399335
15,79,6,369.9403636293051,1.4132259498637345,22.678843356460035,9.12877705070899,19.101857368074647,1.5013797036461531,79.96872717385935,6.407297061430809
16,79,5,369.1336189856084,1.469389839160749,23.443728870156008,9.478089300515302,19.555163959163213,1.540775658083997,81.49321973458332,6.5477038146316175
17,79,4,368.36369032520224,1.5348019206917938,24.626446668345537,9.833542940152881,20.068185195133992,1.5859769505062045,83.1717593285905,6.7051782949388965
18,79,3,367.64646225047557,1.6073527393933444,26.146228583620413,10.181041933750159,20.60608367750194,1.6341431504725217,84.87534966888126,6.868582372571884
19,79,2,366.99251767436357,1.6852172792234401,27.915559031430647,10.51338039165287,21.145565172580305,1.6833314711590432,86.52273469675362,7.03057985422871
20,79,1,366.40808801090196,1.766862244747545,29.850247738955858,10.828157697333843,21.67249271534699,1.7323197459171773,88.06942478723558,7.18683109296502
21,79,0,365.89610859433384,1.850993218733783,31.87566139802867,11.12563567520772,22.17897260458213,1.780383158023215,89.49517048717242,7.335025984554029
0,80,20,377.3681280594883,1.5176214547649622,42.66885905620313,10.558598998813931,24.09385423289609,1.9723245895537458,94.29913717474865,7.874605219852398
1,80,19,377.04873494250563,1.5044719252296108,41.398677065139424,10.309459167182547,23.697960393932757,1.9313641740112704,93.36910272972023,7.7652142897034455
2,80,18,376.72555643745056,1.4886065343158452,40.01421039926623,10.053812933516465,23.275704015586236,1.8886750096041351,92.32883151400318,7.646720606726694
3,80,17,376.39952777384576,1.469956623201968,38.51504347972943,9.794497919996498,22.82811126221695,1.8444170917983311,91.17474276228222,7.519246733963072
4,80,16,376.06919900056766,1.4486976149649098,36.90756757498859,9.53593088967758,22.358007626669224,1.7989026621828008,89.90903495024376,7.383477942683455
5,80,15,375.72993222237915,1.4253380785578296,35.207609592623314,9.284570366877297,21.870869657582297,1.7526634313807814,88.54310281547686,7.240944917768153
6,80,14,375.3733742130696,1.4008096247669446,33.44317922395932,9.049330038022392,21.375888610472945,1.7065334893597441,87.10196179673052,7.094379745552867
7,80,13,374.98758670781865,1.3765386503686345,31.656831481857623,8.841768027396983,20.887165432953466,1.6617408638997402,85.62943670155786,6.948119068693587
8,80,12,374.55829345578275,1.3544682047866017,29.906830255559854,8.675772781799587,20.424796554217497,1.619987833117251,84.19323209624326,6.808474386788194
9,80,11,374.0715478416217,1.3369860443297288,28.266040328534714,8.566399582910329,20.01530024908897,1.5834757803785489,82.8877121725139,6.683886005140147
10,80,10,373.5175427611095,1.3267141212261278,26.817506794501696,8.527602632139436,19.690330757319938,1.5547920760026044,81.83003630805811,6.58451164751309
11,80,9,372.8943536171572,1.326144427145953,25.64629355710602,8.569008740264264,19.482243209588376,1.536549334183492,81.14345543348244,6.5207779446826475
12,80,8,372.20981282934525,1.3371825082577913,24.82845204609771,8.692624524784865,19.41597965204621,1.5307414461459214,80.92505713039345,6.500727121635906
13,80,7,371.48037691400964,1.3607596390376258,24.419568102292203,8.891084204576488,19.500026342916847,1.5380355346346621,81.2089066595379,6.527068727825618
14,80,6,370.7275946596344,1.396702893958841,24.446204237491628,9.148848626019747,19.722360664832866,1.557459655490504,81.94913480016213,6.5958740954913
15,80,5,369.97402272729164,1.4439258585393864,24.90283317030314,9.44617482523306,20.054970239964703,1.5867607740621432,83.03808463640615,6.698071317069637
16,80,4,369.24012370042703,1.50080932378425,25.754812949951187,9.763877209642814,20.463674537375503,1.6231773123267672,84.34600759194836,6.822655397152129
17,80,3,368.54260845553284,1.5655701070828374,26.945881686178836,10.086700708370888,20.916848800610556,1.664128876694781,85.75580639110387,6.959519804122673
18,80,2,367.8939659631341,1.63649991923038,28.407584411038414,10.404474413626103,21.389734570069177,1.7075633401407353,87.1794115997029,7.100837236129911
19,80,1,367.3027357993186,1.7120688908537018,30.068158660036076,10.711558385742094,21.864977950472724,1.7520079887910864,88.55885371774953,7.241210831384736
20,80,0,366.7741349504841,1.7909420450623101,31.859313878006077,11.005539976183549,22.33134374606933,1.7964748308089848,89.86026759426495,7.377237309586914
0,81,19,377.2262868966516,1.4979509466881118,42.35034904740988,10.525252005157046,24.153485714515124,1.9800838037887272,94.39320797343743,7.88896625352306
1,81,18,376.92397763361964,1.483082085661061,41.076421298992315,10.28569345207395,23.775019390618404,1.9408289687955536,93.50755036051187,7.784548766090089
2,81,17,376.6157049257045,1.4660116187634498,39.70514450701198,10.043517791588537,23.37563232392984,1.9003115205714074,92.52945962864126,7.672720421172507
3,81,16,376.30057694460913,1.44689300541978,38.24224146839137,9.802508789216052,22.957924493401862,1.8588191469815656,91.46130817408452,7.554114919732602
4,81,15,375.975416118784,1.426140298678669,36.70082295165689,9.568010233575702,22.52655288927301,1.8168113663877548,90.31241369968164,7.4300164522128656
5,81,14,375.63437754437575,1.4044938442312298,35.10340411886513,9.34720093172317,22.088958643276182,1.77497628161334,89.10204142467634,7.302602428322135
6,81,13,375.268987159894,1.3830723772980331,33.48364536631185,9.149211405548472,21.65614765266451,1.734290306148268,87.86278855697583,7.17520677681458
7,81,12,374.8688730769961,1.363391109748913,31.88728940967836,8.984912198865697,21.243357241178277,1.696067038279224,86.64373825372861,7.052548708911892
8,81,11,374.4233859228796,1.3473187673141833,30.37161011593429,8.866169236942481,20.87027528189266,1.6619683988354077,85.51208174549912,6.940816532817232
9,81,10,373.9240188047106,1.3369462912990961,29.00268698886785,8.80440967207984,20.56025025394815,1.6339337554467466,84.55091796739333,6.84742094079464
10,81,9,373.36705652517696,1.3343551303729169,27.850128218026597,8.808545998728205,20.33778149192994,1.6139724276990606,83.85020069927108,6.780184150252357
11,81,8,372.75546656138226,1.3413113355418287,26.979567871916018,8.882689529042867,20.22393413010675,1.6037946333725226,83.48909859399184,6.745849826816194
12,81,7,372.0991308380952,1.3589653956562366,26.444210252310015,9.02450047033468,20.230646549397843,1.6043600436344445,83.51341361225526,6.74823319709655
13,81,6,371.4132652754211,1.3876701316722455,26.277433130961867,9.2250994340649,20.356611416830912,1.6155549632928858,83.91890528529173,6.786888382559881
14,81,5,370.7157729317941,1.4269936112683035,26.488448785984986,9.470870827123688,20.587449531724683,1.6362092538212314,84.65174891513475,6.857176131617395
15,81,4,370.0246003819828,1.475907115164004,27.062103449253442,9.746470815661393,20.900259425463034,1.664457706455811,85.62657092284887,6.951750611575655
16,81,3,369.3558134232586,1.5330468334749559,27.962543036088675,10.037743103496483,21.269772203332113,1.698228817232471,86.75074695142916,7.062556835942706
17,81,2,368.7225689846197,1.5969447332862838,29.139394122382527,10.333537211642275,21.673127506036405,1.735627093485777,87.94285698966074,7.182368760412912
18,81,1,368.13482431880294,1.666178162931422,30.534712874599578,10.626211162961322,22.092146155934405,1.7751193003649242,89.14093392330278,7.305508871532936
19,81,0,367.5995222174977,1.7394410417446617,32.089220223881554,10.911198243655067,22.513609631345027,1.8155628438458078,90.30280655219495,7.427921518055965
0,82,18,377.0875845591346,1.4807992993822117,42.11472469590626,10.513555626965886,24.231574203365973,1.9897871484721428,94.53053837638133,7.908415365173089
1,82,17,376.7976090363884,1.465019589384776,40.85785347060677,10.28684234983012,23.874033632607876,1.9525574471929348,93.69957674630038,7.8100182817915265
2,82,16,376.49893146030854,1.4476454045385028,39.522875692950066,10.061511093039039,23.50135288147864,1.9145604707457833,92.79517466221138,7.706008472646281
3,82,15,376.1893731669869,1.4290172043992215,38.12072625301337,9.842023049391791,23.117475379079753,1.8761925610837462,91.82484904120909,7.597456878404984
4,82,14,375.8648192129238,1.4097299812823776,36.6696815608086,9.634234333966443,22.72845733651612,1.8380251092995716,90.8034587454362,7.486106629222881
5,82,13,375.5192079598377,1.390672136769152,35.19666515281973,9.445470532240385,22.34299049302542,1.8008444716182432,89.75546762872229,7.374549408946049
6,82,12,375.1449639278618,1.3730408084368908,33.73800421755318,9.284381803948513,21.972828156680094,1.7656828804814533,88.71698669710028,7.266372639455683
7,82,11,374.7340036146317,1.3583164004429062,32.33918794063196,9.160453322254392,21.632908626147145,1.7338236852631213,87.73680321069845,7.1662097815163674
8,82,10,374.279296973301,1.3481789644598705,31.053166970202284,9.083072037171327,21.34085896636731,1.7067557746913267,86.87512180522462,7.079589342346889
9,82,9,373.7767101310694,1.344357190763486,29.9368935926758,9.06015898827272,21.1154997699066,1.6860478336129192,86.1984200080839,7.012457866662108
10,82,8,373.2265897864585,1.3484209650878776,29.04619105942227,9.096581241052531,20.9741287779826,1.6731264877903325,85.76936421582727,6.970304199569682
11,82,7,372.6344822641509,1.361558228488176,28.429607855885735,9.192799954339904,20.928936473756377,1.6689882620305727,85.63300871707105,6.9570007574724775
12,82,6,372.01066134098534,1.3844011672575323,28.122449221460286,9.344327234344572,20.98377385327821,1.6739428134380605,85.80406756344225,6.973759864199787
13,82,5,371.3686498012778,1.416962194349194,28.142378215317393,9.542366006943842,21.13289944991322,1.6875152794925155,86.26182856038737,7.01873356179281
14,82,4,370.723308009144,1.458697816628984,28.487645818143548,9.775499189283732,21.36251629298253,1.7085704165424398,86.95605257431254,7.087516984432212
15,82,3,370.089087353926,1.508663212008849,29.13825071404777,10.031795672987815,21.65431269145309,1.7355959741559084,87.82072757812695,7.174295877629633
16,82,2,369.4787961018733,1.5656917995993416,30.05950643121517,10.300584890276767,21.989274653166106,1.7670087476176308,88.78872406114766,7.2730745301783015
17,82,1,368.90294353841625,1.6285457699159696,31.206961763381344,10.57345625934475,22.350409877453494,1.8013756282400026,89.80196937102623,7.37854522774057
18,82,0,368.36955746128484,1.6960152366846737,32.53152479830935,10.844469288440276,22.72401606051517,1.8375196088619257,90.815813068104,7.486484358759239
0,83,17,376.9493142376181,1.4665922094740789,41.968782197330455,10.523655575906554,24.328204072787596,2.001458680506917,94.71063718325225,7.932948261135081
1,83,16,376.6676639577505,1.4506435806173488,40.74762651495983,10.312442885794644,23.994507732730415,1.9665252915320208,93.94272086957159,7.841435155660846
2,83,15,376.37451596448517,1.4337518274283991,39.4685918154464,10.10644903868817,23.651459290015605,1.9313214765615898,93.12038124987104,7.746108206647824
3,83,14,376.066958852194,1.416400450850912,38.146647087091225,9.910506392689621,23.30401613194226,1.8963249743603352,92.25510470426288,7.648369813511537
4,83,13,375.7406301828173,1.399303190899177,36.80354482230395,9.73057320642008,22.95911671309214,1.8621765582660974,91.36540045181094,7.550255138701234
5,83,12,375.3899728938722,1.3834171389719576,35.46843360476045,9.573633023740747,22.62596256888307,1.8297002591966287,90.47816919580366,7.454530227049805
6,83,11,375.0088700350573,1.3699279613034019,34.177787686204894,9.44736514766776,22.316094233092713,1.7999059640900044,89.62940037968492,7.364724875991568
7,83,10,374.5916667965291,1.3601958028881933,32.97433849935359,9.359521879804669,22.043073676799636,1.7739594359639683,88.86345576260887,7.285038783560737
8,83,9,374.13444674952757,1.3556549193790812,31.904778109169527,9.317007631619255,21.82155783190734,1.7531029751861646,88.23004403009077,7.220050197059513
9,83,8,373.63626563968296,1.35767119493205,31.016224756225284,9.324768310130272,21.665623969663933,1.7385165560955582,87.77824062783124,7.1741811891271325
10,83,7,373.0999576048319,1.3673786987613057,30.35178233460077,9.384742124969364,21.586476375766335,1.7311309939607777,87.54793946000281,7.1509613602896565
11,83,6,372.53221345462646,1.3855328410020489,29.945892122317844,9.4952201327703,21.590103633967676,1.7314393751946664,87.56089146967669,7.152274797867067
12,83,5,371.9428868897113,1.412421956604991,29.820400205397362,9.650915504885017,21.67579217355789,1.73937880419097,87.81489523960799,7.177883739421354
13,83,4,371.3437709736926,1.4478628584512148,29.982197995742794,9.843804715674397,21.83623122446725,1.7543402116217817,88.2840923003997,7.2254658872574185
14,83,3,370.74723063506457,1.4912747301240712,30.42291672427399,10.064486527626187,22.0592127771157,1.7753059064060637,88.92542025684389,7.291164404107638
15,83,2,370.16502529056805,1.5417986029798394,31.120618602164072,10.303607780878698,22.330163079555426,1.8010541022735207,89.68821238973713,7.370401887580076
16,83,1,369.6074956307109,1.5984223435745064,32.04295405571328,10.55294978025431,22.63452549360749,1.8303525127507139,90.52308947946901,7.4586415353138475
17,83,0,369.083134716367,1.6600827747727367,33.15101276649423,10.80598919550239,22.959374999577374,1.8620913472629839,91.38776443699712,7.551897241987299
0,84,16,376.80990025908056,1.4556171851150488,41.91573101588524,10.555004273776053,24.44276821642704,2.0150599335965143,94.93099238465923,7.962353130054304
1,84,15,376.5334718323059,1.440148668412796,40.746148174377225,10.361245175592213,24.13510364212042,1.9826320554150136,94.232045355144,7.878358525652384
2,84,14,376.2430663238276,1.424389147188204,39.53871980215537,10.176158039823541,23.823576304466982,1.9504062463931553,93.49665831430951,7.792252918722306
3,84,13,375.93552845475784,1.4089183787638855,38.31118110638391,10.0046478881215,23.513779241239025,1.9189102463121552,92.73893612192323,7.705649043666141
4,84,12,375.60676718641946,1.3945099208895222,37.08713944123285,9.852425023392046,23.21300970529275,1.8888110073952236,91.97913162618792,7.620705903571303
5,84,11,375.25216121676385,1.3821229368653878,35.89609643026144,9.725778565135702,22.930319732741197,1.8609160670786913,91.24414214579559,7.540151792647195
6,84,10,374.86723629174475,1.3728668045934147,34.77277544450638,9.631151525360806,22.67630969758593,1.8361534256164076,90.56710918228045,7.467225289499402
7,84,9,374.4485504113577,1.3679333195799646,33.755581147215835,9.574508322893813,22.46253621243885,1.815519840177689,89.98559439187832,7.40549202627033
8,84,8,373.99462248598786,1.3684976147148777,32.88414513659457,9.560550262047995,22.300445149888716,1.799990928140568,89.53792658662725,7.358507733179974
9,84,7,373.50666595675153,1.3755988874187857,32.196119639184175,9.591919814213334,22.19987425113966,1.7903974295199008,89.25781231317676,7.3293414432070465
10,84,6,372.9888985099087,1.3900227465484578,31.723625087676893,9.668605116203024,22.1673988570422,1.7872902598596943,89.16820093634496,7.320047023883553
11,84,5,372.44831554522625,1.4122127106080216,31.489948310152684,9.787758457592695,22.205015793174006,1.7908342685987948,89.27629779890086,7.331242795203361
12,84,4,371.8939918606143,1.4422334617221013,31.50712722308559,9.944040195443614,22.30968180254386,1.800771785293654,89.57174882347344,7.3619654954865705
13,84,3,371.3361188693379,1.479792683621858,31.774896967015238,10.130418797310636,22.473931284906637,1.8164735008101691,90.02890101184391,7.409870141290101
14,84,2,370.7850245080412,1.5243092903534725,32.28115586516539,10.33919226045253,22.687337706244456,1.8370575947347387,90.61223735702734,7.4716986770496225
15,84,1,370.2503646219842,1.575003960971939,33.00375772298787,10.562941897402657,22.938269000834502,1.8615330967849433,91.28285509380488,7.543839795563068
16,84,0,369.74057461806905,1.6309879883975622,33.913178005446156,10.79520565239998,23.215402554675386,1.888924595006022,92.00393579247353,7.62280847036412
0,85,15,376.6687363562537,1.448030414830888,41.9554511125922,10.60645267137629,24.574028218442717,2.0304941437226427,95.1873295412789,7.996231602927257
1,85,14,376.395361547589,1.4335825156377906,40.85012721631088,10.431375171782111,24.29377443947183,2.0007114687856107,94.56065665446496,7.920138975735424
2,85,13,376.1060780789619,1.4194613880730138,39.725842539356336,10.267886408879255,24.01459974089919,1.9715577116519125,93.91365470050529,7.843464384131021
3,85,12,375.7978649912194,1.4062986410444567,38.601878981136494,10.120708568562,23.74235665530399,1.9435792636097309,93.26170946316631,7.767910989493933
4,85,11,375.46723387846436,1.3948774614889268,37.50229005832067,9.995045984901804,23.48423809841859,1.917430837356963,92.62514308533889,7.695613720212498
5,85,10,375.1106825408884,1.38610929546806,36.45547949691732,9.896289412859218,23.248641380538277,1.8938617131738,92.02899910336536,7.629101895800583
6,85,9,374.7253114341688,1.3809874394492847,35.49315904084479,9.829573686021167,23.04478018874168,1.8736811267000961,91.50192300561197,7.571181282762639
7,85,8,374.30951119157083,1.3805173496239287,34.6486306284327,9.799217239169899,22.881985884016746,1.8576984005764683,91.07387739347709,7.524716164557269
8,85,7,373.8635748666399,1.3856294727590912,33.95446618695152,9.80812383149763,22.76870964215359,1.8466392533667164,90.77268346089774,7.492314624721551
9,85,6,373.3900735250222,1.3970873547316307,33.43981902923494,9.857275428475718,22.711360337787884,1.841049687028662,90.61985171745982,7.4759600886502335
10,85,5,372.8938805740523,1.4154087767263386,33.12774683342637,9.94546214881648,22.713249742346324,1.8412096663494002,90.62670751507835,7.47667627453759
11,85,4,372.3818288527025,1.4408172765662868,33.03299633832296,10.069355076198182,22.773977090182743,1.847083341654973,90.79207857547051,7.494332112241108
12,85,3,371.86209109947725,1.4732341593681877,33.1606493210363,10.223931336828226,22.889487162177492,1.8583244421311298,91.10245693394947,7.52766146609053
13,85,2,371.34343884815866,1.5123094876379946,33.505859722069914,10.40314705029735,23.052796912919675,1.8743362099795209,91.53463195458103,7.574495445817106
14,85,1,370.8345353811879,1.5574800932399389,34.05467738511288,10.600680353803611,23.25514048619374,1.8943656291502036,92.05984449935276,7.632126498963349
15,85,0,370.3433708212979,1.6080381064873435,34.78573598932276,10.810569199115236,23.48717698092468,1.9176032445084286,92.64811199310681,7.6976902124981414
0,86,14,376.5259752574933,1.4438706301085191,42.084924415318184,10.676376180212866,24.720221492623796,2.04761466731662,95.47401049930961,8.034033958295097
1,86,13,376.2543505022803,1.4308697702064141,41.05327313812184,10.520522047368402,24.467945227424575,2.020546066681267,94.92035660412469,7.965977116368196
2,86,12,375.965536724377,1.4187538027657691,40.01970475640317,10.3785571256226,24.220970793829657,1.9944725838308375,94.36005766499154,7.8986408652476845
3,86,11,375.65690169518024,1.4081678521421193,39.0039756786467,10.254828678054933,23.985078294980678,1.969931452302174,93.80860930885484,7.833713580791874
4,86,10,375.3257244982905,1.3998660720350502,38.02946713626346,10.153877272076903,23.766997028223184,1.9475351469636917,93.2851180934653,7.773192234479296
5,86,9,374.96962698815724,1.3946795301034927,37.12247538827873,10.08012226510347,23.57414586610035,1.9279476815803187,92.8116062630211,7.719305037860497
6,86,8,374.58707886318626,1.3934666798288022,36.311000458500544,10.037456682537602,23.414165063049936,1.911843765707953,92.41155555658098,7.674367408945972
7,86,7,374.17788675966585,1.397049399312634,35.623060921955016,10.028797982005775,23.294238512341796,1.8998510708735719,92.10765172725425,7.640570501138891
8,86,6,373.74355774467585,1.4061420993549656,35.084668060888404,10.055674011263765,23.22027423110992,1.8924814800255965,91.91894673852602,7.6197236264442765
9,86,5,373.2874419062376,1.421285253984934,34.71769916170385,10.117941740733288,23.196093877456782,1.8900638472686928,91.85797676098316,7.612998615004471
10,86,4,372.8146095969502,1.442795876543585,34.537980132149045,10.213723946908988,23.22283767310811,1.8926951109950727,91.9286011875394,7.620742016802771
11,86,3,372.3314885268686,1.4707445610858416,34.55388824236128,10.339600259075608,23.298770029254513,1.9002247035088817,92.12526531160887,7.642414251466648
12,86,2,371.8453448439915,1.504962217930586,34.76570431866324,10.491017963957267,23.419558781544534,1.9122780102957282,92.43397235357018,7.676678721204101
13,86,1,371.3637176262206,1.545072121622625,35.16579977283462,10.662825214926848,23.578944997753258,1.9283120300873295,92.83466038959743,7.721613997333621
14,86,0,370.89390441168723,1.5905375743439052,35.73958244754412,10.849803753972381,23.769604392678787,1.947687041530219,93.30424150526777,7.774985348370455
0,87,13,376.3823063005464,1.4430774786124245,42.29877385357858,10.762815942661675,24.879198548651146,2.0662362391077607,95.78450993802431,8.075103043362521
1,87,12,376.11185976025797,1.4318388208305741,41.34705726610275,10.626124564705464,24.65471405636244,2.0418839197298473,95.30232769325336,8.014987332871764
2,87,11,375.82359904013356,1.4219679451933942,40.408195412824,10.504991677613097,24.438945952486055,2.018824098846163,94.82449790090149,7.956642061705052
3,87,10,375.51542167325107,1.414093183640012,39.50155026501395,10.403266609885124,24.237341253184155,1.9975628643195544,94.36571647461844,7.9016587814194255
4,87,9,375.18541244988893,1.4089129370120417,38.64902262889349,10.324758667825481,24.055926794691658,1.9786503193649874,93.94303314139859,7.851821578691449
5,87,8,374.832213350535,1.4071601490189236,37.87419229392954,10.272940899087036,23.90098930262544,1.962652132847447,93.5749095704122,7.80901013682796
6,87,7,374.4554049664647,1.4095551322370135,37.20108859124676,10.250611869676833,23.778607068509586,1.9501089859576337,93.27972759751647,7.77505533664572
7,87,6,374.05582634131304,1.4167511690495567,36.65266582139178,10.259564688451961,23.694067558574222,1.9414869838493949,93.07384745174909,7.75155799612935
8,87,5,373.63576060015805,1.4292801329246414,36.24913381080731,10.300328035432264,23.65125591132194,1.937126208753725,92.96950654916654,7.739697567218643
9,87,4,373.1989377571249,1.4475068898860095,36.006353875168244,10.37204309082485,23.652141199676088,1.9371979109474744,92.97301464966169,7.740071055708709
10,87,3,372.7503479883114,1.471600414565427,35.9345314615866,10.472517046144178,23.696493034809258,1.9416811671907497,93.08373432469484,7.752604278623561
11,87,2,372.2959031514501,1.5015261992917397,36.037404450783285,10.598452125134758,23.78191344544967,1.9503658567848685,93.29416698011315,7.776562355959273
12,87,1,371.84201462306885,1.5370596833732182,36.31204399020514,10.745803467194808,23.904180109216174,1.9628815387655814,93.59113675546114,7.810657991466682
13,87,0,371.3951626051189,1.577815935538521,36.74927482522497,10.910188668793749,24.05780728086157,1.9787445186394241,93.95773083741966,7.853227588670165
0,88,12,376.2387489149094,1.4455119468034896,42.58984557358248,10.863618326076281,25.048571944164287,2.086147538803311,96.11190531529583,8.118720996781986
1,88,11,375.96947988689703,1.436248365364229,41.72145788022759,10.745536924413726,24.851047508854457,2.064455326496232,95.69776571993235,8.066258664203382
2,88,10,375.682364370041,1.428753198700313,40.878226822195984,10.64408755309125,24.66483199761676,2.0442823264844123,95.29629121764268,8.016361509041868
3,88,9,375.37588032400953,1.4236161400561351,40.0784721124393,10.562562007889648,24.494860437830884,2.026088242471713,94.92076304667918,7.970468484718325
4,88,8,375.0488725122158,1.4214638390738705,39.34209516451784,10.504041268168208,24.34633247826901,2.0103501007730578,94.58574551731608,7.930112378149061
5,88,7,374.7008459037838,1.4229249139619253,38.68967793540196,10.47113961289378,24.224383735673875,1.9975332941233013,94.30608743461681,7.896819789249626
6,88,6,374.332233383771,1.4285882692279994,38.14133478785993,10.465742766933534,24.13366807604152,1.988055458096849,94.095584581205,7.87198252511876
7,88,5,373.9445848450333,1.4389593423785896,37.71541087650998,10.48878299995164,24.077899340042688,1.982247354399237,93.96546116624535,7.85671555081675
8,88,4,373.54063457536824,1.454420309183528,37.427168123347045,10.540097466337597,24.059430504300277,1.9803173062983397,93.92294080121644,7.851726061326834
9,88,3,373.12422746978643,1.4752003663478446,37.28762628670714,10.618406039098467,24.07896095122814,1.9823266891306144,93.97023167305964,7.857222317538575
10,88,2,372.7001149130497,1.5013606383670348,37.30271980650673,10.721421437786969,24.13544551573468,1.9881825041476304,94.10419550797317,7.872885509048363
11,88,1,372.2736577381927,1.5327953444817997,37.47288811070621,10.846074052098365,24.226232102801983,1.997649175166676,94.3168023197057,7.897913027465441
12,88,0,371.85048792473066,1.5692475660370526,37.79314698164664,10.98880745081532,24.347394842460382,2.0103767937689434,94.59625510492786,7.9311225787730795
0,89,11,376.09647898865325,1.450976732168364,42.94978017358437,10.976559659582609,25.225860091573654,2.1071236302113396,96.4493248293407,8.16415349955209
1,89,10,375.8287963475008,1.4438116080788945,42.16563352876152,10.876162536316171,25.05395134229566,2.087987761937786,96.0983980569661,8.118906783195401
2,89,9,375.54372914681124,1.4387329971883802,41.41646516818108,10.792943895853822,24.895167803585657,2.070530395772574,95.76596498206284,8.076781029180285
3,89,8,375.24032258339605,1.4362779080465318,40.71911556928656,10.729629532609646,24.75383190625399,2.0551561363498805,95.4635540424213,8.039031714124306
4,89,7,374.9180883592049,1.4369938945801777,40.09121216273357,10.688622845440822,24.63428471039325,2.0422660147617764,95.20314557334095,8.006931442742863
5,89,6,374.5772223436936,1.4414070924156182,39.55030306784424,10.671798548833651,24.54058339974229,2.032230898704637,94.99624418018598,7.981677911416007
6,89,5,374.2187783368061,1.4499873390298315,39.112845844880056,10.680313379351748,24.476158115335544,2.0253617578340393,94.852784574219,7.964288617597782
7,89,4,373.8447631004036,1.463114492829292,38.79314519893181,10.714466734787237,24.443476297900098,2.0218808889571793,94.78003160853352,7.955497350793918
8,89,3,373.45813027080777,1.4810505023058682,38.60235887632197,10.773640681294452,24.443775277758988,2.0218991944006124,94.7816851894383,7.955671522124985
9,89,2,373.0626700594905,1.5039211638901193,38.547696135659734,10.856336170478706,24.476920317713844,2.0254042567965227,94.85739334488284,7.9647683081097895
10,89,1,372.66281193704094,1.5317098712416022,38.63191345820546,10.960303100630641,24.541422325428645,2.0322620109599843,95.00279793967783,7.982340336555519
11,89,0,372.26337246458564,1.5642634392249581,38.85317009896285,11.08274189594053,24.63461288280475,2.042231774320887,95.21010781549636,8.007590106538844
0,90,10,375.9566951961148,1.459235018945968,43.369533241673096,11.099448364527689,25.4086130557684,2.1289371383964255,96.79031443676666,8.21068764417322
1,90,9,375.6912720273456,1.4542168039414878,42.668491364010436,11.015551671929432,25.260604416750628,2.1122180018796364,96.49685581314971,8.172113647580177
2,90,8,375.40930892941054,1.4515251751126819,42.009896537874525,10.948938678955601,25.1268471260245,2.0972760070459473,96.22556317015753,8.13700587241527
3,90,7,375.11036549372113,1.4516369321742681,41.40885625299097,10.901797256980911,25.011016139603473,2.0844574769941087,95.98610127984794,8.106426119853873
4,90,6,374.7945072656306,1.4550195653764066,40.880639821059916,10.875931277973715,24.916629417366703,2.074090183336099,95.78799749020054,8.081398817966912
5,90,5,374.462456884355,1.4621035835836973,40.43989382886889,10.872604059851737,24.84679034455285,2.0664606751396666,95.63985334286389,8.062832865117679
6,90,4,374.1156957006857,1.4732545291552257,40.09979046808924,10.892410900926745,24.803923673852356,2.061791306009745,95.54851100400225,8.051440991162242
7,90,3,373.7564950429024,1.4887479949619244,39.87119265199409,10.935203499111742,24.7895453242958,2.0602203890855817,95.51830966844011,8.04766919186247
8,90,2,373.38786792660886,1.5087508329138828,39.7619296568279,11.00008266953321,24.80410816443285,2.0617890188427372,95.550577125241,8.051649391994378
9,90,1,373.01344628782454,1.5333108924541201,39.776270383917534,11.085464121535649,24.84695568328293,2.0664372113783394,95.64346884186457,8.063185302482404
10,90,0,372.63730166134405,1.5623562230704784,39.91465777023177,11.189208058091191,24.916394451961033,2.074010245180693,95.79219477109658,8.081774850832577
0,91,9,375.8205249272711,1.4700267089837515,43.83982069820961,11.23020147953171,25.594512562274755,2.1513674390631037,97.1291040771192,8.25766118578557
1,91,8,375.5581780381775,1.4671436568417757,43.2191371268142,11.161464670482529,25.468451912651663,2.1369009842194893,96.88689613239569,8.225153895458584
2,91,7,375.28040982224775,1.4667567295661592,42.646234010088776,11.109765808651053,25.35718634185216,2.1242584245229823,96.66875743015808,8.196282267462298
3,91,6,374.98722096464036,1.4692800208228873,42.13437975756217,11.076805664155613,25.263757601542434,2.11372880910562,96.48254327608547,8.171919500889757
4,91,5,374.6791156836559,1.4751042818743891,41.69653885216515,11.06387790452228,25.19093746164169,2.105572957802673,96.33559468607727,8.152866541193317
5,91,4,374.35719880133865,1.4845739302413112,41.34469251724239,11.071757047236568,25.141021356729187,2.100005232021277,96.2341121537517,8.13978972916801
6,91,3,374.02322502797415,1.4979653602263086,41.08914727180658,11.100619784495555,25.11563652442288,2.0971767505150622,96.18255835257487,8.133162539628989
7,91,2,373.6795894619325,1.51546904119194,40.93790077268439,11.15001393680468,25.115594812359845,2.0971626189789214,96.18319044752003,8.133220764531876
8,91,1,373.3292578041645,1.5371774984253896,40.89613455054308,11.218882480172558,25.1408165766338,2.099955399636772,96.23581222187387,8.139939347496922
9,91,0,372.97564471118073,1.563080431317117,40.965891277988575,11.305640744169745,25.19034069562881,2.1054660701261922,96.33779861089917,8.153035529424281
0,92,8,375.68896492844897,1.4830816900983805,44.35147796690953,11.36689634833265,25.781443408323824,2.1742075467181032,97.460770732832,8.304482529722783
1,92,7,375.43056161971725,1.482275659065468,43.807208317340596,11.311905833546932,25.675260008884933,2.161815490003558,97.2634915079811,8.277408986662463
2,92,6,375.1580327290333,1.4840737596013192,43.31418440874255,11.273442344225046,25.58394697597173,2.151251657201803,97.09080937370275,8.254000858944508
3,92,5,374.8717399416066,1.488828470850704,42.8838405033827,11.252781766729559,25.509959657757058,2.142751655591744,96.94892911250916,8.234957755045055
4,92,4,374.5725193982979,1.4968597234540497,42.52698054702289,11.250797063672254,25.455421108696633,2.136517506375681,96.8433331620512,8.220887894631081
5,92,3,374.2617372746637,1.5084364215492516,42.25321082665276,11.267883098637597,25.421965122798206,2.132703704532055,96.77831143892975,8.212260930354836
6,92,2,373.9413029832623,1.5237601399902476,42.07039632812557,11.303914191863374,25.410604454257957,2.131405614509227,96.7565578825856,8.209368188754361
7,92,1,373.6136353933419,1.5429527555403224,41.98419497743046,11.358242269815339,25.421644858991222,2.132651963371059,96.7789019510801,8.212296695340855
8,92,0,373.2815846380047,1.5660492993102149,41.99771891740191,11.429737455158051,25.45465980232451,2.136402685881016,96.84422523723448,8.220921566905439
0,93,7,375.56284973435,1.4981301283425186,44.89573249680522,11.50780063946524,25.967537452569736,2.1972687282080425,97.78130895804433,8.350642047877745
1,93,6,375.3092402353427,1.4993088153889995,44.4231017448612,11.465134591323892,25.8791380604705,2.186767068888707,97.62281447106972,8.328371250136891
2,93,5,375.0428972134584,1.503147535065101,44.00359943692993,11.438295562808122,25.805325025171815,2.178064750407908,97.48843329282242,8.309690077700822
3,93,4,374.76446525979486,1.509940599811951,43.64690822472255,11.428199824954628,25.74803236857247,2.1713494082897875,97.3829332129701,8.2951449837766
4,93,3,374.4750192469605,1.5199443606777923,43.36186937508029,11.435382568438765,25.708837381969314,2.16677299664921,97.3102749482251,8.285183558198266
5,93,2,374.1760895568567,1.5333627742240834,43.15602336126295,11.459951534839712,25.688846840893092,2.1644416166064255,97.27327684724322,8.280120538366232
6,93,1,373.86965168580457,1.5503355083152344,43.035195118737676,11.501570070815346,25.688612074487406,2.1644079827144647,97.27335964057191,8.280112369119383
7,93,0,373.5580794850204,1.5709297668316453,43.003164292578774,11.559473094323094,25.708085837063592,2.1666676369324067,97.31041357714741,8.285144283468536
0,94,6,375.4428407032991,1.5149100340909065,45.464396289974175,11.651385005028905,26.15119395850652,2.220383099269861,98.08762704334147,8.395716091621216
1,94,5,375.19481261665567,1.517957361578198,45.05811171873603,11.61966051992545,26.078535977541048,2.2115887954745856,97.96214931789164,8.37764044168771
2,94,4,374.9354753438,1.5236776382407564,44.70553703121041,11.602937970030228,26.01991861747977,2.2045401040875188,97.85960326270833,8.36300322263205
3,94,3,374.6656853065808,1.532311841547287,44.4147353395327,11.601836816774245,25.97682702649442,2.199382876537556,97.78355076297781,8.352220186476702
4,94,2,374.3866781467349,1.544060423139587,44.1928084285898,11.61662742325952,25.950391456595572,2.196227478445602,97.73674498783973,8.345608745342089
5,94,1,374.10007273142804,1.5590723280519918,44.04553502540904,11.647206115221973,25.941308795797724,2.1951417224041245,97.72090348347108,8.34336469449713
6,94,0,373.8078463091215,1.5774365938712074,43.977063966569716,11.693095242926283,25.94979235386066,2.1961463804592594,97.73656009487675,8.34554729159173
0,95,5,375.3294292205532,1.5331724915105474,46.049989171920075,11.796322869096835,26.33108131293327,2.2434045825298012,98.3774895590769,8.439365406888104
1,95,4,375.0876796159347,1.5379571185106427,45.70449675328794,11.774227942259852,26.272224506742862,2.236140465920064,98.27976012024969,8.424915337878192
2,95,3,374.8360290529394,1.5453930062857255,45.41225683494024,11.766236358085665,26.226683623414406,2.230550601605443,98.20333893712693,8.41370233150469
3,95,2,374.5754840890231,1.5556732955008785,45.17987250171443,11.772727908123104,26.19556723463659,2.2267453148506466,98.15080619747185,8.406033597746298
4,95,1,374.3073780288545,1.5689500866948891,45.0129345932058,11.79376993547808,26.17964762682669,2.224801129087333,98.12398273825791,8.402123562237392
5,95,0,374.0333608019721,1.585326304958977,44.915744526865865,11.829107635758454,26.179309797477686,2.224756134658583,98.12378555076205,8.402078852527799
0,96,4,375.222948832965,1.5526849874374902,46.645805215608235,11.941481419857586,26.506125324355963,2.2662086370781016,98.64942598022535,8.481329661145104
1,96,3,374.9880697437448,1.5590670732920953,46.355491982684,11.927794648864818,26.459265117069577,2.2603067803977996,98.57473879009365,8.469982512108734
2,96,2,374.74464699494575,1.568051546244389,46.11717020635918,11.927279127125125,26.424884426073966,2.2559961523040943,98.51949387464418,8.461641092037388
3,96,1,374.4937856002705,1.5797893768035776,45.93615347736082,11.940124945088627,26.40378272662214,2.2533574689739666,98.48549292258804,8.45652453406491
4,96,0,374.23686684811025,1.5943913924345265,45.816742316729034,11.966247348752661,26.396451391029327,2.252440200832519,98.47385502245987,8.454767548394152
0,97,3,375.1235923492537,1.5732332613276525,47.245934717068224,12.085907169672875,26.67548880396317,2.288691141799483,98.90262196301727,8.521419588563544
1,97,2,374.8960659565074,1.5810696898403944,47.005282511596434,12.07950805640172,26.63897476527722,2.283994952490771,98.84685057507379,8.512703942446157
2,97,1,374.66127863258413,1.5914388372853692,46.81476120303719,12.085344538475859,26.614044763094093,2.2808000727419393,98.80856102594994,8.506748281946273
3,97,0,374.42039179439416,1.6044550150868901,46.67856491680193,12.103459437728944,26.601249362967042,2.2791629574770296,98.7889521197122,8.503701722423699
0,98,2,375.03143108223713,1.5946220500438866,47.84525306815867,12.228808662676874,26.83854628715665,2.3107667547993502,99.13680590108027,8.559507960146073
1,98,1,374.8116315519192,1.6037703518137119,47.64895039786644,12.228681056793999,26.810889353261675,2.30713207422029,99.09638840297981,8.553004610514321
2,98,0,374.5857644656616,1.6153662968608185,47.50049115604955,12.239871413307982,26.79390166363891,2.3049055806890073,99.0715029014212,8.54901261246575
0,99,1,374.94643434076266,1.6166750395295097,48.4393862888863,12.369538181669869,26.99485682011214,2.3323670006107564,99.35213951437338,8.595520269650544
1,99,0,374.7346339587483,1.6269962468006098,48.282405358106104,12.374768966440898,26.974728407820596,2.329662463821853,99.32404262624046,8.590860831813416
0,100,0,374.8684879888344,1.6392342724612545,49.02466122536903,12.507573697427729,27.14413686928039,2.353438268825698,99.54911790120516,8.629425741219983
